color,pu_borough,do_borough,month_num,day_of_week,hour_of_day,avg_total_amount
green,Bronx,Bronx,1,Friday,0,10.44
green,Bronx,Bronx,1,Friday,1,10.7
green,Bronx,Bronx,1,Friday,2,11.23
green,Bronx,Bronx,1,Friday,3,11.21
green,Bronx,Bronx,1,Friday,4,11.58
green,Bronx,Bronx,1,Friday,5,10.88
green,Bronx,Bronx,1,Friday,6,11.26
green,Bronx,Bronx,1,Friday,7,11.27
green,Bronx,Bronx,1,Friday,8,11.28
green,Bronx,Bronx,1,Friday,9,11.18
green,Bronx,Bronx,1,Friday,10,11.63
green,Bronx,Bronx,1,Friday,11,11.88
green,Bronx,Bronx,1,Friday,12,11.79
green,Bronx,Bronx,1,Friday,13,11.53
green,Bronx,Bronx,1,Friday,14,11.75
green,Bronx,Bronx,1,Friday,15,11.97
green,Bronx,Bronx,1,Friday,16,12.49
green,Bronx,Bronx,1,Friday,17,12.58
green,Bronx,Bronx,1,Friday,18,11.83
green,Bronx,Bronx,1,Friday,19,11.7
green,Bronx,Bronx,1,Friday,20,11.17
green,Bronx,Bronx,1,Friday,21,10.68
green,Bronx,Bronx,1,Friday,22,10.7
green,Bronx,Bronx,1,Friday,23,10.57
green,Bronx,Bronx,1,Monday,0,10.21
green,Bronx,Bronx,1,Monday,1,10.34
green,Bronx,Bronx,1,Monday,2,10.85
green,Bronx,Bronx,1,Monday,3,10.15
green,Bronx,Bronx,1,Monday,4,11.25
green,Bronx,Bronx,1,Monday,5,11.57
green,Bronx,Bronx,1,Monday,6,11.18
green,Bronx,Bronx,1,Monday,7,11.43
green,Bronx,Bronx,1,Monday,8,11.46
green,Bronx,Bronx,1,Monday,9,11.54
green,Bronx,Bronx,1,Monday,10,11.76
green,Bronx,Bronx,1,Monday,11,11.8
green,Bronx,Bronx,1,Monday,12,11.89
green,Bronx,Bronx,1,Monday,13,11.76
green,Bronx,Bronx,1,Monday,14,12.05
green,Bronx,Bronx,1,Monday,15,12.24
green,Bronx,Bronx,1,Monday,16,12.6
green,Bronx,Bronx,1,Monday,17,12.21
green,Bronx,Bronx,1,Monday,18,11.68
green,Bronx,Bronx,1,Monday,19,11.05
green,Bronx,Bronx,1,Monday,20,11.22
green,Bronx,Bronx,1,Monday,21,10.58
green,Bronx,Bronx,1,Monday,22,10.85
green,Bronx,Bronx,1,Monday,23,10.54
green,Bronx,Bronx,1,Saturday,0,10.59
green,Bronx,Bronx,1,Saturday,1,10.36
green,Bronx,Bronx,1,Saturday,2,10.4
green,Bronx,Bronx,1,Saturday,3,11.26
green,Bronx,Bronx,1,Saturday,4,11.47
green,Bronx,Bronx,1,Saturday,5,10.8
green,Bronx,Bronx,1,Saturday,6,10.54
green,Bronx,Bronx,1,Saturday,7,10.59
green,Bronx,Bronx,1,Saturday,8,11.25
green,Bronx,Bronx,1,Saturday,9,10.86
green,Bronx,Bronx,1,Saturday,10,11.18
green,Bronx,Bronx,1,Saturday,11,11.31
green,Bronx,Bronx,1,Saturday,12,11.12
green,Bronx,Bronx,1,Saturday,13,11.32
green,Bronx,Bronx,1,Saturday,14,11.53
green,Bronx,Bronx,1,Saturday,15,11.45
green,Bronx,Bronx,1,Saturday,16,11
green,Bronx,Bronx,1,Saturday,17,11.39
green,Bronx,Bronx,1,Saturday,18,10.82
green,Bronx,Bronx,1,Saturday,19,11.27
green,Bronx,Bronx,1,Saturday,20,11.11
green,Bronx,Bronx,1,Saturday,21,11.26
green,Bronx,Bronx,1,Saturday,22,10.95
green,Bronx,Bronx,1,Saturday,23,11.07
green,Bronx,Bronx,1,Sunday,0,10.52
green,Bronx,Bronx,1,Sunday,1,10.93
green,Bronx,Bronx,1,Sunday,2,10.95
green,Bronx,Bronx,1,Sunday,3,11.11
green,Bronx,Bronx,1,Sunday,4,11.25
green,Bronx,Bronx,1,Sunday,5,10.47
green,Bronx,Bronx,1,Sunday,6,10.15
green,Bronx,Bronx,1,Sunday,7,11.31
green,Bronx,Bronx,1,Sunday,8,11.64
green,Bronx,Bronx,1,Sunday,9,11.26
green,Bronx,Bronx,1,Sunday,10,11.2
green,Bronx,Bronx,1,Sunday,11,10.93
green,Bronx,Bronx,1,Sunday,12,11.18
green,Bronx,Bronx,1,Sunday,13,11.69
green,Bronx,Bronx,1,Sunday,14,11.39
green,Bronx,Bronx,1,Sunday,15,11.49
green,Bronx,Bronx,1,Sunday,16,11.44
green,Bronx,Bronx,1,Sunday,17,11.13
green,Bronx,Bronx,1,Sunday,18,10.94
green,Bronx,Bronx,1,Sunday,19,10.98
green,Bronx,Bronx,1,Sunday,20,11.4
green,Bronx,Bronx,1,Sunday,21,11.02
green,Bronx,Bronx,1,Sunday,22,10.8
green,Bronx,Bronx,1,Sunday,23,10.47
green,Bronx,Bronx,1,Thursday,0,10.73
green,Bronx,Bronx,1,Thursday,1,11.06
green,Bronx,Bronx,1,Thursday,2,10.8
green,Bronx,Bronx,1,Thursday,3,10.75
green,Bronx,Bronx,1,Thursday,4,11.74
green,Bronx,Bronx,1,Thursday,5,11.23
green,Bronx,Bronx,1,Thursday,6,11.55
green,Bronx,Bronx,1,Thursday,7,11.22
green,Bronx,Bronx,1,Thursday,8,11.18
green,Bronx,Bronx,1,Thursday,9,11.21
green,Bronx,Bronx,1,Thursday,10,11.59
green,Bronx,Bronx,1,Thursday,11,11.89
green,Bronx,Bronx,1,Thursday,12,12.06
green,Bronx,Bronx,1,Thursday,13,11.68
green,Bronx,Bronx,1,Thursday,14,12.05
green,Bronx,Bronx,1,Thursday,15,11.93
green,Bronx,Bronx,1,Thursday,16,12.59
green,Bronx,Bronx,1,Thursday,17,12.62
green,Bronx,Bronx,1,Thursday,18,11.89
green,Bronx,Bronx,1,Thursday,19,11.3
green,Bronx,Bronx,1,Thursday,20,11.11
green,Bronx,Bronx,1,Thursday,21,10.45
green,Bronx,Bronx,1,Thursday,22,10.54
green,Bronx,Bronx,1,Thursday,23,10.69
green,Bronx,Bronx,1,Tuesday,0,10.72
green,Bronx,Bronx,1,Tuesday,1,11.03
green,Bronx,Bronx,1,Tuesday,2,10.28
green,Bronx,Bronx,1,Tuesday,3,10.62
green,Bronx,Bronx,1,Tuesday,4,11.27
green,Bronx,Bronx,1,Tuesday,5,12.36
green,Bronx,Bronx,1,Tuesday,6,12.34
green,Bronx,Bronx,1,Tuesday,7,11.57
green,Bronx,Bronx,1,Tuesday,8,11.37
green,Bronx,Bronx,1,Tuesday,9,11.73
green,Bronx,Bronx,1,Tuesday,10,11.96
green,Bronx,Bronx,1,Tuesday,11,12.56
green,Bronx,Bronx,1,Tuesday,12,12.4
green,Bronx,Bronx,1,Tuesday,13,12.04
green,Bronx,Bronx,1,Tuesday,14,12.3
green,Bronx,Bronx,1,Tuesday,15,12.79
green,Bronx,Bronx,1,Tuesday,16,13.36
green,Bronx,Bronx,1,Tuesday,17,13.07
green,Bronx,Bronx,1,Tuesday,18,11.75
green,Bronx,Bronx,1,Tuesday,19,11.85
green,Bronx,Bronx,1,Tuesday,20,11.07
green,Bronx,Bronx,1,Tuesday,21,10.71
green,Bronx,Bronx,1,Tuesday,22,11.31
green,Bronx,Bronx,1,Tuesday,23,10.99
green,Bronx,Bronx,1,Wednesday,0,10.75
green,Bronx,Bronx,1,Wednesday,1,11.17
green,Bronx,Bronx,1,Wednesday,2,11.29
green,Bronx,Bronx,1,Wednesday,3,11.42
green,Bronx,Bronx,1,Wednesday,4,11.69
green,Bronx,Bronx,1,Wednesday,5,12.29
green,Bronx,Bronx,1,Wednesday,6,11.8
green,Bronx,Bronx,1,Wednesday,7,11.44
green,Bronx,Bronx,1,Wednesday,8,11.38
green,Bronx,Bronx,1,Wednesday,9,11.64
green,Bronx,Bronx,1,Wednesday,10,11.75
green,Bronx,Bronx,1,Wednesday,11,12.19
green,Bronx,Bronx,1,Wednesday,12,11.95
green,Bronx,Bronx,1,Wednesday,13,12.2
green,Bronx,Bronx,1,Wednesday,14,12.28
green,Bronx,Bronx,1,Wednesday,15,12.39
green,Bronx,Bronx,1,Wednesday,16,12.95
green,Bronx,Bronx,1,Wednesday,17,12.75
green,Bronx,Bronx,1,Wednesday,18,12.06
green,Bronx,Bronx,1,Wednesday,19,11.64
green,Bronx,Bronx,1,Wednesday,20,11.26
green,Bronx,Bronx,1,Wednesday,21,10.79
green,Bronx,Bronx,1,Wednesday,22,10.6
green,Bronx,Bronx,1,Wednesday,23,10.52
green,Bronx,Bronx,2,Friday,0,10.1
green,Bronx,Bronx,2,Friday,1,10.2
green,Bronx,Bronx,2,Friday,2,10.03
green,Bronx,Bronx,2,Friday,3,9.63
green,Bronx,Bronx,2,Friday,4,11.16
green,Bronx,Bronx,2,Friday,5,10.85
green,Bronx,Bronx,2,Friday,6,11.36
green,Bronx,Bronx,2,Friday,7,11.8
green,Bronx,Bronx,2,Friday,8,11.33
green,Bronx,Bronx,2,Friday,9,11.33
green,Bronx,Bronx,2,Friday,10,11.47
green,Bronx,Bronx,2,Friday,11,12.01
green,Bronx,Bronx,2,Friday,12,11.51
green,Bronx,Bronx,2,Friday,13,11.5
green,Bronx,Bronx,2,Friday,14,12.09
green,Bronx,Bronx,2,Friday,15,12.29
green,Bronx,Bronx,2,Friday,16,12.9
green,Bronx,Bronx,2,Friday,17,12.92
green,Bronx,Bronx,2,Friday,18,12.56
green,Bronx,Bronx,2,Friday,19,12.02
green,Bronx,Bronx,2,Friday,20,11.4
green,Bronx,Bronx,2,Friday,21,11.33
green,Bronx,Bronx,2,Friday,22,11.06
green,Bronx,Bronx,2,Friday,23,11.03
green,Bronx,Bronx,2,Monday,0,10.45
green,Bronx,Bronx,2,Monday,1,10.26
green,Bronx,Bronx,2,Monday,2,9.92
green,Bronx,Bronx,2,Monday,3,9.76
green,Bronx,Bronx,2,Monday,4,10.81
green,Bronx,Bronx,2,Monday,5,11.1
green,Bronx,Bronx,2,Monday,6,11.56
green,Bronx,Bronx,2,Monday,7,11.53
green,Bronx,Bronx,2,Monday,8,11.52
green,Bronx,Bronx,2,Monday,9,11.32
green,Bronx,Bronx,2,Monday,10,11.76
green,Bronx,Bronx,2,Monday,11,11.66
green,Bronx,Bronx,2,Monday,12,11.6
green,Bronx,Bronx,2,Monday,13,11.88
green,Bronx,Bronx,2,Monday,14,11.87
green,Bronx,Bronx,2,Monday,15,11.97
green,Bronx,Bronx,2,Monday,16,13.04
green,Bronx,Bronx,2,Monday,17,12.45
green,Bronx,Bronx,2,Monday,18,11.8
green,Bronx,Bronx,2,Monday,19,11.38
green,Bronx,Bronx,2,Monday,20,11.29
green,Bronx,Bronx,2,Monday,21,10.81
green,Bronx,Bronx,2,Monday,22,10.64
green,Bronx,Bronx,2,Monday,23,10.63
green,Bronx,Bronx,2,Saturday,0,10.91
green,Bronx,Bronx,2,Saturday,1,10.88
green,Bronx,Bronx,2,Saturday,2,10.72
green,Bronx,Bronx,2,Saturday,3,11.03
green,Bronx,Bronx,2,Saturday,4,11.24
green,Bronx,Bronx,2,Saturday,5,11.05
green,Bronx,Bronx,2,Saturday,6,9.84
green,Bronx,Bronx,2,Saturday,7,10.47
green,Bronx,Bronx,2,Saturday,8,11
green,Bronx,Bronx,2,Saturday,9,11.18
green,Bronx,Bronx,2,Saturday,10,10.98
green,Bronx,Bronx,2,Saturday,11,11.49
green,Bronx,Bronx,2,Saturday,12,11.49
green,Bronx,Bronx,2,Saturday,13,11.28
green,Bronx,Bronx,2,Saturday,14,11.48
green,Bronx,Bronx,2,Saturday,15,11.42
green,Bronx,Bronx,2,Saturday,16,11.32
green,Bronx,Bronx,2,Saturday,17,11.38
green,Bronx,Bronx,2,Saturday,18,11.73
green,Bronx,Bronx,2,Saturday,19,11.39
green,Bronx,Bronx,2,Saturday,20,11.56
green,Bronx,Bronx,2,Saturday,21,11.56
green,Bronx,Bronx,2,Saturday,22,11.34
green,Bronx,Bronx,2,Saturday,23,11.33
green,Bronx,Bronx,2,Sunday,0,11.12
green,Bronx,Bronx,2,Sunday,1,11.15
green,Bronx,Bronx,2,Sunday,2,11.22
green,Bronx,Bronx,2,Sunday,3,11.5
green,Bronx,Bronx,2,Sunday,4,11.82
green,Bronx,Bronx,2,Sunday,5,10.21
green,Bronx,Bronx,2,Sunday,6,9.9
green,Bronx,Bronx,2,Sunday,7,10.82
green,Bronx,Bronx,2,Sunday,8,10.87
green,Bronx,Bronx,2,Sunday,9,11.4
green,Bronx,Bronx,2,Sunday,10,11.45
green,Bronx,Bronx,2,Sunday,11,11.17
green,Bronx,Bronx,2,Sunday,12,11.19
green,Bronx,Bronx,2,Sunday,13,11.34
green,Bronx,Bronx,2,Sunday,14,11.42
green,Bronx,Bronx,2,Sunday,15,11.31
green,Bronx,Bronx,2,Sunday,16,11.15
green,Bronx,Bronx,2,Sunday,17,11.34
green,Bronx,Bronx,2,Sunday,18,11.23
green,Bronx,Bronx,2,Sunday,19,10.95
green,Bronx,Bronx,2,Sunday,20,11.26
green,Bronx,Bronx,2,Sunday,21,10.77
green,Bronx,Bronx,2,Sunday,22,10.91
green,Bronx,Bronx,2,Sunday,23,10.88
green,Bronx,Bronx,2,Thursday,0,10.08
green,Bronx,Bronx,2,Thursday,1,9.69
green,Bronx,Bronx,2,Thursday,2,9.66
green,Bronx,Bronx,2,Thursday,3,9.94
green,Bronx,Bronx,2,Thursday,4,10.32
green,Bronx,Bronx,2,Thursday,5,10.97
green,Bronx,Bronx,2,Thursday,6,11.42
green,Bronx,Bronx,2,Thursday,7,11.52
green,Bronx,Bronx,2,Thursday,8,11.72
green,Bronx,Bronx,2,Thursday,9,11.55
green,Bronx,Bronx,2,Thursday,10,11.7
green,Bronx,Bronx,2,Thursday,11,11.89
green,Bronx,Bronx,2,Thursday,12,11.83
green,Bronx,Bronx,2,Thursday,13,11.87
green,Bronx,Bronx,2,Thursday,14,11.98
green,Bronx,Bronx,2,Thursday,15,11.9
green,Bronx,Bronx,2,Thursday,16,12.77
green,Bronx,Bronx,2,Thursday,17,12.63
green,Bronx,Bronx,2,Thursday,18,11.85
green,Bronx,Bronx,2,Thursday,19,11.72
green,Bronx,Bronx,2,Thursday,20,11.3
green,Bronx,Bronx,2,Thursday,21,10.49
green,Bronx,Bronx,2,Thursday,22,10.73
green,Bronx,Bronx,2,Thursday,23,10.27
green,Bronx,Bronx,2,Tuesday,0,10.25
green,Bronx,Bronx,2,Tuesday,1,10.28
green,Bronx,Bronx,2,Tuesday,2,9.81
green,Bronx,Bronx,2,Tuesday,3,10.29
green,Bronx,Bronx,2,Tuesday,4,9.83
green,Bronx,Bronx,2,Tuesday,5,11.62
green,Bronx,Bronx,2,Tuesday,6,11.27
green,Bronx,Bronx,2,Tuesday,7,11.42
green,Bronx,Bronx,2,Tuesday,8,11.37
green,Bronx,Bronx,2,Tuesday,9,11.24
green,Bronx,Bronx,2,Tuesday,10,11.76
green,Bronx,Bronx,2,Tuesday,11,12.07
green,Bronx,Bronx,2,Tuesday,12,11.84
green,Bronx,Bronx,2,Tuesday,13,11.87
green,Bronx,Bronx,2,Tuesday,14,11.56
green,Bronx,Bronx,2,Tuesday,15,12.01
green,Bronx,Bronx,2,Tuesday,16,12.89
green,Bronx,Bronx,2,Tuesday,17,12.51
green,Bronx,Bronx,2,Tuesday,18,12.07
green,Bronx,Bronx,2,Tuesday,19,11.5
green,Bronx,Bronx,2,Tuesday,20,11.05
green,Bronx,Bronx,2,Tuesday,21,10.84
green,Bronx,Bronx,2,Tuesday,22,10.36
green,Bronx,Bronx,2,Tuesday,23,10.67
green,Bronx,Bronx,2,Wednesday,0,10.49
green,Bronx,Bronx,2,Wednesday,1,9.99
green,Bronx,Bronx,2,Wednesday,2,10.27
green,Bronx,Bronx,2,Wednesday,3,10
green,Bronx,Bronx,2,Wednesday,4,11.52
green,Bronx,Bronx,2,Wednesday,5,11.31
green,Bronx,Bronx,2,Wednesday,6,11.96
green,Bronx,Bronx,2,Wednesday,7,11.82
green,Bronx,Bronx,2,Wednesday,8,11.53
green,Bronx,Bronx,2,Wednesday,9,11.41
green,Bronx,Bronx,2,Wednesday,10,11.43
green,Bronx,Bronx,2,Wednesday,11,11.91
green,Bronx,Bronx,2,Wednesday,12,11.83
green,Bronx,Bronx,2,Wednesday,13,11.68
green,Bronx,Bronx,2,Wednesday,14,11.93
green,Bronx,Bronx,2,Wednesday,15,11.95
green,Bronx,Bronx,2,Wednesday,16,12.97
green,Bronx,Bronx,2,Wednesday,17,12.73
green,Bronx,Bronx,2,Wednesday,18,12.04
green,Bronx,Bronx,2,Wednesday,19,11.57
green,Bronx,Bronx,2,Wednesday,20,11.07
green,Bronx,Bronx,2,Wednesday,21,10.93
green,Bronx,Bronx,2,Wednesday,22,10.88
green,Bronx,Bronx,2,Wednesday,23,10.38
green,Bronx,Bronx,3,Friday,0,10.23
green,Bronx,Bronx,3,Friday,1,10.27
green,Bronx,Bronx,3,Friday,2,10.19
green,Bronx,Bronx,3,Friday,3,10.21
green,Bronx,Bronx,3,Friday,4,10.87
green,Bronx,Bronx,3,Friday,5,10.58
green,Bronx,Bronx,3,Friday,6,10.97
green,Bronx,Bronx,3,Friday,7,11.64
green,Bronx,Bronx,3,Friday,8,11.53
green,Bronx,Bronx,3,Friday,9,11.62
green,Bronx,Bronx,3,Friday,10,11.99
green,Bronx,Bronx,3,Friday,11,11.86
green,Bronx,Bronx,3,Friday,12,11.64
green,Bronx,Bronx,3,Friday,13,11.65
green,Bronx,Bronx,3,Friday,14,12.29
green,Bronx,Bronx,3,Friday,15,12.55
green,Bronx,Bronx,3,Friday,16,13.02
green,Bronx,Bronx,3,Friday,17,13.05
green,Bronx,Bronx,3,Friday,18,12.29
green,Bronx,Bronx,3,Friday,19,12.17
green,Bronx,Bronx,3,Friday,20,11.54
green,Bronx,Bronx,3,Friday,21,11.22
green,Bronx,Bronx,3,Friday,22,11.27
green,Bronx,Bronx,3,Friday,23,10.88
green,Bronx,Bronx,3,Monday,0,10.09
green,Bronx,Bronx,3,Monday,1,10.15
green,Bronx,Bronx,3,Monday,2,10
green,Bronx,Bronx,3,Monday,3,9.67
green,Bronx,Bronx,3,Monday,4,10.68
green,Bronx,Bronx,3,Monday,5,10.42
green,Bronx,Bronx,3,Monday,6,11.07
green,Bronx,Bronx,3,Monday,7,11.45
green,Bronx,Bronx,3,Monday,8,11.16
green,Bronx,Bronx,3,Monday,9,11.11
green,Bronx,Bronx,3,Monday,10,11.49
green,Bronx,Bronx,3,Monday,11,11.4
green,Bronx,Bronx,3,Monday,12,11.64
green,Bronx,Bronx,3,Monday,13,11.28
green,Bronx,Bronx,3,Monday,14,11.64
green,Bronx,Bronx,3,Monday,15,11.89
green,Bronx,Bronx,3,Monday,16,12.44
green,Bronx,Bronx,3,Monday,17,12.36
green,Bronx,Bronx,3,Monday,18,11.51
green,Bronx,Bronx,3,Monday,19,11.32
green,Bronx,Bronx,3,Monday,20,10.68
green,Bronx,Bronx,3,Monday,21,10.81
green,Bronx,Bronx,3,Monday,22,10.61
green,Bronx,Bronx,3,Monday,23,10.5
green,Bronx,Bronx,3,Saturday,0,10.95
green,Bronx,Bronx,3,Saturday,1,10.99
green,Bronx,Bronx,3,Saturday,2,11.09
green,Bronx,Bronx,3,Saturday,3,11.16
green,Bronx,Bronx,3,Saturday,4,11.21
green,Bronx,Bronx,3,Saturday,5,10.78
green,Bronx,Bronx,3,Saturday,6,10.64
green,Bronx,Bronx,3,Saturday,7,10.76
green,Bronx,Bronx,3,Saturday,8,11.08
green,Bronx,Bronx,3,Saturday,9,10.94
green,Bronx,Bronx,3,Saturday,10,11.1
green,Bronx,Bronx,3,Saturday,11,11.34
green,Bronx,Bronx,3,Saturday,12,11.68
green,Bronx,Bronx,3,Saturday,13,11.6
green,Bronx,Bronx,3,Saturday,14,11.43
green,Bronx,Bronx,3,Saturday,15,11.56
green,Bronx,Bronx,3,Saturday,16,11.66
green,Bronx,Bronx,3,Saturday,17,11.45
green,Bronx,Bronx,3,Saturday,18,11.48
green,Bronx,Bronx,3,Saturday,19,11.35
green,Bronx,Bronx,3,Saturday,20,11.65
green,Bronx,Bronx,3,Saturday,21,11.49
green,Bronx,Bronx,3,Saturday,22,11.48
green,Bronx,Bronx,3,Saturday,23,11.64
green,Bronx,Bronx,3,Sunday,0,11.43
green,Bronx,Bronx,3,Sunday,1,11.14
green,Bronx,Bronx,3,Sunday,2,11.11
green,Bronx,Bronx,3,Sunday,3,11.49
green,Bronx,Bronx,3,Sunday,4,11.47
green,Bronx,Bronx,3,Sunday,5,10.79
green,Bronx,Bronx,3,Sunday,6,10.27
green,Bronx,Bronx,3,Sunday,7,10.7
green,Bronx,Bronx,3,Sunday,8,11.49
green,Bronx,Bronx,3,Sunday,9,11.23
green,Bronx,Bronx,3,Sunday,10,10.97
green,Bronx,Bronx,3,Sunday,11,10.7
green,Bronx,Bronx,3,Sunday,12,11.26
green,Bronx,Bronx,3,Sunday,13,11.51
green,Bronx,Bronx,3,Sunday,14,11.58
green,Bronx,Bronx,3,Sunday,15,11.48
green,Bronx,Bronx,3,Sunday,16,11.46
green,Bronx,Bronx,3,Sunday,17,11.16
green,Bronx,Bronx,3,Sunday,18,11.04
green,Bronx,Bronx,3,Sunday,19,11.23
green,Bronx,Bronx,3,Sunday,20,11.39
green,Bronx,Bronx,3,Sunday,21,11.27
green,Bronx,Bronx,3,Sunday,22,10.84
green,Bronx,Bronx,3,Sunday,23,10.81
green,Bronx,Bronx,3,Thursday,0,10.36
green,Bronx,Bronx,3,Thursday,1,10.22
green,Bronx,Bronx,3,Thursday,2,10.39
green,Bronx,Bronx,3,Thursday,3,11.34
green,Bronx,Bronx,3,Thursday,4,10.62
green,Bronx,Bronx,3,Thursday,5,11.59
green,Bronx,Bronx,3,Thursday,6,11.75
green,Bronx,Bronx,3,Thursday,7,11.42
green,Bronx,Bronx,3,Thursday,8,11.32
green,Bronx,Bronx,3,Thursday,9,11.32
green,Bronx,Bronx,3,Thursday,10,11.44
green,Bronx,Bronx,3,Thursday,11,11.75
green,Bronx,Bronx,3,Thursday,12,11.9
green,Bronx,Bronx,3,Thursday,13,11.48
green,Bronx,Bronx,3,Thursday,14,11.93
green,Bronx,Bronx,3,Thursday,15,12.09
green,Bronx,Bronx,3,Thursday,16,12.75
green,Bronx,Bronx,3,Thursday,17,12.61
green,Bronx,Bronx,3,Thursday,18,11.9
green,Bronx,Bronx,3,Thursday,19,11.63
green,Bronx,Bronx,3,Thursday,20,11.13
green,Bronx,Bronx,3,Thursday,21,10.97
green,Bronx,Bronx,3,Thursday,22,10.63
green,Bronx,Bronx,3,Thursday,23,10.31
green,Bronx,Bronx,3,Tuesday,0,10.13
green,Bronx,Bronx,3,Tuesday,1,9.6
green,Bronx,Bronx,3,Tuesday,2,11.67
green,Bronx,Bronx,3,Tuesday,3,10.31
green,Bronx,Bronx,3,Tuesday,4,10.87
green,Bronx,Bronx,3,Tuesday,5,12.14
green,Bronx,Bronx,3,Tuesday,6,11.37
green,Bronx,Bronx,3,Tuesday,7,11.33
green,Bronx,Bronx,3,Tuesday,8,11.33
green,Bronx,Bronx,3,Tuesday,9,11.43
green,Bronx,Bronx,3,Tuesday,10,11.57
green,Bronx,Bronx,3,Tuesday,11,11.78
green,Bronx,Bronx,3,Tuesday,12,11.77
green,Bronx,Bronx,3,Tuesday,13,11.71
green,Bronx,Bronx,3,Tuesday,14,11.97
green,Bronx,Bronx,3,Tuesday,15,12.23
green,Bronx,Bronx,3,Tuesday,16,12.79
green,Bronx,Bronx,3,Tuesday,17,12.81
green,Bronx,Bronx,3,Tuesday,18,11.94
green,Bronx,Bronx,3,Tuesday,19,11.63
green,Bronx,Bronx,3,Tuesday,20,10.94
green,Bronx,Bronx,3,Tuesday,21,11.06
green,Bronx,Bronx,3,Tuesday,22,10.9
green,Bronx,Bronx,3,Tuesday,23,10.68
green,Bronx,Bronx,3,Wednesday,0,10.47
green,Bronx,Bronx,3,Wednesday,1,10.04
green,Bronx,Bronx,3,Wednesday,2,10.19
green,Bronx,Bronx,3,Wednesday,3,10.83
green,Bronx,Bronx,3,Wednesday,4,12.72
green,Bronx,Bronx,3,Wednesday,5,11.14
green,Bronx,Bronx,3,Wednesday,6,11.37
green,Bronx,Bronx,3,Wednesday,7,11.26
green,Bronx,Bronx,3,Wednesday,8,11.4
green,Bronx,Bronx,3,Wednesday,9,11.39
green,Bronx,Bronx,3,Wednesday,10,11.7
green,Bronx,Bronx,3,Wednesday,11,11.62
green,Bronx,Bronx,3,Wednesday,12,11.68
green,Bronx,Bronx,3,Wednesday,13,11.79
green,Bronx,Bronx,3,Wednesday,14,11.99
green,Bronx,Bronx,3,Wednesday,15,12.07
green,Bronx,Bronx,3,Wednesday,16,12.45
green,Bronx,Bronx,3,Wednesday,17,12.55
green,Bronx,Bronx,3,Wednesday,18,12.06
green,Bronx,Bronx,3,Wednesday,19,11.68
green,Bronx,Bronx,3,Wednesday,20,11.01
green,Bronx,Bronx,3,Wednesday,21,10.47
green,Bronx,Bronx,3,Wednesday,22,10.57
green,Bronx,Bronx,3,Wednesday,23,10.4
green,Bronx,Bronx,4,Friday,0,10.31
green,Bronx,Bronx,4,Friday,1,10.46
green,Bronx,Bronx,4,Friday,2,10.39
green,Bronx,Bronx,4,Friday,3,10.46
green,Bronx,Bronx,4,Friday,4,10.91
green,Bronx,Bronx,4,Friday,5,10.72
green,Bronx,Bronx,4,Friday,6,10.68
green,Bronx,Bronx,4,Friday,7,11.15
green,Bronx,Bronx,4,Friday,8,10.84
green,Bronx,Bronx,4,Friday,9,11.21
green,Bronx,Bronx,4,Friday,10,11.24
green,Bronx,Bronx,4,Friday,11,11.65
green,Bronx,Bronx,4,Friday,12,11.48
green,Bronx,Bronx,4,Friday,13,11.54
green,Bronx,Bronx,4,Friday,14,11.7
green,Bronx,Bronx,4,Friday,15,11.94
green,Bronx,Bronx,4,Friday,16,12.74
green,Bronx,Bronx,4,Friday,17,12.72
green,Bronx,Bronx,4,Friday,18,12.12
green,Bronx,Bronx,4,Friday,19,11.88
green,Bronx,Bronx,4,Friday,20,11.47
green,Bronx,Bronx,4,Friday,21,11.48
green,Bronx,Bronx,4,Friday,22,11.69
green,Bronx,Bronx,4,Friday,23,11.45
green,Bronx,Bronx,4,Monday,0,10.84
green,Bronx,Bronx,4,Monday,1,10.87
green,Bronx,Bronx,4,Monday,2,10.3
green,Bronx,Bronx,4,Monday,3,9.77
green,Bronx,Bronx,4,Monday,4,11.19
green,Bronx,Bronx,4,Monday,5,10.3
green,Bronx,Bronx,4,Monday,6,10.92
green,Bronx,Bronx,4,Monday,7,11.19
green,Bronx,Bronx,4,Monday,8,11
green,Bronx,Bronx,4,Monday,9,11.25
green,Bronx,Bronx,4,Monday,10,11.31
green,Bronx,Bronx,4,Monday,11,11.62
green,Bronx,Bronx,4,Monday,12,11.66
green,Bronx,Bronx,4,Monday,13,11.77
green,Bronx,Bronx,4,Monday,14,11.75
green,Bronx,Bronx,4,Monday,15,12.21
green,Bronx,Bronx,4,Monday,16,13.29
green,Bronx,Bronx,4,Monday,17,12.48
green,Bronx,Bronx,4,Monday,18,11.92
green,Bronx,Bronx,4,Monday,19,11.41
green,Bronx,Bronx,4,Monday,20,11.13
green,Bronx,Bronx,4,Monday,21,10.69
green,Bronx,Bronx,4,Monday,22,10.94
green,Bronx,Bronx,4,Monday,23,11.09
green,Bronx,Bronx,4,Saturday,0,10.97
green,Bronx,Bronx,4,Saturday,1,11.03
green,Bronx,Bronx,4,Saturday,2,11.07
green,Bronx,Bronx,4,Saturday,3,11.37
green,Bronx,Bronx,4,Saturday,4,11.48
green,Bronx,Bronx,4,Saturday,5,10.7
green,Bronx,Bronx,4,Saturday,6,11.1
green,Bronx,Bronx,4,Saturday,7,10.54
green,Bronx,Bronx,4,Saturday,8,11.14
green,Bronx,Bronx,4,Saturday,9,11.07
green,Bronx,Bronx,4,Saturday,10,10.99
green,Bronx,Bronx,4,Saturday,11,11.14
green,Bronx,Bronx,4,Saturday,12,11.63
green,Bronx,Bronx,4,Saturday,13,11.57
green,Bronx,Bronx,4,Saturday,14,11.7
green,Bronx,Bronx,4,Saturday,15,11.52
green,Bronx,Bronx,4,Saturday,16,12.17
green,Bronx,Bronx,4,Saturday,17,11.66
green,Bronx,Bronx,4,Saturday,18,11.51
green,Bronx,Bronx,4,Saturday,19,11.25
green,Bronx,Bronx,4,Saturday,20,11.65
green,Bronx,Bronx,4,Saturday,21,11.59
green,Bronx,Bronx,4,Saturday,22,11.45
green,Bronx,Bronx,4,Saturday,23,11.57
green,Bronx,Bronx,4,Sunday,0,11.19
green,Bronx,Bronx,4,Sunday,1,11
green,Bronx,Bronx,4,Sunday,2,11.51
green,Bronx,Bronx,4,Sunday,3,11.48
green,Bronx,Bronx,4,Sunday,4,11.6
green,Bronx,Bronx,4,Sunday,5,10.91
green,Bronx,Bronx,4,Sunday,6,10.58
green,Bronx,Bronx,4,Sunday,7,10.61
green,Bronx,Bronx,4,Sunday,8,11.44
green,Bronx,Bronx,4,Sunday,9,11.28
green,Bronx,Bronx,4,Sunday,10,11.03
green,Bronx,Bronx,4,Sunday,11,11.16
green,Bronx,Bronx,4,Sunday,12,11.29
green,Bronx,Bronx,4,Sunday,13,11.49
green,Bronx,Bronx,4,Sunday,14,11.61
green,Bronx,Bronx,4,Sunday,15,11.57
green,Bronx,Bronx,4,Sunday,16,11.48
green,Bronx,Bronx,4,Sunday,17,11.52
green,Bronx,Bronx,4,Sunday,18,11.78
green,Bronx,Bronx,4,Sunday,19,11.33
green,Bronx,Bronx,4,Sunday,20,11.41
green,Bronx,Bronx,4,Sunday,21,11.54
green,Bronx,Bronx,4,Sunday,22,11.5
green,Bronx,Bronx,4,Sunday,23,11.03
green,Bronx,Bronx,4,Thursday,0,10.47
green,Bronx,Bronx,4,Thursday,1,9.89
green,Bronx,Bronx,4,Thursday,2,10.09
green,Bronx,Bronx,4,Thursday,3,10
green,Bronx,Bronx,4,Thursday,4,11.31
green,Bronx,Bronx,4,Thursday,5,10.66
green,Bronx,Bronx,4,Thursday,6,10.95
green,Bronx,Bronx,4,Thursday,7,11.27
green,Bronx,Bronx,4,Thursday,8,10.93
green,Bronx,Bronx,4,Thursday,9,11.38
green,Bronx,Bronx,4,Thursday,10,11.39
green,Bronx,Bronx,4,Thursday,11,11.43
green,Bronx,Bronx,4,Thursday,12,11.64
green,Bronx,Bronx,4,Thursday,13,11.87
green,Bronx,Bronx,4,Thursday,14,11.84
green,Bronx,Bronx,4,Thursday,15,12.43
green,Bronx,Bronx,4,Thursday,16,12.83
green,Bronx,Bronx,4,Thursday,17,12.56
green,Bronx,Bronx,4,Thursday,18,11.76
green,Bronx,Bronx,4,Thursday,19,11.44
green,Bronx,Bronx,4,Thursday,20,11.13
green,Bronx,Bronx,4,Thursday,21,11.15
green,Bronx,Bronx,4,Thursday,22,11.07
green,Bronx,Bronx,4,Thursday,23,10.53
green,Bronx,Bronx,4,Tuesday,0,10.82
green,Bronx,Bronx,4,Tuesday,1,10.29
green,Bronx,Bronx,4,Tuesday,2,9.92
green,Bronx,Bronx,4,Tuesday,3,10
green,Bronx,Bronx,4,Tuesday,4,11.04
green,Bronx,Bronx,4,Tuesday,5,11.34
green,Bronx,Bronx,4,Tuesday,6,11.6
green,Bronx,Bronx,4,Tuesday,7,11.19
green,Bronx,Bronx,4,Tuesday,8,10.9
green,Bronx,Bronx,4,Tuesday,9,11.13
green,Bronx,Bronx,4,Tuesday,10,11.51
green,Bronx,Bronx,4,Tuesday,11,11.57
green,Bronx,Bronx,4,Tuesday,12,11.6
green,Bronx,Bronx,4,Tuesday,13,11.78
green,Bronx,Bronx,4,Tuesday,14,11.67
green,Bronx,Bronx,4,Tuesday,15,12.12
green,Bronx,Bronx,4,Tuesday,16,12.8
green,Bronx,Bronx,4,Tuesday,17,12.48
green,Bronx,Bronx,4,Tuesday,18,11.83
green,Bronx,Bronx,4,Tuesday,19,11.8
green,Bronx,Bronx,4,Tuesday,20,11.1
green,Bronx,Bronx,4,Tuesday,21,11.12
green,Bronx,Bronx,4,Tuesday,22,10.96
green,Bronx,Bronx,4,Tuesday,23,10.7
green,Bronx,Bronx,4,Wednesday,0,10.26
green,Bronx,Bronx,4,Wednesday,1,10.16
green,Bronx,Bronx,4,Wednesday,2,9.97
green,Bronx,Bronx,4,Wednesday,3,10.8
green,Bronx,Bronx,4,Wednesday,4,10.95
green,Bronx,Bronx,4,Wednesday,5,10.49
green,Bronx,Bronx,4,Wednesday,6,10.9
green,Bronx,Bronx,4,Wednesday,7,11.08
green,Bronx,Bronx,4,Wednesday,8,10.82
green,Bronx,Bronx,4,Wednesday,9,11.25
green,Bronx,Bronx,4,Wednesday,10,11.2
green,Bronx,Bronx,4,Wednesday,11,11.69
green,Bronx,Bronx,4,Wednesday,12,11.56
green,Bronx,Bronx,4,Wednesday,13,11.35
green,Bronx,Bronx,4,Wednesday,14,11.75
green,Bronx,Bronx,4,Wednesday,15,11.96
green,Bronx,Bronx,4,Wednesday,16,12.56
green,Bronx,Bronx,4,Wednesday,17,12.58
green,Bronx,Bronx,4,Wednesday,18,11.87
green,Bronx,Bronx,4,Wednesday,19,11.38
green,Bronx,Bronx,4,Wednesday,20,10.89
green,Bronx,Bronx,4,Wednesday,21,10.97
green,Bronx,Bronx,4,Wednesday,22,10.98
green,Bronx,Bronx,4,Wednesday,23,10.61
green,Bronx,Bronx,5,Friday,0,10.55
green,Bronx,Bronx,5,Friday,1,10.57
green,Bronx,Bronx,5,Friday,2,9.87
green,Bronx,Bronx,5,Friday,3,9.97
green,Bronx,Bronx,5,Friday,4,11.13
green,Bronx,Bronx,5,Friday,5,10.4
green,Bronx,Bronx,5,Friday,6,10.9
green,Bronx,Bronx,5,Friday,7,11.03
green,Bronx,Bronx,5,Friday,8,11.32
green,Bronx,Bronx,5,Friday,9,11.41
green,Bronx,Bronx,5,Friday,10,11.41
green,Bronx,Bronx,5,Friday,11,11.74
green,Bronx,Bronx,5,Friday,12,11.73
green,Bronx,Bronx,5,Friday,13,11.44
green,Bronx,Bronx,5,Friday,14,11.85
green,Bronx,Bronx,5,Friday,15,12.36
green,Bronx,Bronx,5,Friday,16,13.16
green,Bronx,Bronx,5,Friday,17,13.03
green,Bronx,Bronx,5,Friday,18,12.27
green,Bronx,Bronx,5,Friday,19,11.92
green,Bronx,Bronx,5,Friday,20,11.24
green,Bronx,Bronx,5,Friday,21,11.28
green,Bronx,Bronx,5,Friday,22,11.48
green,Bronx,Bronx,5,Friday,23,11.03
green,Bronx,Bronx,5,Monday,0,10.62
green,Bronx,Bronx,5,Monday,1,9.94
green,Bronx,Bronx,5,Monday,2,10.62
green,Bronx,Bronx,5,Monday,3,10.82
green,Bronx,Bronx,5,Monday,4,10.97
green,Bronx,Bronx,5,Monday,5,10.27
green,Bronx,Bronx,5,Monday,6,10.82
green,Bronx,Bronx,5,Monday,7,11.02
green,Bronx,Bronx,5,Monday,8,10.83
green,Bronx,Bronx,5,Monday,9,11.07
green,Bronx,Bronx,5,Monday,10,11.54
green,Bronx,Bronx,5,Monday,11,11.43
green,Bronx,Bronx,5,Monday,12,11.74
green,Bronx,Bronx,5,Monday,13,11.77
green,Bronx,Bronx,5,Monday,14,11.71
green,Bronx,Bronx,5,Monday,15,12.32
green,Bronx,Bronx,5,Monday,16,12.86
green,Bronx,Bronx,5,Monday,17,12.44
green,Bronx,Bronx,5,Monday,18,11.85
green,Bronx,Bronx,5,Monday,19,11.76
green,Bronx,Bronx,5,Monday,20,10.92
green,Bronx,Bronx,5,Monday,21,10.89
green,Bronx,Bronx,5,Monday,22,11.14
green,Bronx,Bronx,5,Monday,23,10.6
green,Bronx,Bronx,5,Saturday,0,10.95
green,Bronx,Bronx,5,Saturday,1,10.87
green,Bronx,Bronx,5,Saturday,2,10.71
green,Bronx,Bronx,5,Saturday,3,11.07
green,Bronx,Bronx,5,Saturday,4,11.55
green,Bronx,Bronx,5,Saturday,5,10.33
green,Bronx,Bronx,5,Saturday,6,10.49
green,Bronx,Bronx,5,Saturday,7,10.38
green,Bronx,Bronx,5,Saturday,8,11
green,Bronx,Bronx,5,Saturday,9,10.94
green,Bronx,Bronx,5,Saturday,10,10.67
green,Bronx,Bronx,5,Saturday,11,10.92
green,Bronx,Bronx,5,Saturday,12,11.82
green,Bronx,Bronx,5,Saturday,13,11.35
green,Bronx,Bronx,5,Saturday,14,11.53
green,Bronx,Bronx,5,Saturday,15,11.64
green,Bronx,Bronx,5,Saturday,16,11.93
green,Bronx,Bronx,5,Saturday,17,11.6
green,Bronx,Bronx,5,Saturday,18,11.41
green,Bronx,Bronx,5,Saturday,19,11.06
green,Bronx,Bronx,5,Saturday,20,11.88
green,Bronx,Bronx,5,Saturday,21,11.85
green,Bronx,Bronx,5,Saturday,22,11.58
green,Bronx,Bronx,5,Saturday,23,11.27
green,Bronx,Bronx,5,Sunday,0,11.31
green,Bronx,Bronx,5,Sunday,1,11.35
green,Bronx,Bronx,5,Sunday,2,11.32
green,Bronx,Bronx,5,Sunday,3,11.44
green,Bronx,Bronx,5,Sunday,4,11.38
green,Bronx,Bronx,5,Sunday,5,11
green,Bronx,Bronx,5,Sunday,6,10.3
green,Bronx,Bronx,5,Sunday,7,10.94
green,Bronx,Bronx,5,Sunday,8,11.41
green,Bronx,Bronx,5,Sunday,9,11.4
green,Bronx,Bronx,5,Sunday,10,10.91
green,Bronx,Bronx,5,Sunday,11,11.04
green,Bronx,Bronx,5,Sunday,12,11.15
green,Bronx,Bronx,5,Sunday,13,11.69
green,Bronx,Bronx,5,Sunday,14,11.69
green,Bronx,Bronx,5,Sunday,15,11.74
green,Bronx,Bronx,5,Sunday,16,11.63
green,Bronx,Bronx,5,Sunday,17,11.59
green,Bronx,Bronx,5,Sunday,18,11.49
green,Bronx,Bronx,5,Sunday,19,11.18
green,Bronx,Bronx,5,Sunday,20,11.54
green,Bronx,Bronx,5,Sunday,21,11.53
green,Bronx,Bronx,5,Sunday,22,11.23
green,Bronx,Bronx,5,Sunday,23,11.12
green,Bronx,Bronx,5,Thursday,0,10.3
green,Bronx,Bronx,5,Thursday,1,9.87
green,Bronx,Bronx,5,Thursday,2,9.91
green,Bronx,Bronx,5,Thursday,3,9.59
green,Bronx,Bronx,5,Thursday,4,11.88
green,Bronx,Bronx,5,Thursday,5,12.01
green,Bronx,Bronx,5,Thursday,6,11.27
green,Bronx,Bronx,5,Thursday,7,11.51
green,Bronx,Bronx,5,Thursday,8,11.28
green,Bronx,Bronx,5,Thursday,9,11.46
green,Bronx,Bronx,5,Thursday,10,11.63
green,Bronx,Bronx,5,Thursday,11,11.87
green,Bronx,Bronx,5,Thursday,12,12.35
green,Bronx,Bronx,5,Thursday,13,12.05
green,Bronx,Bronx,5,Thursday,14,12.1
green,Bronx,Bronx,5,Thursday,15,12.52
green,Bronx,Bronx,5,Thursday,16,13.29
green,Bronx,Bronx,5,Thursday,17,13.13
green,Bronx,Bronx,5,Thursday,18,12.09
green,Bronx,Bronx,5,Thursday,19,11.9
green,Bronx,Bronx,5,Thursday,20,10.93
green,Bronx,Bronx,5,Thursday,21,11.12
green,Bronx,Bronx,5,Thursday,22,10.89
green,Bronx,Bronx,5,Thursday,23,10.89
green,Bronx,Bronx,5,Tuesday,0,10.54
green,Bronx,Bronx,5,Tuesday,1,10.1
green,Bronx,Bronx,5,Tuesday,2,9.81
green,Bronx,Bronx,5,Tuesday,3,9.83
green,Bronx,Bronx,5,Tuesday,4,11.25
green,Bronx,Bronx,5,Tuesday,5,11.22
green,Bronx,Bronx,5,Tuesday,6,11.7
green,Bronx,Bronx,5,Tuesday,7,11.36
green,Bronx,Bronx,5,Tuesday,8,11.43
green,Bronx,Bronx,5,Tuesday,9,11.52
green,Bronx,Bronx,5,Tuesday,10,11.9
green,Bronx,Bronx,5,Tuesday,11,12.2
green,Bronx,Bronx,5,Tuesday,12,12.11
green,Bronx,Bronx,5,Tuesday,13,11.85
green,Bronx,Bronx,5,Tuesday,14,11.89
green,Bronx,Bronx,5,Tuesday,15,12.69
green,Bronx,Bronx,5,Tuesday,16,13.3
green,Bronx,Bronx,5,Tuesday,17,13.36
green,Bronx,Bronx,5,Tuesday,18,12.25
green,Bronx,Bronx,5,Tuesday,19,11.78
green,Bronx,Bronx,5,Tuesday,20,11.04
green,Bronx,Bronx,5,Tuesday,21,11.09
green,Bronx,Bronx,5,Tuesday,22,11.04
green,Bronx,Bronx,5,Tuesday,23,11.09
green,Bronx,Bronx,5,Wednesday,0,10.29
green,Bronx,Bronx,5,Wednesday,1,10.43
green,Bronx,Bronx,5,Wednesday,2,10.42
green,Bronx,Bronx,5,Wednesday,3,10.87
green,Bronx,Bronx,5,Wednesday,4,11.4
green,Bronx,Bronx,5,Wednesday,5,10.98
green,Bronx,Bronx,5,Wednesday,6,11.14
green,Bronx,Bronx,5,Wednesday,7,11.45
green,Bronx,Bronx,5,Wednesday,8,11.43
green,Bronx,Bronx,5,Wednesday,9,11.52
green,Bronx,Bronx,5,Wednesday,10,11.69
green,Bronx,Bronx,5,Wednesday,11,12
green,Bronx,Bronx,5,Wednesday,12,12.1
green,Bronx,Bronx,5,Wednesday,13,12.36
green,Bronx,Bronx,5,Wednesday,14,12.37
green,Bronx,Bronx,5,Wednesday,15,12.75
green,Bronx,Bronx,5,Wednesday,16,13.41
green,Bronx,Bronx,5,Wednesday,17,13.11
green,Bronx,Bronx,5,Wednesday,18,12.21
green,Bronx,Bronx,5,Wednesday,19,11.66
green,Bronx,Bronx,5,Wednesday,20,10.96
green,Bronx,Bronx,5,Wednesday,21,11.27
green,Bronx,Bronx,5,Wednesday,22,11.1
green,Bronx,Bronx,5,Wednesday,23,10.63
green,Bronx,Bronx,6,Friday,0,10.9
green,Bronx,Bronx,6,Friday,1,10.6
green,Bronx,Bronx,6,Friday,2,10.36
green,Bronx,Bronx,6,Friday,3,9.97
green,Bronx,Bronx,6,Friday,4,10.36
green,Bronx,Bronx,6,Friday,5,10.72
green,Bronx,Bronx,6,Friday,6,10.81
green,Bronx,Bronx,6,Friday,7,11.35
green,Bronx,Bronx,6,Friday,8,11.19
green,Bronx,Bronx,6,Friday,9,11.75
green,Bronx,Bronx,6,Friday,10,11.92
green,Bronx,Bronx,6,Friday,11,12.04
green,Bronx,Bronx,6,Friday,12,12
green,Bronx,Bronx,6,Friday,13,12.1
green,Bronx,Bronx,6,Friday,14,12.39
green,Bronx,Bronx,6,Friday,15,12.69
green,Bronx,Bronx,6,Friday,16,13.28
green,Bronx,Bronx,6,Friday,17,13.35
green,Bronx,Bronx,6,Friday,18,12.45
green,Bronx,Bronx,6,Friday,19,12.23
green,Bronx,Bronx,6,Friday,20,11.28
green,Bronx,Bronx,6,Friday,21,11.52
green,Bronx,Bronx,6,Friday,22,11.85
green,Bronx,Bronx,6,Friday,23,11.36
green,Bronx,Bronx,6,Monday,0,10.38
green,Bronx,Bronx,6,Monday,1,10.41
green,Bronx,Bronx,6,Monday,2,10.23
green,Bronx,Bronx,6,Monday,3,10.29
green,Bronx,Bronx,6,Monday,4,10.28
green,Bronx,Bronx,6,Monday,5,10.8
green,Bronx,Bronx,6,Monday,6,11.12
green,Bronx,Bronx,6,Monday,7,11.04
green,Bronx,Bronx,6,Monday,8,11.12
green,Bronx,Bronx,6,Monday,9,11.47
green,Bronx,Bronx,6,Monday,10,11.48
green,Bronx,Bronx,6,Monday,11,11.81
green,Bronx,Bronx,6,Monday,12,11.93
green,Bronx,Bronx,6,Monday,13,11.72
green,Bronx,Bronx,6,Monday,14,11.79
green,Bronx,Bronx,6,Monday,15,12.2
green,Bronx,Bronx,6,Monday,16,12.99
green,Bronx,Bronx,6,Monday,17,12.66
green,Bronx,Bronx,6,Monday,18,12.03
green,Bronx,Bronx,6,Monday,19,11.68
green,Bronx,Bronx,6,Monday,20,11
green,Bronx,Bronx,6,Monday,21,11.32
green,Bronx,Bronx,6,Monday,22,11.01
green,Bronx,Bronx,6,Monday,23,10.41
green,Bronx,Bronx,6,Saturday,0,11.03
green,Bronx,Bronx,6,Saturday,1,10.7
green,Bronx,Bronx,6,Saturday,2,10.95
green,Bronx,Bronx,6,Saturday,3,10.23
green,Bronx,Bronx,6,Saturday,4,11.8
green,Bronx,Bronx,6,Saturday,5,10.54
green,Bronx,Bronx,6,Saturday,6,10.67
green,Bronx,Bronx,6,Saturday,7,10.58
green,Bronx,Bronx,6,Saturday,8,11.02
green,Bronx,Bronx,6,Saturday,9,11.29
green,Bronx,Bronx,6,Saturday,10,11.25
green,Bronx,Bronx,6,Saturday,11,11.48
green,Bronx,Bronx,6,Saturday,12,12.08
green,Bronx,Bronx,6,Saturday,13,11.72
green,Bronx,Bronx,6,Saturday,14,11.74
green,Bronx,Bronx,6,Saturday,15,11.9
green,Bronx,Bronx,6,Saturday,16,11.81
green,Bronx,Bronx,6,Saturday,17,11.96
green,Bronx,Bronx,6,Saturday,18,11.68
green,Bronx,Bronx,6,Saturday,19,11.58
green,Bronx,Bronx,6,Saturday,20,11.85
green,Bronx,Bronx,6,Saturday,21,11.83
green,Bronx,Bronx,6,Saturday,22,12.16
green,Bronx,Bronx,6,Saturday,23,11.62
green,Bronx,Bronx,6,Sunday,0,11.39
green,Bronx,Bronx,6,Sunday,1,10.78
green,Bronx,Bronx,6,Sunday,2,11.06
green,Bronx,Bronx,6,Sunday,3,11.14
green,Bronx,Bronx,6,Sunday,4,11.64
green,Bronx,Bronx,6,Sunday,5,11
green,Bronx,Bronx,6,Sunday,6,10.51
green,Bronx,Bronx,6,Sunday,7,10.57
green,Bronx,Bronx,6,Sunday,8,12.41
green,Bronx,Bronx,6,Sunday,9,11.21
green,Bronx,Bronx,6,Sunday,10,11.23
green,Bronx,Bronx,6,Sunday,11,11.59
green,Bronx,Bronx,6,Sunday,12,11.67
green,Bronx,Bronx,6,Sunday,13,11.9
green,Bronx,Bronx,6,Sunday,14,11.61
green,Bronx,Bronx,6,Sunday,15,11.95
green,Bronx,Bronx,6,Sunday,16,11.94
green,Bronx,Bronx,6,Sunday,17,11.56
green,Bronx,Bronx,6,Sunday,18,11.64
green,Bronx,Bronx,6,Sunday,19,11.29
green,Bronx,Bronx,6,Sunday,20,11.65
green,Bronx,Bronx,6,Sunday,21,11.29
green,Bronx,Bronx,6,Sunday,22,11.05
green,Bronx,Bronx,6,Sunday,23,10.81
green,Bronx,Bronx,6,Thursday,0,10.18
green,Bronx,Bronx,6,Thursday,1,10.06
green,Bronx,Bronx,6,Thursday,2,9.38
green,Bronx,Bronx,6,Thursday,3,10.04
green,Bronx,Bronx,6,Thursday,4,11.1
green,Bronx,Bronx,6,Thursday,5,10.3
green,Bronx,Bronx,6,Thursday,6,10.98
green,Bronx,Bronx,6,Thursday,7,10.97
green,Bronx,Bronx,6,Thursday,8,11.11
green,Bronx,Bronx,6,Thursday,9,11.18
green,Bronx,Bronx,6,Thursday,10,11.84
green,Bronx,Bronx,6,Thursday,11,12.15
green,Bronx,Bronx,6,Thursday,12,12.41
green,Bronx,Bronx,6,Thursday,13,12.03
green,Bronx,Bronx,6,Thursday,14,11.95
green,Bronx,Bronx,6,Thursday,15,12.54
green,Bronx,Bronx,6,Thursday,16,13.38
green,Bronx,Bronx,6,Thursday,17,13
green,Bronx,Bronx,6,Thursday,18,12.4
green,Bronx,Bronx,6,Thursday,19,11.74
green,Bronx,Bronx,6,Thursday,20,11.29
green,Bronx,Bronx,6,Thursday,21,11.24
green,Bronx,Bronx,6,Thursday,22,11.35
green,Bronx,Bronx,6,Thursday,23,11.27
green,Bronx,Bronx,6,Tuesday,0,10.77
green,Bronx,Bronx,6,Tuesday,1,10.29
green,Bronx,Bronx,6,Tuesday,2,9.92
green,Bronx,Bronx,6,Tuesday,3,9.94
green,Bronx,Bronx,6,Tuesday,4,11.09
green,Bronx,Bronx,6,Tuesday,5,11.17
green,Bronx,Bronx,6,Tuesday,6,11.17
green,Bronx,Bronx,6,Tuesday,7,11.18
green,Bronx,Bronx,6,Tuesday,8,11.19
green,Bronx,Bronx,6,Tuesday,9,11.61
green,Bronx,Bronx,6,Tuesday,10,11.89
green,Bronx,Bronx,6,Tuesday,11,12.14
green,Bronx,Bronx,6,Tuesday,12,12.08
green,Bronx,Bronx,6,Tuesday,13,11.9
green,Bronx,Bronx,6,Tuesday,14,11.81
green,Bronx,Bronx,6,Tuesday,15,12.4
green,Bronx,Bronx,6,Tuesday,16,13.06
green,Bronx,Bronx,6,Tuesday,17,13.04
green,Bronx,Bronx,6,Tuesday,18,11.92
green,Bronx,Bronx,6,Tuesday,19,11.79
green,Bronx,Bronx,6,Tuesday,20,10.74
green,Bronx,Bronx,6,Tuesday,21,11.21
green,Bronx,Bronx,6,Tuesday,22,11.24
green,Bronx,Bronx,6,Tuesday,23,10.74
green,Bronx,Bronx,6,Wednesday,0,11.1
green,Bronx,Bronx,6,Wednesday,1,10.67
green,Bronx,Bronx,6,Wednesday,2,10.98
green,Bronx,Bronx,6,Wednesday,3,10.65
green,Bronx,Bronx,6,Wednesday,4,11.16
green,Bronx,Bronx,6,Wednesday,5,10.01
green,Bronx,Bronx,6,Wednesday,6,11.28
green,Bronx,Bronx,6,Wednesday,7,11.05
green,Bronx,Bronx,6,Wednesday,8,11.22
green,Bronx,Bronx,6,Wednesday,9,11.42
green,Bronx,Bronx,6,Wednesday,10,12.04
green,Bronx,Bronx,6,Wednesday,11,11.97
green,Bronx,Bronx,6,Wednesday,12,12.08
green,Bronx,Bronx,6,Wednesday,13,11.91
green,Bronx,Bronx,6,Wednesday,14,12.03
green,Bronx,Bronx,6,Wednesday,15,12.78
green,Bronx,Bronx,6,Wednesday,16,13.3
green,Bronx,Bronx,6,Wednesday,17,13.48
green,Bronx,Bronx,6,Wednesday,18,12.2
green,Bronx,Bronx,6,Wednesday,19,11.99
green,Bronx,Bronx,6,Wednesday,20,11.53
green,Bronx,Bronx,6,Wednesday,21,11.34
green,Bronx,Bronx,6,Wednesday,22,11.47
green,Bronx,Bronx,6,Wednesday,23,10.85
green,Bronx,Bronx,7,Friday,0,10.8
green,Bronx,Bronx,7,Friday,1,10.24
green,Bronx,Bronx,7,Friday,2,10.35
green,Bronx,Bronx,7,Friday,3,10.33
green,Bronx,Bronx,7,Friday,4,11.36
green,Bronx,Bronx,7,Friday,5,9.4
green,Bronx,Bronx,7,Friday,6,10.77
green,Bronx,Bronx,7,Friday,7,11.43
green,Bronx,Bronx,7,Friday,8,11.06
green,Bronx,Bronx,7,Friday,9,11.51
green,Bronx,Bronx,7,Friday,10,11.84
green,Bronx,Bronx,7,Friday,11,12.29
green,Bronx,Bronx,7,Friday,12,12.11
green,Bronx,Bronx,7,Friday,13,11.62
green,Bronx,Bronx,7,Friday,14,12.14
green,Bronx,Bronx,7,Friday,15,12.21
green,Bronx,Bronx,7,Friday,16,12.87
green,Bronx,Bronx,7,Friday,17,12.85
green,Bronx,Bronx,7,Friday,18,12.51
green,Bronx,Bronx,7,Friday,19,12.35
green,Bronx,Bronx,7,Friday,20,11.86
green,Bronx,Bronx,7,Friday,21,11.77
green,Bronx,Bronx,7,Friday,22,11.93
green,Bronx,Bronx,7,Friday,23,11.58
green,Bronx,Bronx,7,Monday,0,10.69
green,Bronx,Bronx,7,Monday,1,11.02
green,Bronx,Bronx,7,Monday,2,10.49
green,Bronx,Bronx,7,Monday,3,11.02
green,Bronx,Bronx,7,Monday,4,11.62
green,Bronx,Bronx,7,Monday,5,11.75
green,Bronx,Bronx,7,Monday,6,11.13
green,Bronx,Bronx,7,Monday,7,11.48
green,Bronx,Bronx,7,Monday,8,11.2
green,Bronx,Bronx,7,Monday,9,11.86
green,Bronx,Bronx,7,Monday,10,11.93
green,Bronx,Bronx,7,Monday,11,15.66
green,Bronx,Bronx,7,Monday,12,12.36
green,Bronx,Bronx,7,Monday,13,12.13
green,Bronx,Bronx,7,Monday,14,12.18
green,Bronx,Bronx,7,Monday,15,12.19
green,Bronx,Bronx,7,Monday,16,12.96
green,Bronx,Bronx,7,Monday,17,12.83
green,Bronx,Bronx,7,Monday,18,12.15
green,Bronx,Bronx,7,Monday,19,12
green,Bronx,Bronx,7,Monday,20,11.26
green,Bronx,Bronx,7,Monday,21,10.82
green,Bronx,Bronx,7,Monday,22,11.75
green,Bronx,Bronx,7,Monday,23,11.13
green,Bronx,Bronx,7,Saturday,0,11.48
green,Bronx,Bronx,7,Saturday,1,10.99
green,Bronx,Bronx,7,Saturday,2,11.03
green,Bronx,Bronx,7,Saturday,3,11.25
green,Bronx,Bronx,7,Saturday,4,11.9
green,Bronx,Bronx,7,Saturday,5,11.43
green,Bronx,Bronx,7,Saturday,6,11.12
green,Bronx,Bronx,7,Saturday,7,10.36
green,Bronx,Bronx,7,Saturday,8,11.59
green,Bronx,Bronx,7,Saturday,9,10.9
green,Bronx,Bronx,7,Saturday,10,11.39
green,Bronx,Bronx,7,Saturday,11,11.65
green,Bronx,Bronx,7,Saturday,12,12.06
green,Bronx,Bronx,7,Saturday,13,11.76
green,Bronx,Bronx,7,Saturday,14,11.69
green,Bronx,Bronx,7,Saturday,15,11.91
green,Bronx,Bronx,7,Saturday,16,11.84
green,Bronx,Bronx,7,Saturday,17,11.79
green,Bronx,Bronx,7,Saturday,18,11.72
green,Bronx,Bronx,7,Saturday,19,11.52
green,Bronx,Bronx,7,Saturday,20,11.83
green,Bronx,Bronx,7,Saturday,21,11.8
green,Bronx,Bronx,7,Saturday,22,11.76
green,Bronx,Bronx,7,Saturday,23,11.92
green,Bronx,Bronx,7,Sunday,0,11.89
green,Bronx,Bronx,7,Sunday,1,11.78
green,Bronx,Bronx,7,Sunday,2,11.7
green,Bronx,Bronx,7,Sunday,3,11.71
green,Bronx,Bronx,7,Sunday,4,11.61
green,Bronx,Bronx,7,Sunday,5,10.72
green,Bronx,Bronx,7,Sunday,6,10.45
green,Bronx,Bronx,7,Sunday,7,11.08
green,Bronx,Bronx,7,Sunday,8,11.61
green,Bronx,Bronx,7,Sunday,9,11.5
green,Bronx,Bronx,7,Sunday,10,11.79
green,Bronx,Bronx,7,Sunday,11,11.38
green,Bronx,Bronx,7,Sunday,12,11.62
green,Bronx,Bronx,7,Sunday,13,12.08
green,Bronx,Bronx,7,Sunday,14,12.37
green,Bronx,Bronx,7,Sunday,15,12.2
green,Bronx,Bronx,7,Sunday,16,11.97
green,Bronx,Bronx,7,Sunday,17,12.19
green,Bronx,Bronx,7,Sunday,18,11.83
green,Bronx,Bronx,7,Sunday,19,11.91
green,Bronx,Bronx,7,Sunday,20,12.36
green,Bronx,Bronx,7,Sunday,21,11.74
green,Bronx,Bronx,7,Sunday,22,11.4
green,Bronx,Bronx,7,Sunday,23,11.38
green,Bronx,Bronx,7,Thursday,0,10.66
green,Bronx,Bronx,7,Thursday,1,10.68
green,Bronx,Bronx,7,Thursday,2,9.95
green,Bronx,Bronx,7,Thursday,3,10.36
green,Bronx,Bronx,7,Thursday,4,11.54
green,Bronx,Bronx,7,Thursday,5,11.89
green,Bronx,Bronx,7,Thursday,6,11.18
green,Bronx,Bronx,7,Thursday,7,11.11
green,Bronx,Bronx,7,Thursday,8,10.98
green,Bronx,Bronx,7,Thursday,9,11.1
green,Bronx,Bronx,7,Thursday,10,11.56
green,Bronx,Bronx,7,Thursday,11,12.17
green,Bronx,Bronx,7,Thursday,12,11.9
green,Bronx,Bronx,7,Thursday,13,12.33
green,Bronx,Bronx,7,Thursday,14,11.72
green,Bronx,Bronx,7,Thursday,15,12.05
green,Bronx,Bronx,7,Thursday,16,13.01
green,Bronx,Bronx,7,Thursday,17,12.59
green,Bronx,Bronx,7,Thursday,18,11.93
green,Bronx,Bronx,7,Thursday,19,11.88
green,Bronx,Bronx,7,Thursday,20,11.34
green,Bronx,Bronx,7,Thursday,21,11.24
green,Bronx,Bronx,7,Thursday,22,11.08
green,Bronx,Bronx,7,Thursday,23,10.55
green,Bronx,Bronx,7,Tuesday,0,11.35
green,Bronx,Bronx,7,Tuesday,1,10.44
green,Bronx,Bronx,7,Tuesday,2,11.37
green,Bronx,Bronx,7,Tuesday,3,10.3
green,Bronx,Bronx,7,Tuesday,4,11.59
green,Bronx,Bronx,7,Tuesday,5,11.84
green,Bronx,Bronx,7,Tuesday,6,10.96
green,Bronx,Bronx,7,Tuesday,7,11.32
green,Bronx,Bronx,7,Tuesday,8,11.4
green,Bronx,Bronx,7,Tuesday,9,11.39
green,Bronx,Bronx,7,Tuesday,10,11.94
green,Bronx,Bronx,7,Tuesday,11,12.11
green,Bronx,Bronx,7,Tuesday,12,12.35
green,Bronx,Bronx,7,Tuesday,13,11.69
green,Bronx,Bronx,7,Tuesday,14,12.15
green,Bronx,Bronx,7,Tuesday,15,12.2
green,Bronx,Bronx,7,Tuesday,16,13.04
green,Bronx,Bronx,7,Tuesday,17,13.04
green,Bronx,Bronx,7,Tuesday,18,12.03
green,Bronx,Bronx,7,Tuesday,19,11.57
green,Bronx,Bronx,7,Tuesday,20,11.15
green,Bronx,Bronx,7,Tuesday,21,11.41
green,Bronx,Bronx,7,Tuesday,22,11.7
green,Bronx,Bronx,7,Tuesday,23,11.11
green,Bronx,Bronx,7,Wednesday,0,10.44
green,Bronx,Bronx,7,Wednesday,1,10.47
green,Bronx,Bronx,7,Wednesday,2,10.01
green,Bronx,Bronx,7,Wednesday,3,10.79
green,Bronx,Bronx,7,Wednesday,4,10.66
green,Bronx,Bronx,7,Wednesday,5,10.76
green,Bronx,Bronx,7,Wednesday,6,11.25
green,Bronx,Bronx,7,Wednesday,7,11.08
green,Bronx,Bronx,7,Wednesday,8,11.03
green,Bronx,Bronx,7,Wednesday,9,11.32
green,Bronx,Bronx,7,Wednesday,10,11.65
green,Bronx,Bronx,7,Wednesday,11,12.02
green,Bronx,Bronx,7,Wednesday,12,12.12
green,Bronx,Bronx,7,Wednesday,13,11.62
green,Bronx,Bronx,7,Wednesday,14,12.22
green,Bronx,Bronx,7,Wednesday,15,11.91
green,Bronx,Bronx,7,Wednesday,16,12.74
green,Bronx,Bronx,7,Wednesday,17,12.57
green,Bronx,Bronx,7,Wednesday,18,12.02
green,Bronx,Bronx,7,Wednesday,19,11.95
green,Bronx,Bronx,7,Wednesday,20,11.27
green,Bronx,Bronx,7,Wednesday,21,12.05
green,Bronx,Bronx,7,Wednesday,22,11.4
green,Bronx,Bronx,7,Wednesday,23,11.62
green,Bronx,Bronx,8,Friday,0,10.8
green,Bronx,Bronx,8,Friday,1,10.59
green,Bronx,Bronx,8,Friday,2,10.23
green,Bronx,Bronx,8,Friday,3,11.51
green,Bronx,Bronx,8,Friday,4,10.37
green,Bronx,Bronx,8,Friday,5,11.1
green,Bronx,Bronx,8,Friday,6,10.64
green,Bronx,Bronx,8,Friday,7,11.22
green,Bronx,Bronx,8,Friday,8,11.15
green,Bronx,Bronx,8,Friday,9,11.66
green,Bronx,Bronx,8,Friday,10,12.28
green,Bronx,Bronx,8,Friday,11,12.25
green,Bronx,Bronx,8,Friday,12,12.06
green,Bronx,Bronx,8,Friday,13,11.92
green,Bronx,Bronx,8,Friday,14,12.14
green,Bronx,Bronx,8,Friday,15,11.99
green,Bronx,Bronx,8,Friday,16,12.72
green,Bronx,Bronx,8,Friday,17,12.69
green,Bronx,Bronx,8,Friday,18,12.44
green,Bronx,Bronx,8,Friday,19,12.11
green,Bronx,Bronx,8,Friday,20,11.49
green,Bronx,Bronx,8,Friday,21,11.78
green,Bronx,Bronx,8,Friday,22,11.99
green,Bronx,Bronx,8,Friday,23,11.75
green,Bronx,Bronx,8,Monday,0,10.69
green,Bronx,Bronx,8,Monday,1,10.49
green,Bronx,Bronx,8,Monday,2,10.25
green,Bronx,Bronx,8,Monday,3,11.47
green,Bronx,Bronx,8,Monday,4,11.19
green,Bronx,Bronx,8,Monday,5,10.79
green,Bronx,Bronx,8,Monday,6,10.44
green,Bronx,Bronx,8,Monday,7,11.3
green,Bronx,Bronx,8,Monday,8,10.95
green,Bronx,Bronx,8,Monday,9,11.46
green,Bronx,Bronx,8,Monday,10,11.77
green,Bronx,Bronx,8,Monday,11,11.84
green,Bronx,Bronx,8,Monday,12,12.12
green,Bronx,Bronx,8,Monday,13,11.77
green,Bronx,Bronx,8,Monday,14,11.82
green,Bronx,Bronx,8,Monday,15,11.93
green,Bronx,Bronx,8,Monday,16,12.57
green,Bronx,Bronx,8,Monday,17,12.41
green,Bronx,Bronx,8,Monday,18,12.17
green,Bronx,Bronx,8,Monday,19,11.82
green,Bronx,Bronx,8,Monday,20,11.46
green,Bronx,Bronx,8,Monday,21,11.35
green,Bronx,Bronx,8,Monday,22,11.66
green,Bronx,Bronx,8,Monday,23,10.89
green,Bronx,Bronx,8,Saturday,0,11.37
green,Bronx,Bronx,8,Saturday,1,11.33
green,Bronx,Bronx,8,Saturday,2,11.27
green,Bronx,Bronx,8,Saturday,3,10.9
green,Bronx,Bronx,8,Saturday,4,11.11
green,Bronx,Bronx,8,Saturday,5,10.13
green,Bronx,Bronx,8,Saturday,6,10.67
green,Bronx,Bronx,8,Saturday,7,10.49
green,Bronx,Bronx,8,Saturday,8,11.07
green,Bronx,Bronx,8,Saturday,9,11.36
green,Bronx,Bronx,8,Saturday,10,11.01
green,Bronx,Bronx,8,Saturday,11,11.58
green,Bronx,Bronx,8,Saturday,12,11.45
green,Bronx,Bronx,8,Saturday,13,11.64
green,Bronx,Bronx,8,Saturday,14,11.67
green,Bronx,Bronx,8,Saturday,15,11.89
green,Bronx,Bronx,8,Saturday,16,12.04
green,Bronx,Bronx,8,Saturday,17,11.87
green,Bronx,Bronx,8,Saturday,18,11.62
green,Bronx,Bronx,8,Saturday,19,11.68
green,Bronx,Bronx,8,Saturday,20,12.04
green,Bronx,Bronx,8,Saturday,21,12.06
green,Bronx,Bronx,8,Saturday,22,11.71
green,Bronx,Bronx,8,Saturday,23,11.57
green,Bronx,Bronx,8,Sunday,0,11.13
green,Bronx,Bronx,8,Sunday,1,10.88
green,Bronx,Bronx,8,Sunday,2,11.28
green,Bronx,Bronx,8,Sunday,3,11.42
green,Bronx,Bronx,8,Sunday,4,11.93
green,Bronx,Bronx,8,Sunday,5,10.6
green,Bronx,Bronx,8,Sunday,6,10.54
green,Bronx,Bronx,8,Sunday,7,10.69
green,Bronx,Bronx,8,Sunday,8,10.91
green,Bronx,Bronx,8,Sunday,9,11.83
green,Bronx,Bronx,8,Sunday,10,11.79
green,Bronx,Bronx,8,Sunday,11,11.49
green,Bronx,Bronx,8,Sunday,12,11.4
green,Bronx,Bronx,8,Sunday,13,11.72
green,Bronx,Bronx,8,Sunday,14,11.56
green,Bronx,Bronx,8,Sunday,15,11.93
green,Bronx,Bronx,8,Sunday,16,11.98
green,Bronx,Bronx,8,Sunday,17,11.53
green,Bronx,Bronx,8,Sunday,18,11.35
green,Bronx,Bronx,8,Sunday,19,11.68
green,Bronx,Bronx,8,Sunday,20,11.56
green,Bronx,Bronx,8,Sunday,21,11.39
green,Bronx,Bronx,8,Sunday,22,10.96
green,Bronx,Bronx,8,Sunday,23,10.88
green,Bronx,Bronx,8,Thursday,0,10.92
green,Bronx,Bronx,8,Thursday,1,9.9
green,Bronx,Bronx,8,Thursday,2,9.88
green,Bronx,Bronx,8,Thursday,3,9.87
green,Bronx,Bronx,8,Thursday,4,11.16
green,Bronx,Bronx,8,Thursday,5,10.75
green,Bronx,Bronx,8,Thursday,6,11.36
green,Bronx,Bronx,8,Thursday,7,11.65
green,Bronx,Bronx,8,Thursday,8,11.46
green,Bronx,Bronx,8,Thursday,9,11.47
green,Bronx,Bronx,8,Thursday,10,12.48
green,Bronx,Bronx,8,Thursday,11,12.22
green,Bronx,Bronx,8,Thursday,12,12.92
green,Bronx,Bronx,8,Thursday,13,12.33
green,Bronx,Bronx,8,Thursday,14,12.27
green,Bronx,Bronx,8,Thursday,15,12.57
green,Bronx,Bronx,8,Thursday,16,13.48
green,Bronx,Bronx,8,Thursday,17,13.31
green,Bronx,Bronx,8,Thursday,18,12.33
green,Bronx,Bronx,8,Thursday,19,12.17
green,Bronx,Bronx,8,Thursday,20,11.52
green,Bronx,Bronx,8,Thursday,21,11.36
green,Bronx,Bronx,8,Thursday,22,11.38
green,Bronx,Bronx,8,Thursday,23,11.81
green,Bronx,Bronx,8,Tuesday,0,10.75
green,Bronx,Bronx,8,Tuesday,1,10.14
green,Bronx,Bronx,8,Tuesday,2,9.92
green,Bronx,Bronx,8,Tuesday,3,10.27
green,Bronx,Bronx,8,Tuesday,4,11.86
green,Bronx,Bronx,8,Tuesday,5,11.23
green,Bronx,Bronx,8,Tuesday,6,10.89
green,Bronx,Bronx,8,Tuesday,7,11.16
green,Bronx,Bronx,8,Tuesday,8,11.27
green,Bronx,Bronx,8,Tuesday,9,11.66
green,Bronx,Bronx,8,Tuesday,10,12.07
green,Bronx,Bronx,8,Tuesday,11,12.15
green,Bronx,Bronx,8,Tuesday,12,12.68
green,Bronx,Bronx,8,Tuesday,13,12.23
green,Bronx,Bronx,8,Tuesday,14,12.39
green,Bronx,Bronx,8,Tuesday,15,12.22
green,Bronx,Bronx,8,Tuesday,16,13.18
green,Bronx,Bronx,8,Tuesday,17,12.83
green,Bronx,Bronx,8,Tuesday,18,12.14
green,Bronx,Bronx,8,Tuesday,19,11.78
green,Bronx,Bronx,8,Tuesday,20,11.17
green,Bronx,Bronx,8,Tuesday,21,11.62
green,Bronx,Bronx,8,Tuesday,22,11.91
green,Bronx,Bronx,8,Tuesday,23,10.84
green,Bronx,Bronx,8,Wednesday,0,10.58
green,Bronx,Bronx,8,Wednesday,1,10.24
green,Bronx,Bronx,8,Wednesday,2,9.73
green,Bronx,Bronx,8,Wednesday,3,10.96
green,Bronx,Bronx,8,Wednesday,4,12.13
green,Bronx,Bronx,8,Wednesday,5,11.22
green,Bronx,Bronx,8,Wednesday,6,10.89
green,Bronx,Bronx,8,Wednesday,7,11.23
green,Bronx,Bronx,8,Wednesday,8,11.16
green,Bronx,Bronx,8,Wednesday,9,11.64
green,Bronx,Bronx,8,Wednesday,10,12.38
green,Bronx,Bronx,8,Wednesday,11,12.52
green,Bronx,Bronx,8,Wednesday,12,12.28
green,Bronx,Bronx,8,Wednesday,13,12.16
green,Bronx,Bronx,8,Wednesday,14,12
green,Bronx,Bronx,8,Wednesday,15,12.45
green,Bronx,Bronx,8,Wednesday,16,13.26
green,Bronx,Bronx,8,Wednesday,17,13.13
green,Bronx,Bronx,8,Wednesday,18,12.37
green,Bronx,Bronx,8,Wednesday,19,12.18
green,Bronx,Bronx,8,Wednesday,20,11.26
green,Bronx,Bronx,8,Wednesday,21,11.67
green,Bronx,Bronx,8,Wednesday,22,11.45
green,Bronx,Bronx,8,Wednesday,23,10.86
green,Bronx,Bronx,9,Friday,0,10.58
green,Bronx,Bronx,9,Friday,1,10.57
green,Bronx,Bronx,9,Friday,2,10.37
green,Bronx,Bronx,9,Friday,3,10.08
green,Bronx,Bronx,9,Friday,4,10.38
green,Bronx,Bronx,9,Friday,5,9.9
green,Bronx,Bronx,9,Friday,6,11.29
green,Bronx,Bronx,9,Friday,7,11.6
green,Bronx,Bronx,9,Friday,8,11.6
green,Bronx,Bronx,9,Friday,9,11.71
green,Bronx,Bronx,9,Friday,10,11.82
green,Bronx,Bronx,9,Friday,11,12.03
green,Bronx,Bronx,9,Friday,12,12.36
green,Bronx,Bronx,9,Friday,13,12.11
green,Bronx,Bronx,9,Friday,14,12.59
green,Bronx,Bronx,9,Friday,15,12.8
green,Bronx,Bronx,9,Friday,16,13.2
green,Bronx,Bronx,9,Friday,17,13.21
green,Bronx,Bronx,9,Friday,18,12.84
green,Bronx,Bronx,9,Friday,19,12.16
green,Bronx,Bronx,9,Friday,20,12.17
green,Bronx,Bronx,9,Friday,21,12.01
green,Bronx,Bronx,9,Friday,22,12.04
green,Bronx,Bronx,9,Friday,23,11.27
green,Bronx,Bronx,9,Monday,0,10.51
green,Bronx,Bronx,9,Monday,1,10.63
green,Bronx,Bronx,9,Monday,2,9.96
green,Bronx,Bronx,9,Monday,3,10.36
green,Bronx,Bronx,9,Monday,4,10.39
green,Bronx,Bronx,9,Monday,5,10.75
green,Bronx,Bronx,9,Monday,6,12.04
green,Bronx,Bronx,9,Monday,7,11.23
green,Bronx,Bronx,9,Monday,8,10.98
green,Bronx,Bronx,9,Monday,9,11.53
green,Bronx,Bronx,9,Monday,10,12.15
green,Bronx,Bronx,9,Monday,11,12
green,Bronx,Bronx,9,Monday,12,11.98
green,Bronx,Bronx,9,Monday,13,11.76
green,Bronx,Bronx,9,Monday,14,12
green,Bronx,Bronx,9,Monday,15,12.14
green,Bronx,Bronx,9,Monday,16,12.8
green,Bronx,Bronx,9,Monday,17,12.66
green,Bronx,Bronx,9,Monday,18,12.02
green,Bronx,Bronx,9,Monday,19,11.44
green,Bronx,Bronx,9,Monday,20,11.46
green,Bronx,Bronx,9,Monday,21,11.67
green,Bronx,Bronx,9,Monday,22,11.29
green,Bronx,Bronx,9,Monday,23,10.66
green,Bronx,Bronx,9,Saturday,0,11.7
green,Bronx,Bronx,9,Saturday,1,11.34
green,Bronx,Bronx,9,Saturday,2,10.87
green,Bronx,Bronx,9,Saturday,3,11.19
green,Bronx,Bronx,9,Saturday,4,11.16
green,Bronx,Bronx,9,Saturday,5,10.26
green,Bronx,Bronx,9,Saturday,6,10.97
green,Bronx,Bronx,9,Saturday,7,10.86
green,Bronx,Bronx,9,Saturday,8,11.62
green,Bronx,Bronx,9,Saturday,9,11.48
green,Bronx,Bronx,9,Saturday,10,11.35
green,Bronx,Bronx,9,Saturday,11,12.03
green,Bronx,Bronx,9,Saturday,12,11.96
green,Bronx,Bronx,9,Saturday,13,12.06
green,Bronx,Bronx,9,Saturday,14,11.8
green,Bronx,Bronx,9,Saturday,15,12.31
green,Bronx,Bronx,9,Saturday,16,11.98
green,Bronx,Bronx,9,Saturday,17,11.81
green,Bronx,Bronx,9,Saturday,18,12.17
green,Bronx,Bronx,9,Saturday,19,12.34
green,Bronx,Bronx,9,Saturday,20,11.94
green,Bronx,Bronx,9,Saturday,21,11.87
green,Bronx,Bronx,9,Saturday,22,11.95
green,Bronx,Bronx,9,Saturday,23,11.47
green,Bronx,Bronx,9,Sunday,0,11.46
green,Bronx,Bronx,9,Sunday,1,10.86
green,Bronx,Bronx,9,Sunday,2,11.56
green,Bronx,Bronx,9,Sunday,3,11.7
green,Bronx,Bronx,9,Sunday,4,11.65
green,Bronx,Bronx,9,Sunday,5,11.02
green,Bronx,Bronx,9,Sunday,6,10.57
green,Bronx,Bronx,9,Sunday,7,11.15
green,Bronx,Bronx,9,Sunday,8,11.52
green,Bronx,Bronx,9,Sunday,9,11.54
green,Bronx,Bronx,9,Sunday,10,11.87
green,Bronx,Bronx,9,Sunday,11,11.69
green,Bronx,Bronx,9,Sunday,12,11.12
green,Bronx,Bronx,9,Sunday,13,12.54
green,Bronx,Bronx,9,Sunday,14,12.3
green,Bronx,Bronx,9,Sunday,15,12.16
green,Bronx,Bronx,9,Sunday,16,12.03
green,Bronx,Bronx,9,Sunday,17,11.77
green,Bronx,Bronx,9,Sunday,18,11.65
green,Bronx,Bronx,9,Sunday,19,11.6
green,Bronx,Bronx,9,Sunday,20,11.89
green,Bronx,Bronx,9,Sunday,21,11.27
green,Bronx,Bronx,9,Sunday,22,11.48
green,Bronx,Bronx,9,Sunday,23,11.1
green,Bronx,Bronx,9,Thursday,0,10.39
green,Bronx,Bronx,9,Thursday,1,10.62
green,Bronx,Bronx,9,Thursday,2,10.97
green,Bronx,Bronx,9,Thursday,3,9.71
green,Bronx,Bronx,9,Thursday,4,10.78
green,Bronx,Bronx,9,Thursday,5,9.87
green,Bronx,Bronx,9,Thursday,6,11.47
green,Bronx,Bronx,9,Thursday,7,11.29
green,Bronx,Bronx,9,Thursday,8,11.62
green,Bronx,Bronx,9,Thursday,9,11.47
green,Bronx,Bronx,9,Thursday,10,12.1
green,Bronx,Bronx,9,Thursday,11,12.39
green,Bronx,Bronx,9,Thursday,12,12.25
green,Bronx,Bronx,9,Thursday,13,12.34
green,Bronx,Bronx,9,Thursday,14,12.49
green,Bronx,Bronx,9,Thursday,15,12.86
green,Bronx,Bronx,9,Thursday,16,13.36
green,Bronx,Bronx,9,Thursday,17,12.96
green,Bronx,Bronx,9,Thursday,18,11.93
green,Bronx,Bronx,9,Thursday,19,12.15
green,Bronx,Bronx,9,Thursday,20,11.64
green,Bronx,Bronx,9,Thursday,21,11.72
green,Bronx,Bronx,9,Thursday,22,12.31
green,Bronx,Bronx,9,Thursday,23,11.04
green,Bronx,Bronx,9,Tuesday,0,10.12
green,Bronx,Bronx,9,Tuesday,1,10.33
green,Bronx,Bronx,9,Tuesday,2,10.08
green,Bronx,Bronx,9,Tuesday,3,9.84
green,Bronx,Bronx,9,Tuesday,4,11.25
green,Bronx,Bronx,9,Tuesday,5,10.87
green,Bronx,Bronx,9,Tuesday,6,11.78
green,Bronx,Bronx,9,Tuesday,7,11.55
green,Bronx,Bronx,9,Tuesday,8,11.61
green,Bronx,Bronx,9,Tuesday,9,11.3
green,Bronx,Bronx,9,Tuesday,10,11.48
green,Bronx,Bronx,9,Tuesday,11,12.2
green,Bronx,Bronx,9,Tuesday,12,12.16
green,Bronx,Bronx,9,Tuesday,13,11.77
green,Bronx,Bronx,9,Tuesday,14,11.95
green,Bronx,Bronx,9,Tuesday,15,12.28
green,Bronx,Bronx,9,Tuesday,16,13.43
green,Bronx,Bronx,9,Tuesday,17,13.13
green,Bronx,Bronx,9,Tuesday,18,12.21
green,Bronx,Bronx,9,Tuesday,19,11.92
green,Bronx,Bronx,9,Tuesday,20,11.44
green,Bronx,Bronx,9,Tuesday,21,11.58
green,Bronx,Bronx,9,Tuesday,22,11.81
green,Bronx,Bronx,9,Tuesday,23,10.96
green,Bronx,Bronx,9,Wednesday,0,10.52
green,Bronx,Bronx,9,Wednesday,1,10.14
green,Bronx,Bronx,9,Wednesday,2,10.97
green,Bronx,Bronx,9,Wednesday,3,10.04
green,Bronx,Bronx,9,Wednesday,4,11.91
green,Bronx,Bronx,9,Wednesday,5,10.89
green,Bronx,Bronx,9,Wednesday,6,11.2
green,Bronx,Bronx,9,Wednesday,7,11.72
green,Bronx,Bronx,9,Wednesday,8,11.31
green,Bronx,Bronx,9,Wednesday,9,11.6
green,Bronx,Bronx,9,Wednesday,10,11.71
green,Bronx,Bronx,9,Wednesday,11,12.43
green,Bronx,Bronx,9,Wednesday,12,12.08
green,Bronx,Bronx,9,Wednesday,13,11.97
green,Bronx,Bronx,9,Wednesday,14,12.16
green,Bronx,Bronx,9,Wednesday,15,12.48
green,Bronx,Bronx,9,Wednesday,16,13.29
green,Bronx,Bronx,9,Wednesday,17,13.21
green,Bronx,Bronx,9,Wednesday,18,12.3
green,Bronx,Bronx,9,Wednesday,19,12.13
green,Bronx,Bronx,9,Wednesday,20,11.5
green,Bronx,Bronx,9,Wednesday,21,11.42
green,Bronx,Bronx,9,Wednesday,22,11.51
green,Bronx,Bronx,9,Wednesday,23,11.23
green,Bronx,Bronx,10,Friday,0,10.42
green,Bronx,Bronx,10,Friday,1,10.06
green,Bronx,Bronx,10,Friday,2,9.96
green,Bronx,Bronx,10,Friday,3,9.61
green,Bronx,Bronx,10,Friday,4,10.32
green,Bronx,Bronx,10,Friday,5,10.62
green,Bronx,Bronx,10,Friday,6,12
green,Bronx,Bronx,10,Friday,7,11.49
green,Bronx,Bronx,10,Friday,8,11.27
green,Bronx,Bronx,10,Friday,9,11.65
green,Bronx,Bronx,10,Friday,10,11.89
green,Bronx,Bronx,10,Friday,11,11.77
green,Bronx,Bronx,10,Friday,12,12.1
green,Bronx,Bronx,10,Friday,13,11.8
green,Bronx,Bronx,10,Friday,14,12.16
green,Bronx,Bronx,10,Friday,15,12.7
green,Bronx,Bronx,10,Friday,16,13.54
green,Bronx,Bronx,10,Friday,17,13.3
green,Bronx,Bronx,10,Friday,18,12.65
green,Bronx,Bronx,10,Friday,19,12.31
green,Bronx,Bronx,10,Friday,20,11.45
green,Bronx,Bronx,10,Friday,21,11.46
green,Bronx,Bronx,10,Friday,22,11.23
green,Bronx,Bronx,10,Friday,23,10.73
green,Bronx,Bronx,10,Monday,0,10.58
green,Bronx,Bronx,10,Monday,1,10.58
green,Bronx,Bronx,10,Monday,2,10.5
green,Bronx,Bronx,10,Monday,3,10.6
green,Bronx,Bronx,10,Monday,4,11.04
green,Bronx,Bronx,10,Monday,5,10.09
green,Bronx,Bronx,10,Monday,6,12.42
green,Bronx,Bronx,10,Monday,7,11.65
green,Bronx,Bronx,10,Monday,8,11.69
green,Bronx,Bronx,10,Monday,9,11.65
green,Bronx,Bronx,10,Monday,10,12.1
green,Bronx,Bronx,10,Monday,11,12.44
green,Bronx,Bronx,10,Monday,12,12.28
green,Bronx,Bronx,10,Monday,13,11.98
green,Bronx,Bronx,10,Monday,14,12.33
green,Bronx,Bronx,10,Monday,15,15.45
green,Bronx,Bronx,10,Monday,16,13.13
green,Bronx,Bronx,10,Monday,17,13.11
green,Bronx,Bronx,10,Monday,18,12.19
green,Bronx,Bronx,10,Monday,19,11.66
green,Bronx,Bronx,10,Monday,20,11.33
green,Bronx,Bronx,10,Monday,21,11.45
green,Bronx,Bronx,10,Monday,22,10.82
green,Bronx,Bronx,10,Monday,23,11.56
green,Bronx,Bronx,10,Saturday,0,10.89
green,Bronx,Bronx,10,Saturday,1,10.75
green,Bronx,Bronx,10,Saturday,2,11
green,Bronx,Bronx,10,Saturday,3,10.98
green,Bronx,Bronx,10,Saturday,4,11.19
green,Bronx,Bronx,10,Saturday,5,10.26
green,Bronx,Bronx,10,Saturday,6,10.72
green,Bronx,Bronx,10,Saturday,7,10.82
green,Bronx,Bronx,10,Saturday,8,11.12
green,Bronx,Bronx,10,Saturday,9,10.86
green,Bronx,Bronx,10,Saturday,10,11.14
green,Bronx,Bronx,10,Saturday,11,11.64
green,Bronx,Bronx,10,Saturday,12,11.77
green,Bronx,Bronx,10,Saturday,13,11.44
green,Bronx,Bronx,10,Saturday,14,11.73
green,Bronx,Bronx,10,Saturday,15,11.69
green,Bronx,Bronx,10,Saturday,16,11.77
green,Bronx,Bronx,10,Saturday,17,11.86
green,Bronx,Bronx,10,Saturday,18,11.84
green,Bronx,Bronx,10,Saturday,19,11.73
green,Bronx,Bronx,10,Saturday,20,11.87
green,Bronx,Bronx,10,Saturday,21,11.87
green,Bronx,Bronx,10,Saturday,22,11.5
green,Bronx,Bronx,10,Saturday,23,11.61
green,Bronx,Bronx,10,Sunday,0,11.24
green,Bronx,Bronx,10,Sunday,1,10.81
green,Bronx,Bronx,10,Sunday,2,11.29
green,Bronx,Bronx,10,Sunday,3,11.3
green,Bronx,Bronx,10,Sunday,4,12.23
green,Bronx,Bronx,10,Sunday,5,10.64
green,Bronx,Bronx,10,Sunday,6,9.54
green,Bronx,Bronx,10,Sunday,7,10.75
green,Bronx,Bronx,10,Sunday,8,11.58
green,Bronx,Bronx,10,Sunday,9,11.84
green,Bronx,Bronx,10,Sunday,10,12.16
green,Bronx,Bronx,10,Sunday,11,11.46
green,Bronx,Bronx,10,Sunday,12,11.07
green,Bronx,Bronx,10,Sunday,13,12.21
green,Bronx,Bronx,10,Sunday,14,12.09
green,Bronx,Bronx,10,Sunday,15,11.96
green,Bronx,Bronx,10,Sunday,16,11.6
green,Bronx,Bronx,10,Sunday,17,11.51
green,Bronx,Bronx,10,Sunday,18,11.48
green,Bronx,Bronx,10,Sunday,19,11.55
green,Bronx,Bronx,10,Sunday,20,11.72
green,Bronx,Bronx,10,Sunday,21,11.23
green,Bronx,Bronx,10,Sunday,22,10.98
green,Bronx,Bronx,10,Sunday,23,11.2
green,Bronx,Bronx,10,Thursday,0,9.98
green,Bronx,Bronx,10,Thursday,1,10.17
green,Bronx,Bronx,10,Thursday,2,10.54
green,Bronx,Bronx,10,Thursday,3,10.53
green,Bronx,Bronx,10,Thursday,4,10.78
green,Bronx,Bronx,10,Thursday,5,10.65
green,Bronx,Bronx,10,Thursday,6,12.04
green,Bronx,Bronx,10,Thursday,7,11.26
green,Bronx,Bronx,10,Thursday,8,11.33
green,Bronx,Bronx,10,Thursday,9,11.65
green,Bronx,Bronx,10,Thursday,10,11.67
green,Bronx,Bronx,10,Thursday,11,12.17
green,Bronx,Bronx,10,Thursday,12,12.2
green,Bronx,Bronx,10,Thursday,13,12.03
green,Bronx,Bronx,10,Thursday,14,12.53
green,Bronx,Bronx,10,Thursday,15,12.37
green,Bronx,Bronx,10,Thursday,16,13.41
green,Bronx,Bronx,10,Thursday,17,12.97
green,Bronx,Bronx,10,Thursday,18,12.14
green,Bronx,Bronx,10,Thursday,19,11.96
green,Bronx,Bronx,10,Thursday,20,10.98
green,Bronx,Bronx,10,Thursday,21,11.3
green,Bronx,Bronx,10,Thursday,22,10.76
green,Bronx,Bronx,10,Thursday,23,10.43
green,Bronx,Bronx,10,Tuesday,0,11.01
green,Bronx,Bronx,10,Tuesday,1,9.71
green,Bronx,Bronx,10,Tuesday,2,10.15
green,Bronx,Bronx,10,Tuesday,3,9.86
green,Bronx,Bronx,10,Tuesday,4,11.39
green,Bronx,Bronx,10,Tuesday,5,11.59
green,Bronx,Bronx,10,Tuesday,6,12.18
green,Bronx,Bronx,10,Tuesday,7,11.69
green,Bronx,Bronx,10,Tuesday,8,11.83
green,Bronx,Bronx,10,Tuesday,9,12.22
green,Bronx,Bronx,10,Tuesday,10,12.18
green,Bronx,Bronx,10,Tuesday,11,13.02
green,Bronx,Bronx,10,Tuesday,12,12.51
green,Bronx,Bronx,10,Tuesday,13,12.41
green,Bronx,Bronx,10,Tuesday,14,12.75
green,Bronx,Bronx,10,Tuesday,15,13.21
green,Bronx,Bronx,10,Tuesday,16,13.74
green,Bronx,Bronx,10,Tuesday,17,13.43
green,Bronx,Bronx,10,Tuesday,18,12.41
green,Bronx,Bronx,10,Tuesday,19,12.37
green,Bronx,Bronx,10,Tuesday,20,11.35
green,Bronx,Bronx,10,Tuesday,21,11.96
green,Bronx,Bronx,10,Tuesday,22,10.76
green,Bronx,Bronx,10,Tuesday,23,11.4
green,Bronx,Bronx,10,Wednesday,0,10.66
green,Bronx,Bronx,10,Wednesday,1,10.6
green,Bronx,Bronx,10,Wednesday,2,10.66
green,Bronx,Bronx,10,Wednesday,3,10.48
green,Bronx,Bronx,10,Wednesday,4,10.84
green,Bronx,Bronx,10,Wednesday,5,11.56
green,Bronx,Bronx,10,Wednesday,6,12.16
green,Bronx,Bronx,10,Wednesday,7,12.07
green,Bronx,Bronx,10,Wednesday,8,11.4
green,Bronx,Bronx,10,Wednesday,9,12.2
green,Bronx,Bronx,10,Wednesday,10,11.87
green,Bronx,Bronx,10,Wednesday,11,12.39
green,Bronx,Bronx,10,Wednesday,12,12.68
green,Bronx,Bronx,10,Wednesday,13,11.97
green,Bronx,Bronx,10,Wednesday,14,12.85
green,Bronx,Bronx,10,Wednesday,15,13.25
green,Bronx,Bronx,10,Wednesday,16,13.69
green,Bronx,Bronx,10,Wednesday,17,13.1
green,Bronx,Bronx,10,Wednesday,18,12.7
green,Bronx,Bronx,10,Wednesday,19,12.21
green,Bronx,Bronx,10,Wednesday,20,11.46
green,Bronx,Bronx,10,Wednesday,21,11.61
green,Bronx,Bronx,10,Wednesday,22,10.91
green,Bronx,Bronx,10,Wednesday,23,10.4
green,Bronx,Bronx,11,Friday,0,11.1
green,Bronx,Bronx,11,Friday,1,11.4
green,Bronx,Bronx,11,Friday,2,10.65
green,Bronx,Bronx,11,Friday,3,10.65
green,Bronx,Bronx,11,Friday,4,10.97
green,Bronx,Bronx,11,Friday,5,9.96
green,Bronx,Bronx,11,Friday,6,11.67
green,Bronx,Bronx,11,Friday,7,11.52
green,Bronx,Bronx,11,Friday,8,11.78
green,Bronx,Bronx,11,Friday,9,11.64
green,Bronx,Bronx,11,Friday,10,12.29
green,Bronx,Bronx,11,Friday,11,12.2
green,Bronx,Bronx,11,Friday,12,12.54
green,Bronx,Bronx,11,Friday,13,11.99
green,Bronx,Bronx,11,Friday,14,12.67
green,Bronx,Bronx,11,Friday,15,12.99
green,Bronx,Bronx,11,Friday,16,13.41
green,Bronx,Bronx,11,Friday,17,13.17
green,Bronx,Bronx,11,Friday,18,12.42
green,Bronx,Bronx,11,Friday,19,12.04
green,Bronx,Bronx,11,Friday,20,11.38
green,Bronx,Bronx,11,Friday,21,11.3
green,Bronx,Bronx,11,Friday,22,11.18
green,Bronx,Bronx,11,Friday,23,10.9
green,Bronx,Bronx,11,Monday,0,10.15
green,Bronx,Bronx,11,Monday,1,9.89
green,Bronx,Bronx,11,Monday,2,10.32
green,Bronx,Bronx,11,Monday,3,10.12
green,Bronx,Bronx,11,Monday,4,11.08
green,Bronx,Bronx,11,Monday,5,9.88
green,Bronx,Bronx,11,Monday,6,11.67
green,Bronx,Bronx,11,Monday,7,11.46
green,Bronx,Bronx,11,Monday,8,11.63
green,Bronx,Bronx,11,Monday,9,11.77
green,Bronx,Bronx,11,Monday,10,11.71
green,Bronx,Bronx,11,Monday,11,12.36
green,Bronx,Bronx,11,Monday,12,12.35
green,Bronx,Bronx,11,Monday,13,12.1
green,Bronx,Bronx,11,Monday,14,12.64
green,Bronx,Bronx,11,Monday,15,12.92
green,Bronx,Bronx,11,Monday,16,13.16
green,Bronx,Bronx,11,Monday,17,12.98
green,Bronx,Bronx,11,Monday,18,12.06
green,Bronx,Bronx,11,Monday,19,11.89
green,Bronx,Bronx,11,Monday,20,11.07
green,Bronx,Bronx,11,Monday,21,11.01
green,Bronx,Bronx,11,Monday,22,10.69
green,Bronx,Bronx,11,Monday,23,10.53
green,Bronx,Bronx,11,Saturday,0,10.88
green,Bronx,Bronx,11,Saturday,1,10.58
green,Bronx,Bronx,11,Saturday,2,10.85
green,Bronx,Bronx,11,Saturday,3,11.04
green,Bronx,Bronx,11,Saturday,4,11.44
green,Bronx,Bronx,11,Saturday,5,11
green,Bronx,Bronx,11,Saturday,6,9.98
green,Bronx,Bronx,11,Saturday,7,10.65
green,Bronx,Bronx,11,Saturday,8,10.95
green,Bronx,Bronx,11,Saturday,9,11.01
green,Bronx,Bronx,11,Saturday,10,11.02
green,Bronx,Bronx,11,Saturday,11,11.39
green,Bronx,Bronx,11,Saturday,12,11.66
green,Bronx,Bronx,11,Saturday,13,11.94
green,Bronx,Bronx,11,Saturday,14,11.85
green,Bronx,Bronx,11,Saturday,15,11.65
green,Bronx,Bronx,11,Saturday,16,11.77
green,Bronx,Bronx,11,Saturday,17,12.01
green,Bronx,Bronx,11,Saturday,18,11.56
green,Bronx,Bronx,11,Saturday,19,11.24
green,Bronx,Bronx,11,Saturday,20,11.56
green,Bronx,Bronx,11,Saturday,21,11.49
green,Bronx,Bronx,11,Saturday,22,11.35
green,Bronx,Bronx,11,Saturday,23,11.21
green,Bronx,Bronx,11,Sunday,0,11.11
green,Bronx,Bronx,11,Sunday,1,11.05
green,Bronx,Bronx,11,Sunday,2,11.38
green,Bronx,Bronx,11,Sunday,3,11.47
green,Bronx,Bronx,11,Sunday,4,11.41
green,Bronx,Bronx,11,Sunday,5,10.04
green,Bronx,Bronx,11,Sunday,6,10.63
green,Bronx,Bronx,11,Sunday,7,10.49
green,Bronx,Bronx,11,Sunday,8,11.73
green,Bronx,Bronx,11,Sunday,9,12.02
green,Bronx,Bronx,11,Sunday,10,11.99
green,Bronx,Bronx,11,Sunday,11,11.35
green,Bronx,Bronx,11,Sunday,12,11.08
green,Bronx,Bronx,11,Sunday,13,12.01
green,Bronx,Bronx,11,Sunday,14,12.5
green,Bronx,Bronx,11,Sunday,15,11.79
green,Bronx,Bronx,11,Sunday,16,11.11
green,Bronx,Bronx,11,Sunday,17,11.45
green,Bronx,Bronx,11,Sunday,18,11.66
green,Bronx,Bronx,11,Sunday,19,11.17
green,Bronx,Bronx,11,Sunday,20,11.52
green,Bronx,Bronx,11,Sunday,21,10.72
green,Bronx,Bronx,11,Sunday,22,10.66
green,Bronx,Bronx,11,Sunday,23,10.48
green,Bronx,Bronx,11,Thursday,0,10.01
green,Bronx,Bronx,11,Thursday,1,9.71
green,Bronx,Bronx,11,Thursday,2,9.89
green,Bronx,Bronx,11,Thursday,3,10.13
green,Bronx,Bronx,11,Thursday,4,12.52
green,Bronx,Bronx,11,Thursday,5,10.44
green,Bronx,Bronx,11,Thursday,6,12.21
green,Bronx,Bronx,11,Thursday,7,11.72
green,Bronx,Bronx,11,Thursday,8,11.77
green,Bronx,Bronx,11,Thursday,9,12.06
green,Bronx,Bronx,11,Thursday,10,12.04
green,Bronx,Bronx,11,Thursday,11,12.89
green,Bronx,Bronx,11,Thursday,12,12.69
green,Bronx,Bronx,11,Thursday,13,12.48
green,Bronx,Bronx,11,Thursday,14,12.95
green,Bronx,Bronx,11,Thursday,15,13.15
green,Bronx,Bronx,11,Thursday,16,13.05
green,Bronx,Bronx,11,Thursday,17,12.92
green,Bronx,Bronx,11,Thursday,18,12.31
green,Bronx,Bronx,11,Thursday,19,12.03
green,Bronx,Bronx,11,Thursday,20,11.74
green,Bronx,Bronx,11,Thursday,21,11.58
green,Bronx,Bronx,11,Thursday,22,11.8
green,Bronx,Bronx,11,Thursday,23,11.37
green,Bronx,Bronx,11,Tuesday,0,10.09
green,Bronx,Bronx,11,Tuesday,1,9.4
green,Bronx,Bronx,11,Tuesday,2,9.67
green,Bronx,Bronx,11,Tuesday,3,9.34
green,Bronx,Bronx,11,Tuesday,4,12.11
green,Bronx,Bronx,11,Tuesday,5,9.89
green,Bronx,Bronx,11,Tuesday,6,12.43
green,Bronx,Bronx,11,Tuesday,7,11.51
green,Bronx,Bronx,11,Tuesday,8,11.71
green,Bronx,Bronx,11,Tuesday,9,12.12
green,Bronx,Bronx,11,Tuesday,10,12.27
green,Bronx,Bronx,11,Tuesday,11,12.48
green,Bronx,Bronx,11,Tuesday,12,12.28
green,Bronx,Bronx,11,Tuesday,13,12.05
green,Bronx,Bronx,11,Tuesday,14,12.67
green,Bronx,Bronx,11,Tuesday,15,13.14
green,Bronx,Bronx,11,Tuesday,16,13.09
green,Bronx,Bronx,11,Tuesday,17,13.32
green,Bronx,Bronx,11,Tuesday,18,12.27
green,Bronx,Bronx,11,Tuesday,19,11.8
green,Bronx,Bronx,11,Tuesday,20,11.38
green,Bronx,Bronx,11,Tuesday,21,11.49
green,Bronx,Bronx,11,Tuesday,22,10.64
green,Bronx,Bronx,11,Tuesday,23,11.33
green,Bronx,Bronx,11,Wednesday,0,10.43
green,Bronx,Bronx,11,Wednesday,1,9.93
green,Bronx,Bronx,11,Wednesday,2,10.27
green,Bronx,Bronx,11,Wednesday,3,9.39
green,Bronx,Bronx,11,Wednesday,4,11.51
green,Bronx,Bronx,11,Wednesday,5,10.72
green,Bronx,Bronx,11,Wednesday,6,12.71
green,Bronx,Bronx,11,Wednesday,7,11.52
green,Bronx,Bronx,11,Wednesday,8,11.5
green,Bronx,Bronx,11,Wednesday,9,11.76
green,Bronx,Bronx,11,Wednesday,10,12.27
green,Bronx,Bronx,11,Wednesday,11,12.02
green,Bronx,Bronx,11,Wednesday,12,12.46
green,Bronx,Bronx,11,Wednesday,13,12.21
green,Bronx,Bronx,11,Wednesday,14,12.71
green,Bronx,Bronx,11,Wednesday,15,12.85
green,Bronx,Bronx,11,Wednesday,16,13.26
green,Bronx,Bronx,11,Wednesday,17,13.47
green,Bronx,Bronx,11,Wednesday,18,12.25
green,Bronx,Bronx,11,Wednesday,19,11.91
green,Bronx,Bronx,11,Wednesday,20,11.06
green,Bronx,Bronx,11,Wednesday,21,11.22
green,Bronx,Bronx,11,Wednesday,22,10.89
green,Bronx,Bronx,11,Wednesday,23,10.41
green,Bronx,Bronx,12,Friday,0,10.66
green,Bronx,Bronx,12,Friday,1,10.65
green,Bronx,Bronx,12,Friday,2,10.29
green,Bronx,Bronx,12,Friday,3,10.66
green,Bronx,Bronx,12,Friday,4,10.92
green,Bronx,Bronx,12,Friday,5,9.97
green,Bronx,Bronx,12,Friday,6,11.32
green,Bronx,Bronx,12,Friday,7,11.63
green,Bronx,Bronx,12,Friday,8,11.64
green,Bronx,Bronx,12,Friday,9,12.22
green,Bronx,Bronx,12,Friday,10,12
green,Bronx,Bronx,12,Friday,11,12.2
green,Bronx,Bronx,12,Friday,12,12.16
green,Bronx,Bronx,12,Friday,13,12.46
green,Bronx,Bronx,12,Friday,14,12.48
green,Bronx,Bronx,12,Friday,15,12.95
green,Bronx,Bronx,12,Friday,16,13.52
green,Bronx,Bronx,12,Friday,17,13.04
green,Bronx,Bronx,12,Friday,18,12.41
green,Bronx,Bronx,12,Friday,19,12.03
green,Bronx,Bronx,12,Friday,20,11.65
green,Bronx,Bronx,12,Friday,21,10.98
green,Bronx,Bronx,12,Friday,22,11.5
green,Bronx,Bronx,12,Friday,23,11.06
green,Bronx,Bronx,12,Monday,0,10.53
green,Bronx,Bronx,12,Monday,1,9.9
green,Bronx,Bronx,12,Monday,2,9.32
green,Bronx,Bronx,12,Monday,3,10.28
green,Bronx,Bronx,12,Monday,4,9.83
green,Bronx,Bronx,12,Monday,5,10.56
green,Bronx,Bronx,12,Monday,6,11.54
green,Bronx,Bronx,12,Monday,7,11.74
green,Bronx,Bronx,12,Monday,8,11.24
green,Bronx,Bronx,12,Monday,9,11.42
green,Bronx,Bronx,12,Monday,10,11.9
green,Bronx,Bronx,12,Monday,11,11.76
green,Bronx,Bronx,12,Monday,12,11.85
green,Bronx,Bronx,12,Monday,13,12.06
green,Bronx,Bronx,12,Monday,14,12.22
green,Bronx,Bronx,12,Monday,15,12.51
green,Bronx,Bronx,12,Monday,16,13.29
green,Bronx,Bronx,12,Monday,17,12.83
green,Bronx,Bronx,12,Monday,18,12.03
green,Bronx,Bronx,12,Monday,19,11.74
green,Bronx,Bronx,12,Monday,20,11.8
green,Bronx,Bronx,12,Monday,21,11.53
green,Bronx,Bronx,12,Monday,22,11.2
green,Bronx,Bronx,12,Monday,23,10.68
green,Bronx,Bronx,12,Saturday,0,11.1
green,Bronx,Bronx,12,Saturday,1,10.81
green,Bronx,Bronx,12,Saturday,2,11.1
green,Bronx,Bronx,12,Saturday,3,11.4
green,Bronx,Bronx,12,Saturday,4,11.18
green,Bronx,Bronx,12,Saturday,5,9.76
green,Bronx,Bronx,12,Saturday,6,10.1
green,Bronx,Bronx,12,Saturday,7,10.9
green,Bronx,Bronx,12,Saturday,8,11.22
green,Bronx,Bronx,12,Saturday,9,11.5
green,Bronx,Bronx,12,Saturday,10,11.49
green,Bronx,Bronx,12,Saturday,11,11.73
green,Bronx,Bronx,12,Saturday,12,12.05
green,Bronx,Bronx,12,Saturday,13,11.97
green,Bronx,Bronx,12,Saturday,14,11.77
green,Bronx,Bronx,12,Saturday,15,11.92
green,Bronx,Bronx,12,Saturday,16,11.88
green,Bronx,Bronx,12,Saturday,17,11.66
green,Bronx,Bronx,12,Saturday,18,11.83
green,Bronx,Bronx,12,Saturday,19,11.43
green,Bronx,Bronx,12,Saturday,20,11.87
green,Bronx,Bronx,12,Saturday,21,12.02
green,Bronx,Bronx,12,Saturday,22,11.78
green,Bronx,Bronx,12,Saturday,23,11.48
green,Bronx,Bronx,12,Sunday,0,10.98
green,Bronx,Bronx,12,Sunday,1,11.09
green,Bronx,Bronx,12,Sunday,2,11.19
green,Bronx,Bronx,12,Sunday,3,11.77
green,Bronx,Bronx,12,Sunday,4,11.08
green,Bronx,Bronx,12,Sunday,5,10.54
green,Bronx,Bronx,12,Sunday,6,10
green,Bronx,Bronx,12,Sunday,7,11.51
green,Bronx,Bronx,12,Sunday,8,11.66
green,Bronx,Bronx,12,Sunday,9,11.77
green,Bronx,Bronx,12,Sunday,10,11.7
green,Bronx,Bronx,12,Sunday,11,11.62
green,Bronx,Bronx,12,Sunday,12,11.56
green,Bronx,Bronx,12,Sunday,13,12.33
green,Bronx,Bronx,12,Sunday,14,12.72
green,Bronx,Bronx,12,Sunday,15,12.1
green,Bronx,Bronx,12,Sunday,16,11.67
green,Bronx,Bronx,12,Sunday,17,11.31
green,Bronx,Bronx,12,Sunday,18,11.66
green,Bronx,Bronx,12,Sunday,19,11.47
green,Bronx,Bronx,12,Sunday,20,11.79
green,Bronx,Bronx,12,Sunday,21,11.4
green,Bronx,Bronx,12,Sunday,22,11.24
green,Bronx,Bronx,12,Sunday,23,10.66
green,Bronx,Bronx,12,Thursday,0,10.3
green,Bronx,Bronx,12,Thursday,1,10.41
green,Bronx,Bronx,12,Thursday,2,10.28
green,Bronx,Bronx,12,Thursday,3,11.34
green,Bronx,Bronx,12,Thursday,4,11.3
green,Bronx,Bronx,12,Thursday,5,10.31
green,Bronx,Bronx,12,Thursday,6,11.81
green,Bronx,Bronx,12,Thursday,7,11.6
green,Bronx,Bronx,12,Thursday,8,11.31
green,Bronx,Bronx,12,Thursday,9,12
green,Bronx,Bronx,12,Thursday,10,12.18
green,Bronx,Bronx,12,Thursday,11,12.63
green,Bronx,Bronx,12,Thursday,12,12.62
green,Bronx,Bronx,12,Thursday,13,12.09
green,Bronx,Bronx,12,Thursday,14,12.35
green,Bronx,Bronx,12,Thursday,15,12.44
green,Bronx,Bronx,12,Thursday,16,13.22
green,Bronx,Bronx,12,Thursday,17,13.09
green,Bronx,Bronx,12,Thursday,18,12.26
green,Bronx,Bronx,12,Thursday,19,12.08
green,Bronx,Bronx,12,Thursday,20,11.7
green,Bronx,Bronx,12,Thursday,21,11.48
green,Bronx,Bronx,12,Thursday,22,11.41
green,Bronx,Bronx,12,Thursday,23,11.12
green,Bronx,Bronx,12,Tuesday,0,10.11
green,Bronx,Bronx,12,Tuesday,1,9.37
green,Bronx,Bronx,12,Tuesday,2,9.85
green,Bronx,Bronx,12,Tuesday,3,9.73
green,Bronx,Bronx,12,Tuesday,4,14.02
green,Bronx,Bronx,12,Tuesday,5,11.11
green,Bronx,Bronx,12,Tuesday,6,11.74
green,Bronx,Bronx,12,Tuesday,7,11.11
green,Bronx,Bronx,12,Tuesday,8,11.07
green,Bronx,Bronx,12,Tuesday,9,11.46
green,Bronx,Bronx,12,Tuesday,10,11.77
green,Bronx,Bronx,12,Tuesday,11,12.22
green,Bronx,Bronx,12,Tuesday,12,12.35
green,Bronx,Bronx,12,Tuesday,13,11.56
green,Bronx,Bronx,12,Tuesday,14,11.99
green,Bronx,Bronx,12,Tuesday,15,12.38
green,Bronx,Bronx,12,Tuesday,16,13.35
green,Bronx,Bronx,12,Tuesday,17,13.11
green,Bronx,Bronx,12,Tuesday,18,12.19
green,Bronx,Bronx,12,Tuesday,19,12.15
green,Bronx,Bronx,12,Tuesday,20,11.11
green,Bronx,Bronx,12,Tuesday,21,11.31
green,Bronx,Bronx,12,Tuesday,22,11.38
green,Bronx,Bronx,12,Tuesday,23,10.47
green,Bronx,Bronx,12,Wednesday,0,10.49
green,Bronx,Bronx,12,Wednesday,1,10.13
green,Bronx,Bronx,12,Wednesday,2,10.05
green,Bronx,Bronx,12,Wednesday,3,9.91
green,Bronx,Bronx,12,Wednesday,4,10.81
green,Bronx,Bronx,12,Wednesday,5,10.37
green,Bronx,Bronx,12,Wednesday,6,12.25
green,Bronx,Bronx,12,Wednesday,7,11.36
green,Bronx,Bronx,12,Wednesday,8,11.14
green,Bronx,Bronx,12,Wednesday,9,11.88
green,Bronx,Bronx,12,Wednesday,10,11.96
green,Bronx,Bronx,12,Wednesday,11,12.06
green,Bronx,Bronx,12,Wednesday,12,12.15
green,Bronx,Bronx,12,Wednesday,13,11.7
green,Bronx,Bronx,12,Wednesday,14,12.13
green,Bronx,Bronx,12,Wednesday,15,11.93
green,Bronx,Bronx,12,Wednesday,16,12.9
green,Bronx,Bronx,12,Wednesday,17,13.35
green,Bronx,Bronx,12,Wednesday,18,12.33
green,Bronx,Bronx,12,Wednesday,19,11.98
green,Bronx,Bronx,12,Wednesday,20,11.48
green,Bronx,Bronx,12,Wednesday,21,11.55
green,Bronx,Bronx,12,Wednesday,22,11.69
green,Bronx,Bronx,12,Wednesday,23,11.12
green,Bronx,Brooklyn,1,Friday,0,51.51
green,Bronx,Brooklyn,1,Friday,1,55.5
green,Bronx,Brooklyn,1,Friday,2,42.36
green,Bronx,Brooklyn,1,Friday,3,63.46
green,Bronx,Brooklyn,1,Friday,4,49.93
green,Bronx,Brooklyn,1,Friday,5,62.02
green,Bronx,Brooklyn,1,Friday,6,59.06
green,Bronx,Brooklyn,1,Friday,7,62.81
green,Bronx,Brooklyn,1,Friday,8,62.49
green,Bronx,Brooklyn,1,Friday,9,68.03
green,Bronx,Brooklyn,1,Friday,10,56.79
green,Bronx,Brooklyn,1,Friday,11,65.75
green,Bronx,Brooklyn,1,Friday,12,70.37
green,Bronx,Brooklyn,1,Friday,13,63.21
green,Bronx,Brooklyn,1,Friday,14,66.66
green,Bronx,Brooklyn,1,Friday,15,72.12
green,Bronx,Brooklyn,1,Friday,16,70.2
green,Bronx,Brooklyn,1,Friday,17,70.58
green,Bronx,Brooklyn,1,Friday,18,68.65
green,Bronx,Brooklyn,1,Friday,19,58.26
green,Bronx,Brooklyn,1,Friday,20,56.97
green,Bronx,Brooklyn,1,Friday,21,66.41
green,Bronx,Brooklyn,1,Friday,22,63.67
green,Bronx,Brooklyn,1,Friday,23,59.72
green,Bronx,Brooklyn,1,Monday,0,70.94
green,Bronx,Brooklyn,1,Monday,1,49.89
green,Bronx,Brooklyn,1,Monday,2,52.44
green,Bronx,Brooklyn,1,Monday,3,50.95
green,Bronx,Brooklyn,1,Monday,4,60.14
green,Bronx,Brooklyn,1,Monday,5,54.22
green,Bronx,Brooklyn,1,Monday,6,58.7
green,Bronx,Brooklyn,1,Monday,7,67.43
green,Bronx,Brooklyn,1,Monday,8,67.63
green,Bronx,Brooklyn,1,Monday,9,64.39
green,Bronx,Brooklyn,1,Monday,10,64.53
green,Bronx,Brooklyn,1,Monday,11,64.41
green,Bronx,Brooklyn,1,Monday,12,66.07
green,Bronx,Brooklyn,1,Monday,13,63.33
green,Bronx,Brooklyn,1,Monday,14,59.29
green,Bronx,Brooklyn,1,Monday,15,72.78
green,Bronx,Brooklyn,1,Monday,16,68.13
green,Bronx,Brooklyn,1,Monday,17,70.3
green,Bronx,Brooklyn,1,Monday,18,60.23
green,Bronx,Brooklyn,1,Monday,19,61.29
green,Bronx,Brooklyn,1,Monday,20,65.28
green,Bronx,Brooklyn,1,Monday,21,64.32
green,Bronx,Brooklyn,1,Monday,22,53.8
green,Bronx,Brooklyn,1,Monday,23,62.7
green,Bronx,Brooklyn,1,Saturday,0,60.19
green,Bronx,Brooklyn,1,Saturday,1,54.77
green,Bronx,Brooklyn,1,Saturday,2,53.36
green,Bronx,Brooklyn,1,Saturday,3,58.91
green,Bronx,Brooklyn,1,Saturday,4,56.72
green,Bronx,Brooklyn,1,Saturday,5,52.91
green,Bronx,Brooklyn,1,Saturday,6,59.69
green,Bronx,Brooklyn,1,Saturday,7,58.13
green,Bronx,Brooklyn,1,Saturday,8,67.03
green,Bronx,Brooklyn,1,Saturday,9,62.38
green,Bronx,Brooklyn,1,Saturday,10,62.82
green,Bronx,Brooklyn,1,Saturday,11,59.3
green,Bronx,Brooklyn,1,Saturday,12,64.75
green,Bronx,Brooklyn,1,Saturday,13,64.55
green,Bronx,Brooklyn,1,Saturday,14,61.37
green,Bronx,Brooklyn,1,Saturday,15,66.04
green,Bronx,Brooklyn,1,Saturday,16,64.22
green,Bronx,Brooklyn,1,Saturday,17,60.68
green,Bronx,Brooklyn,1,Saturday,18,65.28
green,Bronx,Brooklyn,1,Saturday,19,64.88
green,Bronx,Brooklyn,1,Saturday,20,62.61
green,Bronx,Brooklyn,1,Saturday,21,67.37
green,Bronx,Brooklyn,1,Saturday,22,57.74
green,Bronx,Brooklyn,1,Saturday,23,62.9
green,Bronx,Brooklyn,1,Sunday,0,55.9
green,Bronx,Brooklyn,1,Sunday,1,55.36
green,Bronx,Brooklyn,1,Sunday,2,60.49
green,Bronx,Brooklyn,1,Sunday,3,55.13
green,Bronx,Brooklyn,1,Sunday,4,53.27
green,Bronx,Brooklyn,1,Sunday,5,57
green,Bronx,Brooklyn,1,Sunday,6,58.17
green,Bronx,Brooklyn,1,Sunday,7,55.6
green,Bronx,Brooklyn,1,Sunday,8,65.98
green,Bronx,Brooklyn,1,Sunday,9,54.77
green,Bronx,Brooklyn,1,Sunday,10,62.79
green,Bronx,Brooklyn,1,Sunday,11,61.92
green,Bronx,Brooklyn,1,Sunday,12,63.43
green,Bronx,Brooklyn,1,Sunday,13,63.81
green,Bronx,Brooklyn,1,Sunday,14,62.01
green,Bronx,Brooklyn,1,Sunday,15,63.58
green,Bronx,Brooklyn,1,Sunday,16,64.11
green,Bronx,Brooklyn,1,Sunday,17,62.17
green,Bronx,Brooklyn,1,Sunday,18,72.67
green,Bronx,Brooklyn,1,Sunday,19,62.18
green,Bronx,Brooklyn,1,Sunday,20,59.93
green,Bronx,Brooklyn,1,Sunday,21,56.96
green,Bronx,Brooklyn,1,Sunday,22,62.05
green,Bronx,Brooklyn,1,Sunday,23,60.17
green,Bronx,Brooklyn,1,Thursday,0,66.43
green,Bronx,Brooklyn,1,Thursday,1,54.22
green,Bronx,Brooklyn,1,Thursday,2,68.08
green,Bronx,Brooklyn,1,Thursday,3,46.48
green,Bronx,Brooklyn,1,Thursday,4,54.61
green,Bronx,Brooklyn,1,Thursday,5,60.56
green,Bronx,Brooklyn,1,Thursday,6,61.22
green,Bronx,Brooklyn,1,Thursday,7,64.18
green,Bronx,Brooklyn,1,Thursday,8,66.75
green,Bronx,Brooklyn,1,Thursday,9,63.3
green,Bronx,Brooklyn,1,Thursday,10,58.64
green,Bronx,Brooklyn,1,Thursday,11,61.75
green,Bronx,Brooklyn,1,Thursday,12,63.6
green,Bronx,Brooklyn,1,Thursday,13,63.62
green,Bronx,Brooklyn,1,Thursday,14,67.16
green,Bronx,Brooklyn,1,Thursday,15,70.12
green,Bronx,Brooklyn,1,Thursday,16,70.92
green,Bronx,Brooklyn,1,Thursday,17,71.34
green,Bronx,Brooklyn,1,Thursday,18,66.78
green,Bronx,Brooklyn,1,Thursday,19,68.56
green,Bronx,Brooklyn,1,Thursday,20,59.28
green,Bronx,Brooklyn,1,Thursday,21,59.82
green,Bronx,Brooklyn,1,Thursday,22,59.87
green,Bronx,Brooklyn,1,Thursday,23,58.26
green,Bronx,Brooklyn,1,Tuesday,0,58.82
green,Bronx,Brooklyn,1,Tuesday,1,64.38
green,Bronx,Brooklyn,1,Tuesday,2,54.46
green,Bronx,Brooklyn,1,Tuesday,3,50.95
green,Bronx,Brooklyn,1,Tuesday,4,78.56
green,Bronx,Brooklyn,1,Tuesday,5,53.24
green,Bronx,Brooklyn,1,Tuesday,6,56.54
green,Bronx,Brooklyn,1,Tuesday,7,65.13
green,Bronx,Brooklyn,1,Tuesday,8,66.21
green,Bronx,Brooklyn,1,Tuesday,9,62.31
green,Bronx,Brooklyn,1,Tuesday,10,62.94
green,Bronx,Brooklyn,1,Tuesday,11,66.44
green,Bronx,Brooklyn,1,Tuesday,12,64.91
green,Bronx,Brooklyn,1,Tuesday,13,67.04
green,Bronx,Brooklyn,1,Tuesday,14,63.56
green,Bronx,Brooklyn,1,Tuesday,15,68.94
green,Bronx,Brooklyn,1,Tuesday,16,72.87
green,Bronx,Brooklyn,1,Tuesday,17,68.36
green,Bronx,Brooklyn,1,Tuesday,18,62.9
green,Bronx,Brooklyn,1,Tuesday,19,63.56
green,Bronx,Brooklyn,1,Tuesday,20,66.11
green,Bronx,Brooklyn,1,Tuesday,21,62.6
green,Bronx,Brooklyn,1,Tuesday,22,59.12
green,Bronx,Brooklyn,1,Tuesday,23,67.76
green,Bronx,Brooklyn,1,Wednesday,0,58.17
green,Bronx,Brooklyn,1,Wednesday,1,66.32
green,Bronx,Brooklyn,1,Wednesday,2,58.32
green,Bronx,Brooklyn,1,Wednesday,3,56.13
green,Bronx,Brooklyn,1,Wednesday,4,51.61
green,Bronx,Brooklyn,1,Wednesday,5,62.57
green,Bronx,Brooklyn,1,Wednesday,6,56.77
green,Bronx,Brooklyn,1,Wednesday,7,63.26
green,Bronx,Brooklyn,1,Wednesday,8,61.64
green,Bronx,Brooklyn,1,Wednesday,9,59.94
green,Bronx,Brooklyn,1,Wednesday,10,61.66
green,Bronx,Brooklyn,1,Wednesday,11,58.97
green,Bronx,Brooklyn,1,Wednesday,12,61.8
green,Bronx,Brooklyn,1,Wednesday,13,65.59
green,Bronx,Brooklyn,1,Wednesday,14,60.46
green,Bronx,Brooklyn,1,Wednesday,15,67.42
green,Bronx,Brooklyn,1,Wednesday,16,72.78
green,Bronx,Brooklyn,1,Wednesday,17,68.96
green,Bronx,Brooklyn,1,Wednesday,18,67.43
green,Bronx,Brooklyn,1,Wednesday,19,60.63
green,Bronx,Brooklyn,1,Wednesday,20,60.38
green,Bronx,Brooklyn,1,Wednesday,21,66.08
green,Bronx,Brooklyn,1,Wednesday,22,66.69
green,Bronx,Brooklyn,1,Wednesday,23,59.87
green,Bronx,Brooklyn,2,Friday,0,62.09
green,Bronx,Brooklyn,2,Friday,1,61.46
green,Bronx,Brooklyn,2,Friday,2,79.28
green,Bronx,Brooklyn,2,Friday,3,43.72
green,Bronx,Brooklyn,2,Friday,4,54.12
green,Bronx,Brooklyn,2,Friday,5,54.92
green,Bronx,Brooklyn,2,Friday,6,57.12
green,Bronx,Brooklyn,2,Friday,7,63.77
green,Bronx,Brooklyn,2,Friday,8,63.96
green,Bronx,Brooklyn,2,Friday,9,60.93
green,Bronx,Brooklyn,2,Friday,10,62.68
green,Bronx,Brooklyn,2,Friday,11,62.35
green,Bronx,Brooklyn,2,Friday,12,64.04
green,Bronx,Brooklyn,2,Friday,13,62.72
green,Bronx,Brooklyn,2,Friday,14,67.98
green,Bronx,Brooklyn,2,Friday,15,70.64
green,Bronx,Brooklyn,2,Friday,16,70.32
green,Bronx,Brooklyn,2,Friday,17,64.84
green,Bronx,Brooklyn,2,Friday,18,64.97
green,Bronx,Brooklyn,2,Friday,19,62.97
green,Bronx,Brooklyn,2,Friday,20,56.32
green,Bronx,Brooklyn,2,Friday,21,60.57
green,Bronx,Brooklyn,2,Friday,22,53.93
green,Bronx,Brooklyn,2,Friday,23,60.02
green,Bronx,Brooklyn,2,Monday,0,52.12
green,Bronx,Brooklyn,2,Monday,1,62.17
green,Bronx,Brooklyn,2,Monday,2,65.3
green,Bronx,Brooklyn,2,Monday,3,56.4
green,Bronx,Brooklyn,2,Monday,4,49.98
green,Bronx,Brooklyn,2,Monday,5,55.22
green,Bronx,Brooklyn,2,Monday,6,61.04
green,Bronx,Brooklyn,2,Monday,7,66.11
green,Bronx,Brooklyn,2,Monday,8,67.09
green,Bronx,Brooklyn,2,Monday,9,60.98
green,Bronx,Brooklyn,2,Monday,10,65.97
green,Bronx,Brooklyn,2,Monday,11,59.78
green,Bronx,Brooklyn,2,Monday,12,62.77
green,Bronx,Brooklyn,2,Monday,13,59.98
green,Bronx,Brooklyn,2,Monday,14,62.88
green,Bronx,Brooklyn,2,Monday,15,71.79
green,Bronx,Brooklyn,2,Monday,16,69.76
green,Bronx,Brooklyn,2,Monday,17,72.26
green,Bronx,Brooklyn,2,Monday,18,68.17
green,Bronx,Brooklyn,2,Monday,19,57.37
green,Bronx,Brooklyn,2,Monday,20,56.67
green,Bronx,Brooklyn,2,Monday,21,61.63
green,Bronx,Brooklyn,2,Monday,22,53.42
green,Bronx,Brooklyn,2,Monday,23,61.67
green,Bronx,Brooklyn,2,Saturday,0,51.68
green,Bronx,Brooklyn,2,Saturday,1,54.72
green,Bronx,Brooklyn,2,Saturday,2,49.23
green,Bronx,Brooklyn,2,Saturday,3,60.11
green,Bronx,Brooklyn,2,Saturday,4,45.69
green,Bronx,Brooklyn,2,Saturday,5,46.6
green,Bronx,Brooklyn,2,Saturday,6,64.98
green,Bronx,Brooklyn,2,Saturday,7,58.33
green,Bronx,Brooklyn,2,Saturday,8,65.05
green,Bronx,Brooklyn,2,Saturday,9,58.12
green,Bronx,Brooklyn,2,Saturday,10,60.12
green,Bronx,Brooklyn,2,Saturday,11,62.62
green,Bronx,Brooklyn,2,Saturday,12,67.98
green,Bronx,Brooklyn,2,Saturday,13,62.06
green,Bronx,Brooklyn,2,Saturday,14,62.58
green,Bronx,Brooklyn,2,Saturday,15,65.3
green,Bronx,Brooklyn,2,Saturday,16,60.73
green,Bronx,Brooklyn,2,Saturday,17,61.64
green,Bronx,Brooklyn,2,Saturday,18,68.01
green,Bronx,Brooklyn,2,Saturday,19,68.06
green,Bronx,Brooklyn,2,Saturday,20,60.61
green,Bronx,Brooklyn,2,Saturday,21,60.74
green,Bronx,Brooklyn,2,Saturday,22,58.48
green,Bronx,Brooklyn,2,Saturday,23,58.72
green,Bronx,Brooklyn,2,Sunday,0,60.75
green,Bronx,Brooklyn,2,Sunday,1,58.35
green,Bronx,Brooklyn,2,Sunday,2,58.77
green,Bronx,Brooklyn,2,Sunday,3,63.59
green,Bronx,Brooklyn,2,Sunday,4,57.75
green,Bronx,Brooklyn,2,Sunday,5,54.43
green,Bronx,Brooklyn,2,Sunday,6,51.81
green,Bronx,Brooklyn,2,Sunday,7,62.93
green,Bronx,Brooklyn,2,Sunday,8,60.49
green,Bronx,Brooklyn,2,Sunday,9,60.91
green,Bronx,Brooklyn,2,Sunday,10,61.34
green,Bronx,Brooklyn,2,Sunday,11,56.82
green,Bronx,Brooklyn,2,Sunday,12,61.02
green,Bronx,Brooklyn,2,Sunday,13,63.88
green,Bronx,Brooklyn,2,Sunday,14,61.47
green,Bronx,Brooklyn,2,Sunday,15,63.34
green,Bronx,Brooklyn,2,Sunday,16,69.47
green,Bronx,Brooklyn,2,Sunday,17,66.62
green,Bronx,Brooklyn,2,Sunday,18,61.12
green,Bronx,Brooklyn,2,Sunday,19,61.95
green,Bronx,Brooklyn,2,Sunday,20,57.08
green,Bronx,Brooklyn,2,Sunday,21,60.85
green,Bronx,Brooklyn,2,Sunday,22,67.85
green,Bronx,Brooklyn,2,Sunday,23,63.71
green,Bronx,Brooklyn,2,Thursday,0,56.25
green,Bronx,Brooklyn,2,Thursday,1,59.55
green,Bronx,Brooklyn,2,Thursday,2,55
green,Bronx,Brooklyn,2,Thursday,4,37.17
green,Bronx,Brooklyn,2,Thursday,5,59.33
green,Bronx,Brooklyn,2,Thursday,6,59.78
green,Bronx,Brooklyn,2,Thursday,7,67.63
green,Bronx,Brooklyn,2,Thursday,8,59.95
green,Bronx,Brooklyn,2,Thursday,9,65.49
green,Bronx,Brooklyn,2,Thursday,10,64.85
green,Bronx,Brooklyn,2,Thursday,11,63.55
green,Bronx,Brooklyn,2,Thursday,12,63.31
green,Bronx,Brooklyn,2,Thursday,13,60.28
green,Bronx,Brooklyn,2,Thursday,14,67.03
green,Bronx,Brooklyn,2,Thursday,15,68.94
green,Bronx,Brooklyn,2,Thursday,16,66.71
green,Bronx,Brooklyn,2,Thursday,17,72.63
green,Bronx,Brooklyn,2,Thursday,18,62.57
green,Bronx,Brooklyn,2,Thursday,19,62.48
green,Bronx,Brooklyn,2,Thursday,20,59.41
green,Bronx,Brooklyn,2,Thursday,21,67.26
green,Bronx,Brooklyn,2,Thursday,22,63.85
green,Bronx,Brooklyn,2,Thursday,23,53.7
green,Bronx,Brooklyn,2,Tuesday,0,63.57
green,Bronx,Brooklyn,2,Tuesday,1,24.15
green,Bronx,Brooklyn,2,Tuesday,2,67.68
green,Bronx,Brooklyn,2,Tuesday,3,41.5
green,Bronx,Brooklyn,2,Tuesday,4,32.37
green,Bronx,Brooklyn,2,Tuesday,5,54.53
green,Bronx,Brooklyn,2,Tuesday,6,61.14
green,Bronx,Brooklyn,2,Tuesday,7,64.88
green,Bronx,Brooklyn,2,Tuesday,8,57.77
green,Bronx,Brooklyn,2,Tuesday,9,57.17
green,Bronx,Brooklyn,2,Tuesday,10,60.96
green,Bronx,Brooklyn,2,Tuesday,11,62.83
green,Bronx,Brooklyn,2,Tuesday,12,65.37
green,Bronx,Brooklyn,2,Tuesday,13,59.91
green,Bronx,Brooklyn,2,Tuesday,14,66.51
green,Bronx,Brooklyn,2,Tuesday,15,72.17
green,Bronx,Brooklyn,2,Tuesday,16,67.25
green,Bronx,Brooklyn,2,Tuesday,17,72.15
green,Bronx,Brooklyn,2,Tuesday,18,63.76
green,Bronx,Brooklyn,2,Tuesday,19,62.21
green,Bronx,Brooklyn,2,Tuesday,20,62.91
green,Bronx,Brooklyn,2,Tuesday,21,55.63
green,Bronx,Brooklyn,2,Tuesday,22,65.88
green,Bronx,Brooklyn,2,Tuesday,23,58.5
green,Bronx,Brooklyn,2,Wednesday,0,60.28
green,Bronx,Brooklyn,2,Wednesday,1,49.32
green,Bronx,Brooklyn,2,Wednesday,2,61.53
green,Bronx,Brooklyn,2,Wednesday,3,73.26
green,Bronx,Brooklyn,2,Wednesday,4,62.09
green,Bronx,Brooklyn,2,Wednesday,5,51.64
green,Bronx,Brooklyn,2,Wednesday,6,59.2
green,Bronx,Brooklyn,2,Wednesday,7,69.54
green,Bronx,Brooklyn,2,Wednesday,8,57.91
green,Bronx,Brooklyn,2,Wednesday,9,62.7
green,Bronx,Brooklyn,2,Wednesday,10,63.56
green,Bronx,Brooklyn,2,Wednesday,11,58.25
green,Bronx,Brooklyn,2,Wednesday,12,58.58
green,Bronx,Brooklyn,2,Wednesday,13,64.7
green,Bronx,Brooklyn,2,Wednesday,14,65.44
green,Bronx,Brooklyn,2,Wednesday,15,63.36
green,Bronx,Brooklyn,2,Wednesday,16,70.46
green,Bronx,Brooklyn,2,Wednesday,17,68.39
green,Bronx,Brooklyn,2,Wednesday,18,64.48
green,Bronx,Brooklyn,2,Wednesday,19,65.27
green,Bronx,Brooklyn,2,Wednesday,20,55.63
green,Bronx,Brooklyn,2,Wednesday,21,54.14
green,Bronx,Brooklyn,2,Wednesday,22,57.4
green,Bronx,Brooklyn,2,Wednesday,23,51.35
green,Bronx,Brooklyn,3,Friday,0,56.24
green,Bronx,Brooklyn,3,Friday,1,40.71
green,Bronx,Brooklyn,3,Friday,2,46.25
green,Bronx,Brooklyn,3,Friday,3,50.27
green,Bronx,Brooklyn,3,Friday,4,42.5
green,Bronx,Brooklyn,3,Friday,5,56.59
green,Bronx,Brooklyn,3,Friday,6,60.1
green,Bronx,Brooklyn,3,Friday,7,64
green,Bronx,Brooklyn,3,Friday,8,63.46
green,Bronx,Brooklyn,3,Friday,9,62.72
green,Bronx,Brooklyn,3,Friday,10,62.07
green,Bronx,Brooklyn,3,Friday,11,61.18
green,Bronx,Brooklyn,3,Friday,12,62.82
green,Bronx,Brooklyn,3,Friday,13,65.33
green,Bronx,Brooklyn,3,Friday,14,67.47
green,Bronx,Brooklyn,3,Friday,15,71.02
green,Bronx,Brooklyn,3,Friday,16,71.13
green,Bronx,Brooklyn,3,Friday,17,70.76
green,Bronx,Brooklyn,3,Friday,18,67.51
green,Bronx,Brooklyn,3,Friday,19,64.48
green,Bronx,Brooklyn,3,Friday,20,61.64
green,Bronx,Brooklyn,3,Friday,21,57.67
green,Bronx,Brooklyn,3,Friday,22,63.15
green,Bronx,Brooklyn,3,Friday,23,60.68
green,Bronx,Brooklyn,3,Monday,0,55.66
green,Bronx,Brooklyn,3,Monday,1,55.87
green,Bronx,Brooklyn,3,Monday,2,33.53
green,Bronx,Brooklyn,3,Monday,3,62.47
green,Bronx,Brooklyn,3,Monday,4,51.88
green,Bronx,Brooklyn,3,Monday,5,52.68
green,Bronx,Brooklyn,3,Monday,6,70.53
green,Bronx,Brooklyn,3,Monday,7,66.51
green,Bronx,Brooklyn,3,Monday,8,65.02
green,Bronx,Brooklyn,3,Monday,9,61.48
green,Bronx,Brooklyn,3,Monday,10,61.53
green,Bronx,Brooklyn,3,Monday,11,63.3
green,Bronx,Brooklyn,3,Monday,12,64.38
green,Bronx,Brooklyn,3,Monday,13,63.18
green,Bronx,Brooklyn,3,Monday,14,64.06
green,Bronx,Brooklyn,3,Monday,15,65.03
green,Bronx,Brooklyn,3,Monday,16,67.88
green,Bronx,Brooklyn,3,Monday,17,65.21
green,Bronx,Brooklyn,3,Monday,18,63.57
green,Bronx,Brooklyn,3,Monday,19,66.46
green,Bronx,Brooklyn,3,Monday,20,61.97
green,Bronx,Brooklyn,3,Monday,21,64.85
green,Bronx,Brooklyn,3,Monday,22,58.04
green,Bronx,Brooklyn,3,Monday,23,68.06
green,Bronx,Brooklyn,3,Saturday,0,57.2
green,Bronx,Brooklyn,3,Saturday,1,58.33
green,Bronx,Brooklyn,3,Saturday,2,59.88
green,Bronx,Brooklyn,3,Saturday,3,66.08
green,Bronx,Brooklyn,3,Saturday,4,52.08
green,Bronx,Brooklyn,3,Saturday,5,47.82
green,Bronx,Brooklyn,3,Saturday,6,58.24
green,Bronx,Brooklyn,3,Saturday,7,60.89
green,Bronx,Brooklyn,3,Saturday,8,65.45
green,Bronx,Brooklyn,3,Saturday,9,59.74
green,Bronx,Brooklyn,3,Saturday,10,56
green,Bronx,Brooklyn,3,Saturday,11,60.96
green,Bronx,Brooklyn,3,Saturday,12,64.14
green,Bronx,Brooklyn,3,Saturday,13,60.64
green,Bronx,Brooklyn,3,Saturday,14,66.14
green,Bronx,Brooklyn,3,Saturday,15,66.69
green,Bronx,Brooklyn,3,Saturday,16,63.16
green,Bronx,Brooklyn,3,Saturday,17,64.5
green,Bronx,Brooklyn,3,Saturday,18,68.29
green,Bronx,Brooklyn,3,Saturday,19,61.18
green,Bronx,Brooklyn,3,Saturday,20,61.32
green,Bronx,Brooklyn,3,Saturday,21,59.57
green,Bronx,Brooklyn,3,Saturday,22,57.79
green,Bronx,Brooklyn,3,Saturday,23,59.41
green,Bronx,Brooklyn,3,Sunday,0,54.16
green,Bronx,Brooklyn,3,Sunday,1,57.58
green,Bronx,Brooklyn,3,Sunday,2,55.43
green,Bronx,Brooklyn,3,Sunday,3,46.25
green,Bronx,Brooklyn,3,Sunday,4,54.47
green,Bronx,Brooklyn,3,Sunday,5,52.82
green,Bronx,Brooklyn,3,Sunday,6,60.03
green,Bronx,Brooklyn,3,Sunday,7,60.78
green,Bronx,Brooklyn,3,Sunday,8,63.52
green,Bronx,Brooklyn,3,Sunday,9,62.72
green,Bronx,Brooklyn,3,Sunday,10,59.61
green,Bronx,Brooklyn,3,Sunday,11,60.26
green,Bronx,Brooklyn,3,Sunday,12,59.31
green,Bronx,Brooklyn,3,Sunday,13,65.12
green,Bronx,Brooklyn,3,Sunday,14,64.56
green,Bronx,Brooklyn,3,Sunday,15,67.89
green,Bronx,Brooklyn,3,Sunday,16,64.79
green,Bronx,Brooklyn,3,Sunday,17,64.62
green,Bronx,Brooklyn,3,Sunday,18,68.75
green,Bronx,Brooklyn,3,Sunday,19,61.05
green,Bronx,Brooklyn,3,Sunday,20,60.36
green,Bronx,Brooklyn,3,Sunday,21,56.84
green,Bronx,Brooklyn,3,Sunday,22,61.62
green,Bronx,Brooklyn,3,Sunday,23,58.06
green,Bronx,Brooklyn,3,Thursday,0,61.3
green,Bronx,Brooklyn,3,Thursday,1,59.64
green,Bronx,Brooklyn,3,Thursday,2,60.71
green,Bronx,Brooklyn,3,Thursday,3,52.12
green,Bronx,Brooklyn,3,Thursday,4,63.08
green,Bronx,Brooklyn,3,Thursday,5,56.58
green,Bronx,Brooklyn,3,Thursday,6,56.7
green,Bronx,Brooklyn,3,Thursday,7,67.58
green,Bronx,Brooklyn,3,Thursday,8,62.38
green,Bronx,Brooklyn,3,Thursday,9,61.51
green,Bronx,Brooklyn,3,Thursday,10,63.61
green,Bronx,Brooklyn,3,Thursday,11,62.41
green,Bronx,Brooklyn,3,Thursday,12,62.75
green,Bronx,Brooklyn,3,Thursday,13,59.89
green,Bronx,Brooklyn,3,Thursday,14,69.89
green,Bronx,Brooklyn,3,Thursday,15,69.83
green,Bronx,Brooklyn,3,Thursday,16,69.63
green,Bronx,Brooklyn,3,Thursday,17,68.33
green,Bronx,Brooklyn,3,Thursday,18,63.28
green,Bronx,Brooklyn,3,Thursday,19,64.05
green,Bronx,Brooklyn,3,Thursday,20,56.38
green,Bronx,Brooklyn,3,Thursday,21,64.04
green,Bronx,Brooklyn,3,Thursday,22,55.8
green,Bronx,Brooklyn,3,Thursday,23,51.7
green,Bronx,Brooklyn,3,Tuesday,0,61.21
green,Bronx,Brooklyn,3,Tuesday,1,58.7
green,Bronx,Brooklyn,3,Tuesday,2,57.46
green,Bronx,Brooklyn,3,Tuesday,3,57.62
green,Bronx,Brooklyn,3,Tuesday,4,51.71
green,Bronx,Brooklyn,3,Tuesday,5,49.82
green,Bronx,Brooklyn,3,Tuesday,6,66.51
green,Bronx,Brooklyn,3,Tuesday,7,70.23
green,Bronx,Brooklyn,3,Tuesday,8,64.23
green,Bronx,Brooklyn,3,Tuesday,9,63.68
green,Bronx,Brooklyn,3,Tuesday,10,60.64
green,Bronx,Brooklyn,3,Tuesday,11,62.45
green,Bronx,Brooklyn,3,Tuesday,12,68.59
green,Bronx,Brooklyn,3,Tuesday,13,60.85
green,Bronx,Brooklyn,3,Tuesday,14,67.05
green,Bronx,Brooklyn,3,Tuesday,15,69.92
green,Bronx,Brooklyn,3,Tuesday,16,72.35
green,Bronx,Brooklyn,3,Tuesday,17,65.73
green,Bronx,Brooklyn,3,Tuesday,18,65.3
green,Bronx,Brooklyn,3,Tuesday,19,70.99
green,Bronx,Brooklyn,3,Tuesday,20,65.32
green,Bronx,Brooklyn,3,Tuesday,21,61.22
green,Bronx,Brooklyn,3,Tuesday,22,69.77
green,Bronx,Brooklyn,3,Tuesday,23,72.29
green,Bronx,Brooklyn,3,Wednesday,0,53.84
green,Bronx,Brooklyn,3,Wednesday,1,71.24
green,Bronx,Brooklyn,3,Wednesday,2,94.8
green,Bronx,Brooklyn,3,Wednesday,4,59.19
green,Bronx,Brooklyn,3,Wednesday,5,55.24
green,Bronx,Brooklyn,3,Wednesday,6,64.17
green,Bronx,Brooklyn,3,Wednesday,7,61.18
green,Bronx,Brooklyn,3,Wednesday,8,60.7
green,Bronx,Brooklyn,3,Wednesday,9,58.18
green,Bronx,Brooklyn,3,Wednesday,10,65.08
green,Bronx,Brooklyn,3,Wednesday,11,66.73
green,Bronx,Brooklyn,3,Wednesday,12,68.34
green,Bronx,Brooklyn,3,Wednesday,13,66.6
green,Bronx,Brooklyn,3,Wednesday,14,65.41
green,Bronx,Brooklyn,3,Wednesday,15,74.53
green,Bronx,Brooklyn,3,Wednesday,16,68.96
green,Bronx,Brooklyn,3,Wednesday,17,66.95
green,Bronx,Brooklyn,3,Wednesday,18,66.12
green,Bronx,Brooklyn,3,Wednesday,19,60.9
green,Bronx,Brooklyn,3,Wednesday,20,61.08
green,Bronx,Brooklyn,3,Wednesday,21,58.78
green,Bronx,Brooklyn,3,Wednesday,22,64.55
green,Bronx,Brooklyn,3,Wednesday,23,52.25
green,Bronx,Brooklyn,4,Friday,0,55.11
green,Bronx,Brooklyn,4,Friday,1,65.43
green,Bronx,Brooklyn,4,Friday,2,39.1
green,Bronx,Brooklyn,4,Friday,3,54.05
green,Bronx,Brooklyn,4,Friday,4,61.1
green,Bronx,Brooklyn,4,Friday,5,50.09
green,Bronx,Brooklyn,4,Friday,6,66.42
green,Bronx,Brooklyn,4,Friday,7,65.41
green,Bronx,Brooklyn,4,Friday,8,62.66
green,Bronx,Brooklyn,4,Friday,9,62.11
green,Bronx,Brooklyn,4,Friday,10,56.31
green,Bronx,Brooklyn,4,Friday,11,66.44
green,Bronx,Brooklyn,4,Friday,12,64.66
green,Bronx,Brooklyn,4,Friday,13,61.76
green,Bronx,Brooklyn,4,Friday,14,69.38
green,Bronx,Brooklyn,4,Friday,15,73.45
green,Bronx,Brooklyn,4,Friday,16,76.45
green,Bronx,Brooklyn,4,Friday,17,70.76
green,Bronx,Brooklyn,4,Friday,18,65.16
green,Bronx,Brooklyn,4,Friday,19,60.29
green,Bronx,Brooklyn,4,Friday,20,71.17
green,Bronx,Brooklyn,4,Friday,21,54.57
green,Bronx,Brooklyn,4,Friday,22,64.6
green,Bronx,Brooklyn,4,Friday,23,57.21
green,Bronx,Brooklyn,4,Monday,0,46.69
green,Bronx,Brooklyn,4,Monday,1,50.76
green,Bronx,Brooklyn,4,Monday,2,42.06
green,Bronx,Brooklyn,4,Monday,3,62.69
green,Bronx,Brooklyn,4,Monday,4,54.33
green,Bronx,Brooklyn,4,Monday,5,47.48
green,Bronx,Brooklyn,4,Monday,6,69.2
green,Bronx,Brooklyn,4,Monday,7,66.52
green,Bronx,Brooklyn,4,Monday,8,67.16
green,Bronx,Brooklyn,4,Monday,9,61.44
green,Bronx,Brooklyn,4,Monday,10,67.41
green,Bronx,Brooklyn,4,Monday,11,65.5
green,Bronx,Brooklyn,4,Monday,12,66.12
green,Bronx,Brooklyn,4,Monday,13,62.67
green,Bronx,Brooklyn,4,Monday,14,69.49
green,Bronx,Brooklyn,4,Monday,15,72.24
green,Bronx,Brooklyn,4,Monday,16,79.21
green,Bronx,Brooklyn,4,Monday,17,62.52
green,Bronx,Brooklyn,4,Monday,18,67.35
green,Bronx,Brooklyn,4,Monday,19,62.14
green,Bronx,Brooklyn,4,Monday,20,63.02
green,Bronx,Brooklyn,4,Monday,21,59.04
green,Bronx,Brooklyn,4,Monday,22,59.55
green,Bronx,Brooklyn,4,Monday,23,55.92
green,Bronx,Brooklyn,4,Saturday,0,55.07
green,Bronx,Brooklyn,4,Saturday,1,58.5
green,Bronx,Brooklyn,4,Saturday,2,54.95
green,Bronx,Brooklyn,4,Saturday,3,57.17
green,Bronx,Brooklyn,4,Saturday,4,51.69
green,Bronx,Brooklyn,4,Saturday,5,55.49
green,Bronx,Brooklyn,4,Saturday,6,50.64
green,Bronx,Brooklyn,4,Saturday,7,56.56
green,Bronx,Brooklyn,4,Saturday,8,59.93
green,Bronx,Brooklyn,4,Saturday,9,64.79
green,Bronx,Brooklyn,4,Saturday,10,61.64
green,Bronx,Brooklyn,4,Saturday,11,63.71
green,Bronx,Brooklyn,4,Saturday,12,61.74
green,Bronx,Brooklyn,4,Saturday,13,61.83
green,Bronx,Brooklyn,4,Saturday,14,65.12
green,Bronx,Brooklyn,4,Saturday,15,67.22
green,Bronx,Brooklyn,4,Saturday,16,68.75
green,Bronx,Brooklyn,4,Saturday,17,62.22
green,Bronx,Brooklyn,4,Saturday,18,63.91
green,Bronx,Brooklyn,4,Saturday,19,65.99
green,Bronx,Brooklyn,4,Saturday,20,62.75
green,Bronx,Brooklyn,4,Saturday,21,70.37
green,Bronx,Brooklyn,4,Saturday,22,58.75
green,Bronx,Brooklyn,4,Saturday,23,57.05
green,Bronx,Brooklyn,4,Sunday,0,59.02
green,Bronx,Brooklyn,4,Sunday,1,58.16
green,Bronx,Brooklyn,4,Sunday,2,62.69
green,Bronx,Brooklyn,4,Sunday,3,64.79
green,Bronx,Brooklyn,4,Sunday,4,56.77
green,Bronx,Brooklyn,4,Sunday,5,51.84
green,Bronx,Brooklyn,4,Sunday,6,53.82
green,Bronx,Brooklyn,4,Sunday,7,59.29
green,Bronx,Brooklyn,4,Sunday,8,60.13
green,Bronx,Brooklyn,4,Sunday,9,65.82
green,Bronx,Brooklyn,4,Sunday,10,58.64
green,Bronx,Brooklyn,4,Sunday,11,62.12
green,Bronx,Brooklyn,4,Sunday,12,58.79
green,Bronx,Brooklyn,4,Sunday,13,66.05
green,Bronx,Brooklyn,4,Sunday,14,70.14
green,Bronx,Brooklyn,4,Sunday,15,66.86
green,Bronx,Brooklyn,4,Sunday,16,61.5
green,Bronx,Brooklyn,4,Sunday,17,61.71
green,Bronx,Brooklyn,4,Sunday,18,64.39
green,Bronx,Brooklyn,4,Sunday,19,70.16
green,Bronx,Brooklyn,4,Sunday,20,60.86
green,Bronx,Brooklyn,4,Sunday,21,59.72
green,Bronx,Brooklyn,4,Sunday,22,56.81
green,Bronx,Brooklyn,4,Sunday,23,51.7
green,Bronx,Brooklyn,4,Thursday,0,53.84
green,Bronx,Brooklyn,4,Thursday,1,49.87
green,Bronx,Brooklyn,4,Thursday,2,72.62
green,Bronx,Brooklyn,4,Thursday,3,50.94
green,Bronx,Brooklyn,4,Thursday,4,60.46
green,Bronx,Brooklyn,4,Thursday,5,55.29
green,Bronx,Brooklyn,4,Thursday,6,68.45
green,Bronx,Brooklyn,4,Thursday,7,65.71
green,Bronx,Brooklyn,4,Thursday,8,61.01
green,Bronx,Brooklyn,4,Thursday,9,61.02
green,Bronx,Brooklyn,4,Thursday,10,67.64
green,Bronx,Brooklyn,4,Thursday,11,64.92
green,Bronx,Brooklyn,4,Thursday,12,63.36
green,Bronx,Brooklyn,4,Thursday,13,65.02
green,Bronx,Brooklyn,4,Thursday,14,65.76
green,Bronx,Brooklyn,4,Thursday,15,70.91
green,Bronx,Brooklyn,4,Thursday,16,75.88
green,Bronx,Brooklyn,4,Thursday,17,76.76
green,Bronx,Brooklyn,4,Thursday,18,68.87
green,Bronx,Brooklyn,4,Thursday,19,67.08
green,Bronx,Brooklyn,4,Thursday,20,54.69
green,Bronx,Brooklyn,4,Thursday,21,61.29
green,Bronx,Brooklyn,4,Thursday,22,60.22
green,Bronx,Brooklyn,4,Thursday,23,55.42
green,Bronx,Brooklyn,4,Tuesday,0,63.1
green,Bronx,Brooklyn,4,Tuesday,1,53.64
green,Bronx,Brooklyn,4,Tuesday,2,65.47
green,Bronx,Brooklyn,4,Tuesday,3,63.65
green,Bronx,Brooklyn,4,Tuesday,4,43.51
green,Bronx,Brooklyn,4,Tuesday,5,54.01
green,Bronx,Brooklyn,4,Tuesday,6,63.11
green,Bronx,Brooklyn,4,Tuesday,7,69.65
green,Bronx,Brooklyn,4,Tuesday,8,65.42
green,Bronx,Brooklyn,4,Tuesday,9,65.18
green,Bronx,Brooklyn,4,Tuesday,10,62.54
green,Bronx,Brooklyn,4,Tuesday,11,65.61
green,Bronx,Brooklyn,4,Tuesday,12,61.75
green,Bronx,Brooklyn,4,Tuesday,13,60.29
green,Bronx,Brooklyn,4,Tuesday,14,65.78
green,Bronx,Brooklyn,4,Tuesday,15,71.58
green,Bronx,Brooklyn,4,Tuesday,16,73.3
green,Bronx,Brooklyn,4,Tuesday,17,66.12
green,Bronx,Brooklyn,4,Tuesday,18,60.6
green,Bronx,Brooklyn,4,Tuesday,19,64.98
green,Bronx,Brooklyn,4,Tuesday,20,64
green,Bronx,Brooklyn,4,Tuesday,21,59.24
green,Bronx,Brooklyn,4,Tuesday,22,61.95
green,Bronx,Brooklyn,4,Tuesday,23,55.79
green,Bronx,Brooklyn,4,Wednesday,0,58.17
green,Bronx,Brooklyn,4,Wednesday,1,60.96
green,Bronx,Brooklyn,4,Wednesday,2,62.66
green,Bronx,Brooklyn,4,Wednesday,3,46.4
green,Bronx,Brooklyn,4,Wednesday,4,57.26
green,Bronx,Brooklyn,4,Wednesday,5,30.58
green,Bronx,Brooklyn,4,Wednesday,6,66.76
green,Bronx,Brooklyn,4,Wednesday,7,64.93
green,Bronx,Brooklyn,4,Wednesday,8,65.53
green,Bronx,Brooklyn,4,Wednesday,9,59.58
green,Bronx,Brooklyn,4,Wednesday,10,63.56
green,Bronx,Brooklyn,4,Wednesday,11,71.99
green,Bronx,Brooklyn,4,Wednesday,12,64.77
green,Bronx,Brooklyn,4,Wednesday,13,66.81
green,Bronx,Brooklyn,4,Wednesday,14,67.77
green,Bronx,Brooklyn,4,Wednesday,15,71.3
green,Bronx,Brooklyn,4,Wednesday,16,72.65
green,Bronx,Brooklyn,4,Wednesday,17,69.89
green,Bronx,Brooklyn,4,Wednesday,18,64.35
green,Bronx,Brooklyn,4,Wednesday,19,60.39
green,Bronx,Brooklyn,4,Wednesday,20,56.99
green,Bronx,Brooklyn,4,Wednesday,21,65.37
green,Bronx,Brooklyn,4,Wednesday,22,60.87
green,Bronx,Brooklyn,4,Wednesday,23,52.13
green,Bronx,Brooklyn,5,Friday,0,51.66
green,Bronx,Brooklyn,5,Friday,1,62.41
green,Bronx,Brooklyn,5,Friday,2,56.07
green,Bronx,Brooklyn,5,Friday,3,54.39
green,Bronx,Brooklyn,5,Friday,4,56.21
green,Bronx,Brooklyn,5,Friday,5,68.98
green,Bronx,Brooklyn,5,Friday,6,65.86
green,Bronx,Brooklyn,5,Friday,7,69.2
green,Bronx,Brooklyn,5,Friday,8,63.49
green,Bronx,Brooklyn,5,Friday,9,58.63
green,Bronx,Brooklyn,5,Friday,10,71.67
green,Bronx,Brooklyn,5,Friday,11,63.24
green,Bronx,Brooklyn,5,Friday,12,66.42
green,Bronx,Brooklyn,5,Friday,13,72.64
green,Bronx,Brooklyn,5,Friday,14,71.01
green,Bronx,Brooklyn,5,Friday,15,76.14
green,Bronx,Brooklyn,5,Friday,16,74.08
green,Bronx,Brooklyn,5,Friday,17,73.14
green,Bronx,Brooklyn,5,Friday,18,65.88
green,Bronx,Brooklyn,5,Friday,19,64.57
green,Bronx,Brooklyn,5,Friday,20,58.67
green,Bronx,Brooklyn,5,Friday,21,61.26
green,Bronx,Brooklyn,5,Friday,22,56.91
green,Bronx,Brooklyn,5,Friday,23,53.95
green,Bronx,Brooklyn,5,Monday,0,56.1
green,Bronx,Brooklyn,5,Monday,1,53.46
green,Bronx,Brooklyn,5,Monday,2,50.57
green,Bronx,Brooklyn,5,Monday,3,57.45
green,Bronx,Brooklyn,5,Monday,4,33.42
green,Bronx,Brooklyn,5,Monday,5,67.86
green,Bronx,Brooklyn,5,Monday,6,66.5
green,Bronx,Brooklyn,5,Monday,7,67.08
green,Bronx,Brooklyn,5,Monday,8,69.77
green,Bronx,Brooklyn,5,Monday,9,57.13
green,Bronx,Brooklyn,5,Monday,10,64.59
green,Bronx,Brooklyn,5,Monday,11,67.59
green,Bronx,Brooklyn,5,Monday,12,66.89
green,Bronx,Brooklyn,5,Monday,13,66.55
green,Bronx,Brooklyn,5,Monday,14,65.93
green,Bronx,Brooklyn,5,Monday,15,69.67
green,Bronx,Brooklyn,5,Monday,16,73.53
green,Bronx,Brooklyn,5,Monday,17,64.91
green,Bronx,Brooklyn,5,Monday,18,64.4
green,Bronx,Brooklyn,5,Monday,19,64.05
green,Bronx,Brooklyn,5,Monday,20,60.94
green,Bronx,Brooklyn,5,Monday,21,62.55
green,Bronx,Brooklyn,5,Monday,22,62.5
green,Bronx,Brooklyn,5,Monday,23,60.72
green,Bronx,Brooklyn,5,Saturday,0,57.92
green,Bronx,Brooklyn,5,Saturday,1,58.01
green,Bronx,Brooklyn,5,Saturday,2,46.89
green,Bronx,Brooklyn,5,Saturday,3,46.18
green,Bronx,Brooklyn,5,Saturday,4,56.08
green,Bronx,Brooklyn,5,Saturday,5,51.15
green,Bronx,Brooklyn,5,Saturday,6,58.56
green,Bronx,Brooklyn,5,Saturday,7,61.67
green,Bronx,Brooklyn,5,Saturday,8,64.57
green,Bronx,Brooklyn,5,Saturday,9,62.76
green,Bronx,Brooklyn,5,Saturday,10,64.64
green,Bronx,Brooklyn,5,Saturday,11,65.35
green,Bronx,Brooklyn,5,Saturday,12,63.8
green,Bronx,Brooklyn,5,Saturday,13,60.02
green,Bronx,Brooklyn,5,Saturday,14,66.86
green,Bronx,Brooklyn,5,Saturday,15,65.3
green,Bronx,Brooklyn,5,Saturday,16,64.62
green,Bronx,Brooklyn,5,Saturday,17,64.17
green,Bronx,Brooklyn,5,Saturday,18,64.93
green,Bronx,Brooklyn,5,Saturday,19,67.84
green,Bronx,Brooklyn,5,Saturday,20,62.85
green,Bronx,Brooklyn,5,Saturday,21,55.58
green,Bronx,Brooklyn,5,Saturday,22,59.92
green,Bronx,Brooklyn,5,Saturday,23,63.2
green,Bronx,Brooklyn,5,Sunday,0,60.17
green,Bronx,Brooklyn,5,Sunday,1,58.42
green,Bronx,Brooklyn,5,Sunday,2,56.31
green,Bronx,Brooklyn,5,Sunday,3,54.39
green,Bronx,Brooklyn,5,Sunday,4,58.91
green,Bronx,Brooklyn,5,Sunday,5,47.48
green,Bronx,Brooklyn,5,Sunday,6,54.53
green,Bronx,Brooklyn,5,Sunday,7,61.11
green,Bronx,Brooklyn,5,Sunday,8,57.29
green,Bronx,Brooklyn,5,Sunday,9,59.47
green,Bronx,Brooklyn,5,Sunday,10,62.62
green,Bronx,Brooklyn,5,Sunday,11,60.53
green,Bronx,Brooklyn,5,Sunday,12,63.56
green,Bronx,Brooklyn,5,Sunday,13,66.71
green,Bronx,Brooklyn,5,Sunday,14,68.83
green,Bronx,Brooklyn,5,Sunday,15,67.83
green,Bronx,Brooklyn,5,Sunday,16,64.63
green,Bronx,Brooklyn,5,Sunday,17,64.85
green,Bronx,Brooklyn,5,Sunday,18,62.52
green,Bronx,Brooklyn,5,Sunday,19,68.7
green,Bronx,Brooklyn,5,Sunday,20,61.46
green,Bronx,Brooklyn,5,Sunday,21,60.64
green,Bronx,Brooklyn,5,Sunday,22,58.35
green,Bronx,Brooklyn,5,Sunday,23,64.12
green,Bronx,Brooklyn,5,Thursday,0,58.12
green,Bronx,Brooklyn,5,Thursday,1,48.06
green,Bronx,Brooklyn,5,Thursday,2,60.75
green,Bronx,Brooklyn,5,Thursday,3,54.38
green,Bronx,Brooklyn,5,Thursday,4,43.15
green,Bronx,Brooklyn,5,Thursday,5,62.7
green,Bronx,Brooklyn,5,Thursday,6,68.01
green,Bronx,Brooklyn,5,Thursday,7,73.39
green,Bronx,Brooklyn,5,Thursday,8,64.67
green,Bronx,Brooklyn,5,Thursday,9,68.36
green,Bronx,Brooklyn,5,Thursday,10,63.17
green,Bronx,Brooklyn,5,Thursday,11,66.36
green,Bronx,Brooklyn,5,Thursday,12,65.33
green,Bronx,Brooklyn,5,Thursday,13,69.21
green,Bronx,Brooklyn,5,Thursday,14,75.33
green,Bronx,Brooklyn,5,Thursday,15,72.94
green,Bronx,Brooklyn,5,Thursday,16,77.65
green,Bronx,Brooklyn,5,Thursday,17,76.27
green,Bronx,Brooklyn,5,Thursday,18,72.21
green,Bronx,Brooklyn,5,Thursday,19,72.57
green,Bronx,Brooklyn,5,Thursday,20,64.16
green,Bronx,Brooklyn,5,Thursday,21,61.33
green,Bronx,Brooklyn,5,Thursday,22,61.85
green,Bronx,Brooklyn,5,Thursday,23,64.41
green,Bronx,Brooklyn,5,Tuesday,0,52.11
green,Bronx,Brooklyn,5,Tuesday,1,57.84
green,Bronx,Brooklyn,5,Tuesday,2,61.63
green,Bronx,Brooklyn,5,Tuesday,3,56.11
green,Bronx,Brooklyn,5,Tuesday,4,58.92
green,Bronx,Brooklyn,5,Tuesday,5,64.56
green,Bronx,Brooklyn,5,Tuesday,6,68.56
green,Bronx,Brooklyn,5,Tuesday,7,71.23
green,Bronx,Brooklyn,5,Tuesday,8,64.24
green,Bronx,Brooklyn,5,Tuesday,9,64.95
green,Bronx,Brooklyn,5,Tuesday,10,64.01
green,Bronx,Brooklyn,5,Tuesday,11,67.78
green,Bronx,Brooklyn,5,Tuesday,12,64.22
green,Bronx,Brooklyn,5,Tuesday,13,64.83
green,Bronx,Brooklyn,5,Tuesday,14,72.52
green,Bronx,Brooklyn,5,Tuesday,15,76.32
green,Bronx,Brooklyn,5,Tuesday,16,75.12
green,Bronx,Brooklyn,5,Tuesday,17,73.07
green,Bronx,Brooklyn,5,Tuesday,18,66.55
green,Bronx,Brooklyn,5,Tuesday,19,68.96
green,Bronx,Brooklyn,5,Tuesday,20,63.29
green,Bronx,Brooklyn,5,Tuesday,21,64.97
green,Bronx,Brooklyn,5,Tuesday,22,58.62
green,Bronx,Brooklyn,5,Tuesday,23,57.69
green,Bronx,Brooklyn,5,Wednesday,0,59.12
green,Bronx,Brooklyn,5,Wednesday,1,48.6
green,Bronx,Brooklyn,5,Wednesday,2,43.22
green,Bronx,Brooklyn,5,Wednesday,3,52.71
green,Bronx,Brooklyn,5,Wednesday,4,45.89
green,Bronx,Brooklyn,5,Wednesday,5,56.75
green,Bronx,Brooklyn,5,Wednesday,6,65.95
green,Bronx,Brooklyn,5,Wednesday,7,71.32
green,Bronx,Brooklyn,5,Wednesday,8,64.56
green,Bronx,Brooklyn,5,Wednesday,9,65.86
green,Bronx,Brooklyn,5,Wednesday,10,72.12
green,Bronx,Brooklyn,5,Wednesday,11,66.24
green,Bronx,Brooklyn,5,Wednesday,12,66.85
green,Bronx,Brooklyn,5,Wednesday,13,67.12
green,Bronx,Brooklyn,5,Wednesday,14,68.05
green,Bronx,Brooklyn,5,Wednesday,15,76.76
green,Bronx,Brooklyn,5,Wednesday,16,77.26
green,Bronx,Brooklyn,5,Wednesday,17,73.88
green,Bronx,Brooklyn,5,Wednesday,18,70.05
green,Bronx,Brooklyn,5,Wednesday,19,63.11
green,Bronx,Brooklyn,5,Wednesday,20,68.27
green,Bronx,Brooklyn,5,Wednesday,21,58.88
green,Bronx,Brooklyn,5,Wednesday,22,56.74
green,Bronx,Brooklyn,5,Wednesday,23,61.45
green,Bronx,Brooklyn,6,Friday,0,63.82
green,Bronx,Brooklyn,6,Friday,1,58.1
green,Bronx,Brooklyn,6,Friday,2,47.95
green,Bronx,Brooklyn,6,Friday,3,59.06
green,Bronx,Brooklyn,6,Friday,4,54.02
green,Bronx,Brooklyn,6,Friday,5,62.18
green,Bronx,Brooklyn,6,Friday,6,63.35
green,Bronx,Brooklyn,6,Friday,7,63.96
green,Bronx,Brooklyn,6,Friday,8,67.12
green,Bronx,Brooklyn,6,Friday,9,63.77
green,Bronx,Brooklyn,6,Friday,10,64.32
green,Bronx,Brooklyn,6,Friday,11,67.1
green,Bronx,Brooklyn,6,Friday,12,67.78
green,Bronx,Brooklyn,6,Friday,13,77.44
green,Bronx,Brooklyn,6,Friday,14,76.42
green,Bronx,Brooklyn,6,Friday,15,77.93
green,Bronx,Brooklyn,6,Friday,16,75.98
green,Bronx,Brooklyn,6,Friday,17,76.88
green,Bronx,Brooklyn,6,Friday,18,69.23
green,Bronx,Brooklyn,6,Friday,19,68.36
green,Bronx,Brooklyn,6,Friday,20,61.86
green,Bronx,Brooklyn,6,Friday,21,61.49
green,Bronx,Brooklyn,6,Friday,22,64.55
green,Bronx,Brooklyn,6,Friday,23,64.03
green,Bronx,Brooklyn,6,Monday,0,51.58
green,Bronx,Brooklyn,6,Monday,1,46.75
green,Bronx,Brooklyn,6,Monday,2,66.32
green,Bronx,Brooklyn,6,Monday,3,51.01
green,Bronx,Brooklyn,6,Monday,4,58.12
green,Bronx,Brooklyn,6,Monday,5,59.27
green,Bronx,Brooklyn,6,Monday,6,69.32
green,Bronx,Brooklyn,6,Monday,7,72.24
green,Bronx,Brooklyn,6,Monday,8,62.59
green,Bronx,Brooklyn,6,Monday,9,68.32
green,Bronx,Brooklyn,6,Monday,10,64.09
green,Bronx,Brooklyn,6,Monday,11,66.03
green,Bronx,Brooklyn,6,Monday,12,66.85
green,Bronx,Brooklyn,6,Monday,13,63.12
green,Bronx,Brooklyn,6,Monday,14,76.28
green,Bronx,Brooklyn,6,Monday,15,73.13
green,Bronx,Brooklyn,6,Monday,16,83.01
green,Bronx,Brooklyn,6,Monday,17,71.66
green,Bronx,Brooklyn,6,Monday,18,71.79
green,Bronx,Brooklyn,6,Monday,19,74.25
green,Bronx,Brooklyn,6,Monday,20,57.47
green,Bronx,Brooklyn,6,Monday,21,58.93
green,Bronx,Brooklyn,6,Monday,22,54.83
green,Bronx,Brooklyn,6,Monday,23,53.11
green,Bronx,Brooklyn,6,Saturday,0,56.47
green,Bronx,Brooklyn,6,Saturday,1,56.26
green,Bronx,Brooklyn,6,Saturday,2,51.59
green,Bronx,Brooklyn,6,Saturday,3,61.61
green,Bronx,Brooklyn,6,Saturday,4,58.21
green,Bronx,Brooklyn,6,Saturday,5,62.16
green,Bronx,Brooklyn,6,Saturday,6,53.6
green,Bronx,Brooklyn,6,Saturday,7,61.76
green,Bronx,Brooklyn,6,Saturday,8,65.05
green,Bronx,Brooklyn,6,Saturday,9,68.59
green,Bronx,Brooklyn,6,Saturday,10,64.51
green,Bronx,Brooklyn,6,Saturday,11,66.84
green,Bronx,Brooklyn,6,Saturday,12,65.72
green,Bronx,Brooklyn,6,Saturday,13,73.42
green,Bronx,Brooklyn,6,Saturday,14,63.94
green,Bronx,Brooklyn,6,Saturday,15,70.73
green,Bronx,Brooklyn,6,Saturday,16,58.76
green,Bronx,Brooklyn,6,Saturday,17,65.01
green,Bronx,Brooklyn,6,Saturday,18,64.55
green,Bronx,Brooklyn,6,Saturday,19,73.16
green,Bronx,Brooklyn,6,Saturday,20,61.46
green,Bronx,Brooklyn,6,Saturday,21,61.77
green,Bronx,Brooklyn,6,Saturday,22,63.34
green,Bronx,Brooklyn,6,Saturday,23,58.54
green,Bronx,Brooklyn,6,Sunday,0,64.76
green,Bronx,Brooklyn,6,Sunday,1,57.46
green,Bronx,Brooklyn,6,Sunday,2,53.25
green,Bronx,Brooklyn,6,Sunday,3,55.89
green,Bronx,Brooklyn,6,Sunday,4,53.09
green,Bronx,Brooklyn,6,Sunday,5,55.48
green,Bronx,Brooklyn,6,Sunday,6,61.86
green,Bronx,Brooklyn,6,Sunday,7,68.44
green,Bronx,Brooklyn,6,Sunday,8,60.58
green,Bronx,Brooklyn,6,Sunday,9,55.91
green,Bronx,Brooklyn,6,Sunday,10,64.76
green,Bronx,Brooklyn,6,Sunday,11,62.7
green,Bronx,Brooklyn,6,Sunday,12,64.33
green,Bronx,Brooklyn,6,Sunday,13,63.97
green,Bronx,Brooklyn,6,Sunday,14,66.92
green,Bronx,Brooklyn,6,Sunday,15,67.46
green,Bronx,Brooklyn,6,Sunday,16,66.7
green,Bronx,Brooklyn,6,Sunday,17,63.21
green,Bronx,Brooklyn,6,Sunday,18,67.82
green,Bronx,Brooklyn,6,Sunday,19,66.14
green,Bronx,Brooklyn,6,Sunday,20,53.88
green,Bronx,Brooklyn,6,Sunday,21,66.46
green,Bronx,Brooklyn,6,Sunday,22,65.9
green,Bronx,Brooklyn,6,Sunday,23,61.59
green,Bronx,Brooklyn,6,Thursday,0,58.16
green,Bronx,Brooklyn,6,Thursday,1,51.98
green,Bronx,Brooklyn,6,Thursday,2,59.14
green,Bronx,Brooklyn,6,Thursday,3,58.3
green,Bronx,Brooklyn,6,Thursday,4,56.63
green,Bronx,Brooklyn,6,Thursday,5,66.16
green,Bronx,Brooklyn,6,Thursday,6,59.7
green,Bronx,Brooklyn,6,Thursday,7,76.19
green,Bronx,Brooklyn,6,Thursday,8,67.18
green,Bronx,Brooklyn,6,Thursday,9,67.62
green,Bronx,Brooklyn,6,Thursday,10,65.09
green,Bronx,Brooklyn,6,Thursday,11,70.79
green,Bronx,Brooklyn,6,Thursday,12,76.12
green,Bronx,Brooklyn,6,Thursday,13,64.94
green,Bronx,Brooklyn,6,Thursday,14,71.55
green,Bronx,Brooklyn,6,Thursday,15,75.69
green,Bronx,Brooklyn,6,Thursday,16,75.42
green,Bronx,Brooklyn,6,Thursday,17,71.87
green,Bronx,Brooklyn,6,Thursday,18,68.79
green,Bronx,Brooklyn,6,Thursday,19,63.43
green,Bronx,Brooklyn,6,Thursday,20,64.78
green,Bronx,Brooklyn,6,Thursday,21,67.32
green,Bronx,Brooklyn,6,Thursday,22,62.04
green,Bronx,Brooklyn,6,Thursday,23,63.52
green,Bronx,Brooklyn,6,Tuesday,0,49.31
green,Bronx,Brooklyn,6,Tuesday,1,56.91
green,Bronx,Brooklyn,6,Tuesday,2,62.54
green,Bronx,Brooklyn,6,Tuesday,3,61.72
green,Bronx,Brooklyn,6,Tuesday,5,59.16
green,Bronx,Brooklyn,6,Tuesday,6,66.54
green,Bronx,Brooklyn,6,Tuesday,7,69.18
green,Bronx,Brooklyn,6,Tuesday,8,67.23
green,Bronx,Brooklyn,6,Tuesday,9,65.66
green,Bronx,Brooklyn,6,Tuesday,10,67.46
green,Bronx,Brooklyn,6,Tuesday,11,63.97
green,Bronx,Brooklyn,6,Tuesday,12,64.98
green,Bronx,Brooklyn,6,Tuesday,13,66.79
green,Bronx,Brooklyn,6,Tuesday,14,68.47
green,Bronx,Brooklyn,6,Tuesday,15,77.83
green,Bronx,Brooklyn,6,Tuesday,16,76.53
green,Bronx,Brooklyn,6,Tuesday,17,77.11
green,Bronx,Brooklyn,6,Tuesday,18,66.73
green,Bronx,Brooklyn,6,Tuesday,19,61.56
green,Bronx,Brooklyn,6,Tuesday,20,63.73
green,Bronx,Brooklyn,6,Tuesday,21,58.41
green,Bronx,Brooklyn,6,Tuesday,22,59.63
green,Bronx,Brooklyn,6,Tuesday,23,56.64
green,Bronx,Brooklyn,6,Wednesday,0,62.8
green,Bronx,Brooklyn,6,Wednesday,1,55.19
green,Bronx,Brooklyn,6,Wednesday,2,52.39
green,Bronx,Brooklyn,6,Wednesday,3,73.67
green,Bronx,Brooklyn,6,Wednesday,4,55.8
green,Bronx,Brooklyn,6,Wednesday,5,58.05
green,Bronx,Brooklyn,6,Wednesday,6,66.92
green,Bronx,Brooklyn,6,Wednesday,7,71.69
green,Bronx,Brooklyn,6,Wednesday,8,67.64
green,Bronx,Brooklyn,6,Wednesday,9,67.31
green,Bronx,Brooklyn,6,Wednesday,10,69
green,Bronx,Brooklyn,6,Wednesday,11,62.85
green,Bronx,Brooklyn,6,Wednesday,12,71.21
green,Bronx,Brooklyn,6,Wednesday,13,72.18
green,Bronx,Brooklyn,6,Wednesday,14,67.17
green,Bronx,Brooklyn,6,Wednesday,15,75.23
green,Bronx,Brooklyn,6,Wednesday,16,75.99
green,Bronx,Brooklyn,6,Wednesday,17,75.84
green,Bronx,Brooklyn,6,Wednesday,18,64.85
green,Bronx,Brooklyn,6,Wednesday,19,66.38
green,Bronx,Brooklyn,6,Wednesday,20,60.3
green,Bronx,Brooklyn,6,Wednesday,21,59.58
green,Bronx,Brooklyn,6,Wednesday,22,63.73
green,Bronx,Brooklyn,6,Wednesday,23,58.26
green,Bronx,Brooklyn,7,Friday,0,64.7
green,Bronx,Brooklyn,7,Friday,1,52.69
green,Bronx,Brooklyn,7,Friday,2,63.13
green,Bronx,Brooklyn,7,Friday,3,55.36
green,Bronx,Brooklyn,7,Friday,4,56.49
green,Bronx,Brooklyn,7,Friday,5,56.16
green,Bronx,Brooklyn,7,Friday,6,68.34
green,Bronx,Brooklyn,7,Friday,7,62.22
green,Bronx,Brooklyn,7,Friday,8,65.56
green,Bronx,Brooklyn,7,Friday,9,60.26
green,Bronx,Brooklyn,7,Friday,10,67.29
green,Bronx,Brooklyn,7,Friday,11,68.58
green,Bronx,Brooklyn,7,Friday,12,65.31
green,Bronx,Brooklyn,7,Friday,13,65.09
green,Bronx,Brooklyn,7,Friday,14,64.16
green,Bronx,Brooklyn,7,Friday,15,73.6
green,Bronx,Brooklyn,7,Friday,16,73.82
green,Bronx,Brooklyn,7,Friday,17,71.4
green,Bronx,Brooklyn,7,Friday,18,70.57
green,Bronx,Brooklyn,7,Friday,19,66.48
green,Bronx,Brooklyn,7,Friday,20,60.4
green,Bronx,Brooklyn,7,Friday,21,64.5
green,Bronx,Brooklyn,7,Friday,22,60.89
green,Bronx,Brooklyn,7,Friday,23,58.46
green,Bronx,Brooklyn,7,Monday,0,56.63
green,Bronx,Brooklyn,7,Monday,1,52.73
green,Bronx,Brooklyn,7,Monday,2,53.78
green,Bronx,Brooklyn,7,Monday,3,39.96
green,Bronx,Brooklyn,7,Monday,4,63.53
green,Bronx,Brooklyn,7,Monday,5,61.69
green,Bronx,Brooklyn,7,Monday,6,63.59
green,Bronx,Brooklyn,7,Monday,7,69.08
green,Bronx,Brooklyn,7,Monday,8,63.73
green,Bronx,Brooklyn,7,Monday,9,64.13
green,Bronx,Brooklyn,7,Monday,10,69.37
green,Bronx,Brooklyn,7,Monday,11,67.52
green,Bronx,Brooklyn,7,Monday,12,62.79
green,Bronx,Brooklyn,7,Monday,13,67.82
green,Bronx,Brooklyn,7,Monday,14,60.82
green,Bronx,Brooklyn,7,Monday,15,74.49
green,Bronx,Brooklyn,7,Monday,16,73.13
green,Bronx,Brooklyn,7,Monday,17,69.87
green,Bronx,Brooklyn,7,Monday,18,67.89
green,Bronx,Brooklyn,7,Monday,19,66.13
green,Bronx,Brooklyn,7,Monday,20,64.17
green,Bronx,Brooklyn,7,Monday,21,59.69
green,Bronx,Brooklyn,7,Monday,22,57.36
green,Bronx,Brooklyn,7,Monday,23,60.93
green,Bronx,Brooklyn,7,Saturday,0,56.98
green,Bronx,Brooklyn,7,Saturday,1,61.38
green,Bronx,Brooklyn,7,Saturday,2,59.37
green,Bronx,Brooklyn,7,Saturday,3,54.49
green,Bronx,Brooklyn,7,Saturday,4,47.64
green,Bronx,Brooklyn,7,Saturday,5,55.29
green,Bronx,Brooklyn,7,Saturday,6,47.13
green,Bronx,Brooklyn,7,Saturday,7,66.32
green,Bronx,Brooklyn,7,Saturday,8,62.27
green,Bronx,Brooklyn,7,Saturday,9,59.75
green,Bronx,Brooklyn,7,Saturday,10,64.34
green,Bronx,Brooklyn,7,Saturday,11,63.43
green,Bronx,Brooklyn,7,Saturday,12,65.83
green,Bronx,Brooklyn,7,Saturday,13,67.85
green,Bronx,Brooklyn,7,Saturday,14,67.01
green,Bronx,Brooklyn,7,Saturday,15,66.02
green,Bronx,Brooklyn,7,Saturday,16,64.5
green,Bronx,Brooklyn,7,Saturday,17,70.35
green,Bronx,Brooklyn,7,Saturday,18,65.66
green,Bronx,Brooklyn,7,Saturday,19,62.17
green,Bronx,Brooklyn,7,Saturday,20,58.71
green,Bronx,Brooklyn,7,Saturday,21,60.82
green,Bronx,Brooklyn,7,Saturday,22,60.21
green,Bronx,Brooklyn,7,Saturday,23,58.5
green,Bronx,Brooklyn,7,Sunday,0,57.13
green,Bronx,Brooklyn,7,Sunday,1,62.9
green,Bronx,Brooklyn,7,Sunday,2,55.56
green,Bronx,Brooklyn,7,Sunday,3,62.09
green,Bronx,Brooklyn,7,Sunday,4,48.54
green,Bronx,Brooklyn,7,Sunday,5,55.33
green,Bronx,Brooklyn,7,Sunday,6,65.52
green,Bronx,Brooklyn,7,Sunday,7,63.35
green,Bronx,Brooklyn,7,Sunday,8,59.87
green,Bronx,Brooklyn,7,Sunday,9,64.22
green,Bronx,Brooklyn,7,Sunday,10,66.85
green,Bronx,Brooklyn,7,Sunday,11,62.8
green,Bronx,Brooklyn,7,Sunday,12,69.09
green,Bronx,Brooklyn,7,Sunday,13,62.94
green,Bronx,Brooklyn,7,Sunday,14,63.92
green,Bronx,Brooklyn,7,Sunday,15,64.4
green,Bronx,Brooklyn,7,Sunday,16,64.2
green,Bronx,Brooklyn,7,Sunday,17,61.46
green,Bronx,Brooklyn,7,Sunday,18,66.55
green,Bronx,Brooklyn,7,Sunday,19,60.8
green,Bronx,Brooklyn,7,Sunday,20,62.28
green,Bronx,Brooklyn,7,Sunday,21,59.81
green,Bronx,Brooklyn,7,Sunday,22,62.76
green,Bronx,Brooklyn,7,Sunday,23,61.93
green,Bronx,Brooklyn,7,Thursday,0,57.71
green,Bronx,Brooklyn,7,Thursday,1,42.3
green,Bronx,Brooklyn,7,Thursday,2,53.98
green,Bronx,Brooklyn,7,Thursday,3,51.01
green,Bronx,Brooklyn,7,Thursday,4,74
green,Bronx,Brooklyn,7,Thursday,5,60.49
green,Bronx,Brooklyn,7,Thursday,6,63.78
green,Bronx,Brooklyn,7,Thursday,7,71.8
green,Bronx,Brooklyn,7,Thursday,8,59.97
green,Bronx,Brooklyn,7,Thursday,9,66.16
green,Bronx,Brooklyn,7,Thursday,10,72
green,Bronx,Brooklyn,7,Thursday,11,60.58
green,Bronx,Brooklyn,7,Thursday,12,68.36
green,Bronx,Brooklyn,7,Thursday,13,63.56
green,Bronx,Brooklyn,7,Thursday,14,73.3
green,Bronx,Brooklyn,7,Thursday,15,71.33
green,Bronx,Brooklyn,7,Thursday,16,74.94
green,Bronx,Brooklyn,7,Thursday,17,71.1
green,Bronx,Brooklyn,7,Thursday,18,71.18
green,Bronx,Brooklyn,7,Thursday,19,68.35
green,Bronx,Brooklyn,7,Thursday,20,58.49
green,Bronx,Brooklyn,7,Thursday,21,63.95
green,Bronx,Brooklyn,7,Thursday,22,63
green,Bronx,Brooklyn,7,Thursday,23,59.16
green,Bronx,Brooklyn,7,Tuesday,0,54.55
green,Bronx,Brooklyn,7,Tuesday,1,64.47
green,Bronx,Brooklyn,7,Tuesday,2,67.39
green,Bronx,Brooklyn,7,Tuesday,3,76.92
green,Bronx,Brooklyn,7,Tuesday,4,75.48
green,Bronx,Brooklyn,7,Tuesday,5,63.55
green,Bronx,Brooklyn,7,Tuesday,6,69.84
green,Bronx,Brooklyn,7,Tuesday,7,67.81
green,Bronx,Brooklyn,7,Tuesday,8,61.87
green,Bronx,Brooklyn,7,Tuesday,9,64.07
green,Bronx,Brooklyn,7,Tuesday,10,61.94
green,Bronx,Brooklyn,7,Tuesday,11,69.06
green,Bronx,Brooklyn,7,Tuesday,12,66
green,Bronx,Brooklyn,7,Tuesday,13,66.3
green,Bronx,Brooklyn,7,Tuesday,14,64.77
green,Bronx,Brooklyn,7,Tuesday,15,77.41
green,Bronx,Brooklyn,7,Tuesday,16,74.65
green,Bronx,Brooklyn,7,Tuesday,17,72.44
green,Bronx,Brooklyn,7,Tuesday,18,63.89
green,Bronx,Brooklyn,7,Tuesday,19,60.23
green,Bronx,Brooklyn,7,Tuesday,20,61
green,Bronx,Brooklyn,7,Tuesday,21,68.26
green,Bronx,Brooklyn,7,Tuesday,22,59.69
green,Bronx,Brooklyn,7,Tuesday,23,58.47
green,Bronx,Brooklyn,7,Wednesday,0,60.23
green,Bronx,Brooklyn,7,Wednesday,1,40.5
green,Bronx,Brooklyn,7,Wednesday,2,50.16
green,Bronx,Brooklyn,7,Wednesday,3,44.3
green,Bronx,Brooklyn,7,Wednesday,4,62.24
green,Bronx,Brooklyn,7,Wednesday,5,55.93
green,Bronx,Brooklyn,7,Wednesday,6,68.05
green,Bronx,Brooklyn,7,Wednesday,7,68.99
green,Bronx,Brooklyn,7,Wednesday,8,64.93
green,Bronx,Brooklyn,7,Wednesday,9,65.37
green,Bronx,Brooklyn,7,Wednesday,10,69.29
green,Bronx,Brooklyn,7,Wednesday,11,69.42
green,Bronx,Brooklyn,7,Wednesday,12,68.63
green,Bronx,Brooklyn,7,Wednesday,13,64.66
green,Bronx,Brooklyn,7,Wednesday,14,62.48
green,Bronx,Brooklyn,7,Wednesday,15,72.88
green,Bronx,Brooklyn,7,Wednesday,16,71.75
green,Bronx,Brooklyn,7,Wednesday,17,70.35
green,Bronx,Brooklyn,7,Wednesday,18,72.74
green,Bronx,Brooklyn,7,Wednesday,19,63.79
green,Bronx,Brooklyn,7,Wednesday,20,67.09
green,Bronx,Brooklyn,7,Wednesday,21,62.93
green,Bronx,Brooklyn,7,Wednesday,22,58.48
green,Bronx,Brooklyn,7,Wednesday,23,56.16
green,Bronx,Brooklyn,8,Friday,0,62.85
green,Bronx,Brooklyn,8,Friday,1,55.51
green,Bronx,Brooklyn,8,Friday,2,41.29
green,Bronx,Brooklyn,8,Friday,3,65.16
green,Bronx,Brooklyn,8,Friday,4,57.5
green,Bronx,Brooklyn,8,Friday,5,65.22
green,Bronx,Brooklyn,8,Friday,6,67.65
green,Bronx,Brooklyn,8,Friday,7,63.85
green,Bronx,Brooklyn,8,Friday,8,61.74
green,Bronx,Brooklyn,8,Friday,9,64.29
green,Bronx,Brooklyn,8,Friday,10,61.93
green,Bronx,Brooklyn,8,Friday,11,60.53
green,Bronx,Brooklyn,8,Friday,12,62.46
green,Bronx,Brooklyn,8,Friday,13,64.85
green,Bronx,Brooklyn,8,Friday,14,70.4
green,Bronx,Brooklyn,8,Friday,15,72.16
green,Bronx,Brooklyn,8,Friday,16,75.4
green,Bronx,Brooklyn,8,Friday,17,70.45
green,Bronx,Brooklyn,8,Friday,18,65.09
green,Bronx,Brooklyn,8,Friday,19,68.61
green,Bronx,Brooklyn,8,Friday,20,61.95
green,Bronx,Brooklyn,8,Friday,21,60.24
green,Bronx,Brooklyn,8,Friday,22,61.74
green,Bronx,Brooklyn,8,Friday,23,59.11
green,Bronx,Brooklyn,8,Monday,0,56.6
green,Bronx,Brooklyn,8,Monday,1,49.93
green,Bronx,Brooklyn,8,Monday,2,50.92
green,Bronx,Brooklyn,8,Monday,3,32.97
green,Bronx,Brooklyn,8,Monday,5,53.62
green,Bronx,Brooklyn,8,Monday,6,60.39
green,Bronx,Brooklyn,8,Monday,7,66.18
green,Bronx,Brooklyn,8,Monday,8,58.79
green,Bronx,Brooklyn,8,Monday,9,67.87
green,Bronx,Brooklyn,8,Monday,10,65.08
green,Bronx,Brooklyn,8,Monday,11,60.94
green,Bronx,Brooklyn,8,Monday,12,63.28
green,Bronx,Brooklyn,8,Monday,13,66.41
green,Bronx,Brooklyn,8,Monday,14,65.16
green,Bronx,Brooklyn,8,Monday,15,75.59
green,Bronx,Brooklyn,8,Monday,16,73.97
green,Bronx,Brooklyn,8,Monday,17,68.96
green,Bronx,Brooklyn,8,Monday,18,68.33
green,Bronx,Brooklyn,8,Monday,19,63.24
green,Bronx,Brooklyn,8,Monday,20,60.52
green,Bronx,Brooklyn,8,Monday,21,61.88
green,Bronx,Brooklyn,8,Monday,22,56.25
green,Bronx,Brooklyn,8,Monday,23,56.46
green,Bronx,Brooklyn,8,Saturday,0,57.33
green,Bronx,Brooklyn,8,Saturday,1,55.76
green,Bronx,Brooklyn,8,Saturday,2,55.19
green,Bronx,Brooklyn,8,Saturday,3,56.3
green,Bronx,Brooklyn,8,Saturday,4,54.66
green,Bronx,Brooklyn,8,Saturday,5,47.25
green,Bronx,Brooklyn,8,Saturday,6,62.98
green,Bronx,Brooklyn,8,Saturday,7,62.07
green,Bronx,Brooklyn,8,Saturday,8,62.44
green,Bronx,Brooklyn,8,Saturday,9,63.39
green,Bronx,Brooklyn,8,Saturday,10,58.4
green,Bronx,Brooklyn,8,Saturday,11,57.85
green,Bronx,Brooklyn,8,Saturday,12,61.84
green,Bronx,Brooklyn,8,Saturday,13,66.89
green,Bronx,Brooklyn,8,Saturday,14,66.37
green,Bronx,Brooklyn,8,Saturday,15,63.79
green,Bronx,Brooklyn,8,Saturday,16,60.22
green,Bronx,Brooklyn,8,Saturday,17,60.8
green,Bronx,Brooklyn,8,Saturday,18,63.52
green,Bronx,Brooklyn,8,Saturday,19,66.67
green,Bronx,Brooklyn,8,Saturday,20,60.14
green,Bronx,Brooklyn,8,Saturday,21,59.12
green,Bronx,Brooklyn,8,Saturday,22,64.86
green,Bronx,Brooklyn,8,Saturday,23,63.36
green,Bronx,Brooklyn,8,Sunday,0,58.96
green,Bronx,Brooklyn,8,Sunday,1,57.35
green,Bronx,Brooklyn,8,Sunday,2,57.66
green,Bronx,Brooklyn,8,Sunday,3,52.73
green,Bronx,Brooklyn,8,Sunday,4,47.1
green,Bronx,Brooklyn,8,Sunday,5,56
green,Bronx,Brooklyn,8,Sunday,6,58.85
green,Bronx,Brooklyn,8,Sunday,7,66.2
green,Bronx,Brooklyn,8,Sunday,8,58.66
green,Bronx,Brooklyn,8,Sunday,9,61.03
green,Bronx,Brooklyn,8,Sunday,10,63.13
green,Bronx,Brooklyn,8,Sunday,11,60.82
green,Bronx,Brooklyn,8,Sunday,12,57.84
green,Bronx,Brooklyn,8,Sunday,13,62.29
green,Bronx,Brooklyn,8,Sunday,14,66.68
green,Bronx,Brooklyn,8,Sunday,15,62.82
green,Bronx,Brooklyn,8,Sunday,16,64.89
green,Bronx,Brooklyn,8,Sunday,17,60.35
green,Bronx,Brooklyn,8,Sunday,18,61.1
green,Bronx,Brooklyn,8,Sunday,19,65.81
green,Bronx,Brooklyn,8,Sunday,20,59.19
green,Bronx,Brooklyn,8,Sunday,21,58.48
green,Bronx,Brooklyn,8,Sunday,22,64
green,Bronx,Brooklyn,8,Sunday,23,63.4
green,Bronx,Brooklyn,8,Thursday,0,47.39
green,Bronx,Brooklyn,8,Thursday,1,60.24
green,Bronx,Brooklyn,8,Thursday,2,44.67
green,Bronx,Brooklyn,8,Thursday,3,60.41
green,Bronx,Brooklyn,8,Thursday,4,60
green,Bronx,Brooklyn,8,Thursday,5,62.88
green,Bronx,Brooklyn,8,Thursday,6,66.95
green,Bronx,Brooklyn,8,Thursday,7,62.11
green,Bronx,Brooklyn,8,Thursday,8,64.89
green,Bronx,Brooklyn,8,Thursday,9,69.24
green,Bronx,Brooklyn,8,Thursday,10,66.27
green,Bronx,Brooklyn,8,Thursday,11,61.29
green,Bronx,Brooklyn,8,Thursday,12,69.1
green,Bronx,Brooklyn,8,Thursday,13,68.47
green,Bronx,Brooklyn,8,Thursday,14,63.06
green,Bronx,Brooklyn,8,Thursday,15,68.07
green,Bronx,Brooklyn,8,Thursday,16,70.75
green,Bronx,Brooklyn,8,Thursday,17,74.52
green,Bronx,Brooklyn,8,Thursday,18,66.89
green,Bronx,Brooklyn,8,Thursday,19,66.29
green,Bronx,Brooklyn,8,Thursday,20,64.9
green,Bronx,Brooklyn,8,Thursday,21,61.3
green,Bronx,Brooklyn,8,Thursday,22,57.68
green,Bronx,Brooklyn,8,Thursday,23,57.32
green,Bronx,Brooklyn,8,Tuesday,0,59.96
green,Bronx,Brooklyn,8,Tuesday,1,49.04
green,Bronx,Brooklyn,8,Tuesday,2,47
green,Bronx,Brooklyn,8,Tuesday,3,54.8
green,Bronx,Brooklyn,8,Tuesday,4,54.32
green,Bronx,Brooklyn,8,Tuesday,5,57.28
green,Bronx,Brooklyn,8,Tuesday,6,64.65
green,Bronx,Brooklyn,8,Tuesday,7,67.22
green,Bronx,Brooklyn,8,Tuesday,8,62.94
green,Bronx,Brooklyn,8,Tuesday,9,67.83
green,Bronx,Brooklyn,8,Tuesday,10,58.27
green,Bronx,Brooklyn,8,Tuesday,11,68.15
green,Bronx,Brooklyn,8,Tuesday,12,63.19
green,Bronx,Brooklyn,8,Tuesday,13,69.83
green,Bronx,Brooklyn,8,Tuesday,14,61.21
green,Bronx,Brooklyn,8,Tuesday,15,76.31
green,Bronx,Brooklyn,8,Tuesday,16,78.61
green,Bronx,Brooklyn,8,Tuesday,17,73.59
green,Bronx,Brooklyn,8,Tuesday,18,68.96
green,Bronx,Brooklyn,8,Tuesday,19,71.04
green,Bronx,Brooklyn,8,Tuesday,20,58.44
green,Bronx,Brooklyn,8,Tuesday,21,60.71
green,Bronx,Brooklyn,8,Tuesday,22,60.84
green,Bronx,Brooklyn,8,Tuesday,23,60.05
green,Bronx,Brooklyn,8,Wednesday,0,63.18
green,Bronx,Brooklyn,8,Wednesday,1,38.74
green,Bronx,Brooklyn,8,Wednesday,2,43.18
green,Bronx,Brooklyn,8,Wednesday,3,45.3
green,Bronx,Brooklyn,8,Wednesday,4,63.57
green,Bronx,Brooklyn,8,Wednesday,5,70.04
green,Bronx,Brooklyn,8,Wednesday,6,60.38
green,Bronx,Brooklyn,8,Wednesday,7,61.3
green,Bronx,Brooklyn,8,Wednesday,8,59.68
green,Bronx,Brooklyn,8,Wednesday,9,63.56
green,Bronx,Brooklyn,8,Wednesday,10,65.51
green,Bronx,Brooklyn,8,Wednesday,11,63.15
green,Bronx,Brooklyn,8,Wednesday,12,65.13
green,Bronx,Brooklyn,8,Wednesday,13,65.6
green,Bronx,Brooklyn,8,Wednesday,14,63.96
green,Bronx,Brooklyn,8,Wednesday,15,78.04
green,Bronx,Brooklyn,8,Wednesday,16,69.73
green,Bronx,Brooklyn,8,Wednesday,17,69.82
green,Bronx,Brooklyn,8,Wednesday,18,69.18
green,Bronx,Brooklyn,8,Wednesday,19,71.82
green,Bronx,Brooklyn,8,Wednesday,20,62.84
green,Bronx,Brooklyn,8,Wednesday,21,64.33
green,Bronx,Brooklyn,8,Wednesday,22,60.91
green,Bronx,Brooklyn,8,Wednesday,23,61.42
green,Bronx,Brooklyn,9,Friday,0,58.98
green,Bronx,Brooklyn,9,Friday,1,58.35
green,Bronx,Brooklyn,9,Friday,2,60.82
green,Bronx,Brooklyn,9,Friday,3,52.65
green,Bronx,Brooklyn,9,Friday,4,57.07
green,Bronx,Brooklyn,9,Friday,5,73.56
green,Bronx,Brooklyn,9,Friday,6,67.24
green,Bronx,Brooklyn,9,Friday,7,72.56
green,Bronx,Brooklyn,9,Friday,8,63.71
green,Bronx,Brooklyn,9,Friday,9,65.02
green,Bronx,Brooklyn,9,Friday,10,63.49
green,Bronx,Brooklyn,9,Friday,11,68.93
green,Bronx,Brooklyn,9,Friday,12,65.24
green,Bronx,Brooklyn,9,Friday,13,65.89
green,Bronx,Brooklyn,9,Friday,14,64.11
green,Bronx,Brooklyn,9,Friday,15,76.92
green,Bronx,Brooklyn,9,Friday,16,75.69
green,Bronx,Brooklyn,9,Friday,17,68.21
green,Bronx,Brooklyn,9,Friday,18,74.5
green,Bronx,Brooklyn,9,Friday,19,65.6
green,Bronx,Brooklyn,9,Friday,20,61.32
green,Bronx,Brooklyn,9,Friday,21,65.14
green,Bronx,Brooklyn,9,Friday,22,60.64
green,Bronx,Brooklyn,9,Friday,23,62.5
green,Bronx,Brooklyn,9,Monday,0,55.22
green,Bronx,Brooklyn,9,Monday,1,64.26
green,Bronx,Brooklyn,9,Monday,2,60.44
green,Bronx,Brooklyn,9,Monday,3,58.53
green,Bronx,Brooklyn,9,Monday,4,62.98
green,Bronx,Brooklyn,9,Monday,5,58.93
green,Bronx,Brooklyn,9,Monday,6,63.82
green,Bronx,Brooklyn,9,Monday,7,68.4
green,Bronx,Brooklyn,9,Monday,8,65.87
green,Bronx,Brooklyn,9,Monday,9,62.7
green,Bronx,Brooklyn,9,Monday,10,66.51
green,Bronx,Brooklyn,9,Monday,11,65.69
green,Bronx,Brooklyn,9,Monday,12,66.69
green,Bronx,Brooklyn,9,Monday,13,56.99
green,Bronx,Brooklyn,9,Monday,14,62.34
green,Bronx,Brooklyn,9,Monday,15,70.27
green,Bronx,Brooklyn,9,Monday,16,69.21
green,Bronx,Brooklyn,9,Monday,17,67.55
green,Bronx,Brooklyn,9,Monday,18,67.72
green,Bronx,Brooklyn,9,Monday,19,64.89
green,Bronx,Brooklyn,9,Monday,20,67.92
green,Bronx,Brooklyn,9,Monday,21,55.73
green,Bronx,Brooklyn,9,Monday,22,59.6
green,Bronx,Brooklyn,9,Monday,23,71.97
green,Bronx,Brooklyn,9,Saturday,0,63.32
green,Bronx,Brooklyn,9,Saturday,1,54.23
green,Bronx,Brooklyn,9,Saturday,2,62.13
green,Bronx,Brooklyn,9,Saturday,3,53.84
green,Bronx,Brooklyn,9,Saturday,4,53.35
green,Bronx,Brooklyn,9,Saturday,5,57.67
green,Bronx,Brooklyn,9,Saturday,6,60.87
green,Bronx,Brooklyn,9,Saturday,7,65.72
green,Bronx,Brooklyn,9,Saturday,8,63.7
green,Bronx,Brooklyn,9,Saturday,9,63.35
green,Bronx,Brooklyn,9,Saturday,10,59.73
green,Bronx,Brooklyn,9,Saturday,11,61.82
green,Bronx,Brooklyn,9,Saturday,12,65.17
green,Bronx,Brooklyn,9,Saturday,13,66.13
green,Bronx,Brooklyn,9,Saturday,14,67.13
green,Bronx,Brooklyn,9,Saturday,15,66.53
green,Bronx,Brooklyn,9,Saturday,16,67.72
green,Bronx,Brooklyn,9,Saturday,17,68.87
green,Bronx,Brooklyn,9,Saturday,18,70.83
green,Bronx,Brooklyn,9,Saturday,19,59.98
green,Bronx,Brooklyn,9,Saturday,20,61.48
green,Bronx,Brooklyn,9,Saturday,21,62.79
green,Bronx,Brooklyn,9,Saturday,22,63.03
green,Bronx,Brooklyn,9,Saturday,23,67
green,Bronx,Brooklyn,9,Sunday,0,54.86
green,Bronx,Brooklyn,9,Sunday,1,64.86
green,Bronx,Brooklyn,9,Sunday,2,52.79
green,Bronx,Brooklyn,9,Sunday,3,58.39
green,Bronx,Brooklyn,9,Sunday,4,49.66
green,Bronx,Brooklyn,9,Sunday,5,51.03
green,Bronx,Brooklyn,9,Sunday,6,54.58
green,Bronx,Brooklyn,9,Sunday,7,63.49
green,Bronx,Brooklyn,9,Sunday,8,57.9
green,Bronx,Brooklyn,9,Sunday,9,60.64
green,Bronx,Brooklyn,9,Sunday,10,62.96
green,Bronx,Brooklyn,9,Sunday,11,61.97
green,Bronx,Brooklyn,9,Sunday,12,67.35
green,Bronx,Brooklyn,9,Sunday,13,69.62
green,Bronx,Brooklyn,9,Sunday,14,62.74
green,Bronx,Brooklyn,9,Sunday,15,65.34
green,Bronx,Brooklyn,9,Sunday,16,64.48
green,Bronx,Brooklyn,9,Sunday,17,64.3
green,Bronx,Brooklyn,9,Sunday,18,65.41
green,Bronx,Brooklyn,9,Sunday,19,66.17
green,Bronx,Brooklyn,9,Sunday,20,68.74
green,Bronx,Brooklyn,9,Sunday,21,64.71
green,Bronx,Brooklyn,9,Sunday,22,60.96
green,Bronx,Brooklyn,9,Sunday,23,65.35
green,Bronx,Brooklyn,9,Thursday,0,58.1
green,Bronx,Brooklyn,9,Thursday,1,43.3
green,Bronx,Brooklyn,9,Thursday,3,43
green,Bronx,Brooklyn,9,Thursday,4,53.74
green,Bronx,Brooklyn,9,Thursday,5,64.82
green,Bronx,Brooklyn,9,Thursday,6,67.21
green,Bronx,Brooklyn,9,Thursday,7,72.2
green,Bronx,Brooklyn,9,Thursday,8,64.41
green,Bronx,Brooklyn,9,Thursday,9,66.15
green,Bronx,Brooklyn,9,Thursday,10,66.57
green,Bronx,Brooklyn,9,Thursday,11,70.17
green,Bronx,Brooklyn,9,Thursday,12,64.6
green,Bronx,Brooklyn,9,Thursday,13,68.47
green,Bronx,Brooklyn,9,Thursday,14,77.57
green,Bronx,Brooklyn,9,Thursday,15,76.55
green,Bronx,Brooklyn,9,Thursday,16,78.51
green,Bronx,Brooklyn,9,Thursday,17,78.06
green,Bronx,Brooklyn,9,Thursday,18,64.38
green,Bronx,Brooklyn,9,Thursday,19,66.18
green,Bronx,Brooklyn,9,Thursday,20,64.26
green,Bronx,Brooklyn,9,Thursday,21,66.73
green,Bronx,Brooklyn,9,Thursday,22,57.79
green,Bronx,Brooklyn,9,Thursday,23,62.88
green,Bronx,Brooklyn,9,Tuesday,0,60.52
green,Bronx,Brooklyn,9,Tuesday,1,50.88
green,Bronx,Brooklyn,9,Tuesday,2,52.54
green,Bronx,Brooklyn,9,Tuesday,3,38.37
green,Bronx,Brooklyn,9,Tuesday,4,50.97
green,Bronx,Brooklyn,9,Tuesday,5,65.11
green,Bronx,Brooklyn,9,Tuesday,6,67.59
green,Bronx,Brooklyn,9,Tuesday,7,66.57
green,Bronx,Brooklyn,9,Tuesday,8,65.08
green,Bronx,Brooklyn,9,Tuesday,9,65.22
green,Bronx,Brooklyn,9,Tuesday,10,62.11
green,Bronx,Brooklyn,9,Tuesday,11,59.34
green,Bronx,Brooklyn,9,Tuesday,12,68.44
green,Bronx,Brooklyn,9,Tuesday,13,62.21
green,Bronx,Brooklyn,9,Tuesday,14,60.79
green,Bronx,Brooklyn,9,Tuesday,15,75.7
green,Bronx,Brooklyn,9,Tuesday,16,71.72
green,Bronx,Brooklyn,9,Tuesday,17,66.91
green,Bronx,Brooklyn,9,Tuesday,18,69
green,Bronx,Brooklyn,9,Tuesday,19,60.01
green,Bronx,Brooklyn,9,Tuesday,20,60.46
green,Bronx,Brooklyn,9,Tuesday,21,64.9
green,Bronx,Brooklyn,9,Tuesday,22,57.59
green,Bronx,Brooklyn,9,Tuesday,23,55.06
green,Bronx,Brooklyn,9,Wednesday,0,52.97
green,Bronx,Brooklyn,9,Wednesday,1,42.9
green,Bronx,Brooklyn,9,Wednesday,2,67.38
green,Bronx,Brooklyn,9,Wednesday,4,49.78
green,Bronx,Brooklyn,9,Wednesday,5,66.93
green,Bronx,Brooklyn,9,Wednesday,6,64.9
green,Bronx,Brooklyn,9,Wednesday,7,73.99
green,Bronx,Brooklyn,9,Wednesday,8,56.35
green,Bronx,Brooklyn,9,Wednesday,9,65.28
green,Bronx,Brooklyn,9,Wednesday,10,69.92
green,Bronx,Brooklyn,9,Wednesday,11,64.71
green,Bronx,Brooklyn,9,Wednesday,12,66.72
green,Bronx,Brooklyn,9,Wednesday,13,60.46
green,Bronx,Brooklyn,9,Wednesday,14,68.84
green,Bronx,Brooklyn,9,Wednesday,15,75.51
green,Bronx,Brooklyn,9,Wednesday,16,75.23
green,Bronx,Brooklyn,9,Wednesday,17,70.48
green,Bronx,Brooklyn,9,Wednesday,18,68.21
green,Bronx,Brooklyn,9,Wednesday,19,64.39
green,Bronx,Brooklyn,9,Wednesday,20,62.72
green,Bronx,Brooklyn,9,Wednesday,21,62.15
green,Bronx,Brooklyn,9,Wednesday,22,60.06
green,Bronx,Brooklyn,9,Wednesday,23,58.36
green,Bronx,Brooklyn,10,Friday,0,61.52
green,Bronx,Brooklyn,10,Friday,1,49.32
green,Bronx,Brooklyn,10,Friday,2,55.24
green,Bronx,Brooklyn,10,Friday,3,52.87
green,Bronx,Brooklyn,10,Friday,4,45.07
green,Bronx,Brooklyn,10,Friday,5,59.03
green,Bronx,Brooklyn,10,Friday,6,64.4
green,Bronx,Brooklyn,10,Friday,7,67.46
green,Bronx,Brooklyn,10,Friday,8,64.86
green,Bronx,Brooklyn,10,Friday,9,59.68
green,Bronx,Brooklyn,10,Friday,10,67.43
green,Bronx,Brooklyn,10,Friday,11,65.37
green,Bronx,Brooklyn,10,Friday,12,62.27
green,Bronx,Brooklyn,10,Friday,13,67.19
green,Bronx,Brooklyn,10,Friday,14,63.99
green,Bronx,Brooklyn,10,Friday,15,76.44
green,Bronx,Brooklyn,10,Friday,16,81.66
green,Bronx,Brooklyn,10,Friday,17,73.97
green,Bronx,Brooklyn,10,Friday,18,71.71
green,Bronx,Brooklyn,10,Friday,19,67.08
green,Bronx,Brooklyn,10,Friday,20,59.79
green,Bronx,Brooklyn,10,Friday,21,60.09
green,Bronx,Brooklyn,10,Friday,22,58.24
green,Bronx,Brooklyn,10,Friday,23,60.03
green,Bronx,Brooklyn,10,Monday,0,57.09
green,Bronx,Brooklyn,10,Monday,1,50.64
green,Bronx,Brooklyn,10,Monday,2,53.91
green,Bronx,Brooklyn,10,Monday,3,55.8
green,Bronx,Brooklyn,10,Monday,4,50.1
green,Bronx,Brooklyn,10,Monday,5,61.34
green,Bronx,Brooklyn,10,Monday,6,60.95
green,Bronx,Brooklyn,10,Monday,7,67.29
green,Bronx,Brooklyn,10,Monday,8,61.8
green,Bronx,Brooklyn,10,Monday,9,64.13
green,Bronx,Brooklyn,10,Monday,10,65.4
green,Bronx,Brooklyn,10,Monday,11,60.26
green,Bronx,Brooklyn,10,Monday,12,65.36
green,Bronx,Brooklyn,10,Monday,13,57.12
green,Bronx,Brooklyn,10,Monday,14,63.33
green,Bronx,Brooklyn,10,Monday,15,73.39
green,Bronx,Brooklyn,10,Monday,16,73.51
green,Bronx,Brooklyn,10,Monday,17,71.77
green,Bronx,Brooklyn,10,Monday,18,75.19
green,Bronx,Brooklyn,10,Monday,19,64.39
green,Bronx,Brooklyn,10,Monday,20,63.67
green,Bronx,Brooklyn,10,Monday,21,64.58
green,Bronx,Brooklyn,10,Monday,22,61.22
green,Bronx,Brooklyn,10,Monday,23,59.1
green,Bronx,Brooklyn,10,Saturday,0,58.16
green,Bronx,Brooklyn,10,Saturday,1,59.08
green,Bronx,Brooklyn,10,Saturday,2,58.87
green,Bronx,Brooklyn,10,Saturday,3,62.53
green,Bronx,Brooklyn,10,Saturday,4,63.08
green,Bronx,Brooklyn,10,Saturday,5,59.29
green,Bronx,Brooklyn,10,Saturday,6,62.45
green,Bronx,Brooklyn,10,Saturday,7,65.58
green,Bronx,Brooklyn,10,Saturday,8,62.24
green,Bronx,Brooklyn,10,Saturday,9,60.75
green,Bronx,Brooklyn,10,Saturday,10,62.55
green,Bronx,Brooklyn,10,Saturday,11,64.33
green,Bronx,Brooklyn,10,Saturday,12,60.77
green,Bronx,Brooklyn,10,Saturday,13,66.08
green,Bronx,Brooklyn,10,Saturday,14,65.29
green,Bronx,Brooklyn,10,Saturday,15,70.08
green,Bronx,Brooklyn,10,Saturday,16,66.85
green,Bronx,Brooklyn,10,Saturday,17,66.97
green,Bronx,Brooklyn,10,Saturday,18,67.99
green,Bronx,Brooklyn,10,Saturday,19,59.07
green,Bronx,Brooklyn,10,Saturday,20,64.4
green,Bronx,Brooklyn,10,Saturday,21,64.42
green,Bronx,Brooklyn,10,Saturday,22,64.14
green,Bronx,Brooklyn,10,Saturday,23,66.13
green,Bronx,Brooklyn,10,Sunday,0,52.02
green,Bronx,Brooklyn,10,Sunday,1,58.07
green,Bronx,Brooklyn,10,Sunday,2,57.1
green,Bronx,Brooklyn,10,Sunday,3,63.29
green,Bronx,Brooklyn,10,Sunday,4,60
green,Bronx,Brooklyn,10,Sunday,5,52.78
green,Bronx,Brooklyn,10,Sunday,6,56.15
green,Bronx,Brooklyn,10,Sunday,7,62.04
green,Bronx,Brooklyn,10,Sunday,8,55.93
green,Bronx,Brooklyn,10,Sunday,9,62.71
green,Bronx,Brooklyn,10,Sunday,10,65
green,Bronx,Brooklyn,10,Sunday,11,63.1
green,Bronx,Brooklyn,10,Sunday,12,67.25
green,Bronx,Brooklyn,10,Sunday,13,68.87
green,Bronx,Brooklyn,10,Sunday,14,63.03
green,Bronx,Brooklyn,10,Sunday,15,64.22
green,Bronx,Brooklyn,10,Sunday,16,64.77
green,Bronx,Brooklyn,10,Sunday,17,70.17
green,Bronx,Brooklyn,10,Sunday,18,67.33
green,Bronx,Brooklyn,10,Sunday,19,60.01
green,Bronx,Brooklyn,10,Sunday,20,63.81
green,Bronx,Brooklyn,10,Sunday,21,60.61
green,Bronx,Brooklyn,10,Sunday,22,59.01
green,Bronx,Brooklyn,10,Sunday,23,59.38
green,Bronx,Brooklyn,10,Thursday,0,57.56
green,Bronx,Brooklyn,10,Thursday,1,57.45
green,Bronx,Brooklyn,10,Thursday,2,59.84
green,Bronx,Brooklyn,10,Thursday,3,47.3
green,Bronx,Brooklyn,10,Thursday,4,53.93
green,Bronx,Brooklyn,10,Thursday,5,67.45
green,Bronx,Brooklyn,10,Thursday,6,65.81
green,Bronx,Brooklyn,10,Thursday,7,68.72
green,Bronx,Brooklyn,10,Thursday,8,65.58
green,Bronx,Brooklyn,10,Thursday,9,68.19
green,Bronx,Brooklyn,10,Thursday,10,63.83
green,Bronx,Brooklyn,10,Thursday,11,68
green,Bronx,Brooklyn,10,Thursday,12,67.82
green,Bronx,Brooklyn,10,Thursday,13,69.47
green,Bronx,Brooklyn,10,Thursday,14,63.75
green,Bronx,Brooklyn,10,Thursday,15,76.22
green,Bronx,Brooklyn,10,Thursday,16,78.46
green,Bronx,Brooklyn,10,Thursday,17,70.77
green,Bronx,Brooklyn,10,Thursday,18,73.02
green,Bronx,Brooklyn,10,Thursday,19,69.42
green,Bronx,Brooklyn,10,Thursday,20,64.87
green,Bronx,Brooklyn,10,Thursday,21,61.92
green,Bronx,Brooklyn,10,Thursday,22,58.2
green,Bronx,Brooklyn,10,Thursday,23,57.36
green,Bronx,Brooklyn,10,Tuesday,0,55.41
green,Bronx,Brooklyn,10,Tuesday,1,66.3
green,Bronx,Brooklyn,10,Tuesday,2,64.8
green,Bronx,Brooklyn,10,Tuesday,3,74.58
green,Bronx,Brooklyn,10,Tuesday,4,53.43
green,Bronx,Brooklyn,10,Tuesday,5,64.76
green,Bronx,Brooklyn,10,Tuesday,6,67.83
green,Bronx,Brooklyn,10,Tuesday,7,74.87
green,Bronx,Brooklyn,10,Tuesday,8,67.93
green,Bronx,Brooklyn,10,Tuesday,9,70.33
green,Bronx,Brooklyn,10,Tuesday,10,59.64
green,Bronx,Brooklyn,10,Tuesday,11,60.25
green,Bronx,Brooklyn,10,Tuesday,12,69.44
green,Bronx,Brooklyn,10,Tuesday,13,66.85
green,Bronx,Brooklyn,10,Tuesday,14,66.88
green,Bronx,Brooklyn,10,Tuesday,15,74.91
green,Bronx,Brooklyn,10,Tuesday,16,77.12
green,Bronx,Brooklyn,10,Tuesday,17,72.77
green,Bronx,Brooklyn,10,Tuesday,18,68.85
green,Bronx,Brooklyn,10,Tuesday,19,62.48
green,Bronx,Brooklyn,10,Tuesday,20,61.51
green,Bronx,Brooklyn,10,Tuesday,21,59.99
green,Bronx,Brooklyn,10,Tuesday,22,59.74
green,Bronx,Brooklyn,10,Tuesday,23,65.79
green,Bronx,Brooklyn,10,Wednesday,0,56.7
green,Bronx,Brooklyn,10,Wednesday,1,55.81
green,Bronx,Brooklyn,10,Wednesday,2,60.3
green,Bronx,Brooklyn,10,Wednesday,3,60.06
green,Bronx,Brooklyn,10,Wednesday,4,50.83
green,Bronx,Brooklyn,10,Wednesday,5,67.16
green,Bronx,Brooklyn,10,Wednesday,6,66.83
green,Bronx,Brooklyn,10,Wednesday,7,73.87
green,Bronx,Brooklyn,10,Wednesday,8,63.01
green,Bronx,Brooklyn,10,Wednesday,9,67.24
green,Bronx,Brooklyn,10,Wednesday,10,63.68
green,Bronx,Brooklyn,10,Wednesday,11,64.48
green,Bronx,Brooklyn,10,Wednesday,12,64.7
green,Bronx,Brooklyn,10,Wednesday,13,69.38
green,Bronx,Brooklyn,10,Wednesday,14,71.79
green,Bronx,Brooklyn,10,Wednesday,15,76.62
green,Bronx,Brooklyn,10,Wednesday,16,76.47
green,Bronx,Brooklyn,10,Wednesday,17,72.88
green,Bronx,Brooklyn,10,Wednesday,18,73.18
green,Bronx,Brooklyn,10,Wednesday,19,71.43
green,Bronx,Brooklyn,10,Wednesday,20,67.44
green,Bronx,Brooklyn,10,Wednesday,21,58.59
green,Bronx,Brooklyn,10,Wednesday,22,56.11
green,Bronx,Brooklyn,10,Wednesday,23,60.87
green,Bronx,Brooklyn,11,Friday,0,67.93
green,Bronx,Brooklyn,11,Friday,1,50.99
green,Bronx,Brooklyn,11,Friday,2,47.78
green,Bronx,Brooklyn,11,Friday,3,58.28
green,Bronx,Brooklyn,11,Friday,4,60.26
green,Bronx,Brooklyn,11,Friday,5,64.81
green,Bronx,Brooklyn,11,Friday,6,58.59
green,Bronx,Brooklyn,11,Friday,7,68.38
green,Bronx,Brooklyn,11,Friday,8,62.3
green,Bronx,Brooklyn,11,Friday,9,65.13
green,Bronx,Brooklyn,11,Friday,10,64.68
green,Bronx,Brooklyn,11,Friday,11,69.93
green,Bronx,Brooklyn,11,Friday,12,60.82
green,Bronx,Brooklyn,11,Friday,13,62.41
green,Bronx,Brooklyn,11,Friday,14,71.87
green,Bronx,Brooklyn,11,Friday,15,74.67
green,Bronx,Brooklyn,11,Friday,16,79.19
green,Bronx,Brooklyn,11,Friday,17,65.95
green,Bronx,Brooklyn,11,Friday,18,68.77
green,Bronx,Brooklyn,11,Friday,19,65.05
green,Bronx,Brooklyn,11,Friday,20,61.56
green,Bronx,Brooklyn,11,Friday,21,66.07
green,Bronx,Brooklyn,11,Friday,22,64.11
green,Bronx,Brooklyn,11,Friday,23,64.58
green,Bronx,Brooklyn,11,Monday,0,69.7
green,Bronx,Brooklyn,11,Monday,1,51.4
green,Bronx,Brooklyn,11,Monday,2,68.73
green,Bronx,Brooklyn,11,Monday,3,56.56
green,Bronx,Brooklyn,11,Monday,4,42.35
green,Bronx,Brooklyn,11,Monday,5,54.39
green,Bronx,Brooklyn,11,Monday,6,69.43
green,Bronx,Brooklyn,11,Monday,7,69.05
green,Bronx,Brooklyn,11,Monday,8,65.51
green,Bronx,Brooklyn,11,Monday,9,63.74
green,Bronx,Brooklyn,11,Monday,10,62.05
green,Bronx,Brooklyn,11,Monday,11,68.9
green,Bronx,Brooklyn,11,Monday,12,64.6
green,Bronx,Brooklyn,11,Monday,13,62.84
green,Bronx,Brooklyn,11,Monday,14,68.3
green,Bronx,Brooklyn,11,Monday,15,73.45
green,Bronx,Brooklyn,11,Monday,16,78.91
green,Bronx,Brooklyn,11,Monday,17,73.71
green,Bronx,Brooklyn,11,Monday,18,67.81
green,Bronx,Brooklyn,11,Monday,19,64.31
green,Bronx,Brooklyn,11,Monday,20,62.82
green,Bronx,Brooklyn,11,Monday,21,67.51
green,Bronx,Brooklyn,11,Monday,22,56.29
green,Bronx,Brooklyn,11,Monday,23,72.76
green,Bronx,Brooklyn,11,Saturday,0,58.48
green,Bronx,Brooklyn,11,Saturday,1,55.96
green,Bronx,Brooklyn,11,Saturday,2,57.71
green,Bronx,Brooklyn,11,Saturday,3,54.75
green,Bronx,Brooklyn,11,Saturday,4,54.15
green,Bronx,Brooklyn,11,Saturday,5,55.77
green,Bronx,Brooklyn,11,Saturday,6,52.92
green,Bronx,Brooklyn,11,Saturday,7,65.13
green,Bronx,Brooklyn,11,Saturday,8,68.69
green,Bronx,Brooklyn,11,Saturday,9,64.35
green,Bronx,Brooklyn,11,Saturday,10,61.82
green,Bronx,Brooklyn,11,Saturday,11,60.56
green,Bronx,Brooklyn,11,Saturday,12,63.72
green,Bronx,Brooklyn,11,Saturday,13,64.31
green,Bronx,Brooklyn,11,Saturday,14,62.68
green,Bronx,Brooklyn,11,Saturday,15,65.34
green,Bronx,Brooklyn,11,Saturday,16,70.56
green,Bronx,Brooklyn,11,Saturday,17,66.89
green,Bronx,Brooklyn,11,Saturday,18,68.39
green,Bronx,Brooklyn,11,Saturday,19,64.96
green,Bronx,Brooklyn,11,Saturday,20,60.53
green,Bronx,Brooklyn,11,Saturday,21,59.06
green,Bronx,Brooklyn,11,Saturday,22,66.62
green,Bronx,Brooklyn,11,Saturday,23,64.48
green,Bronx,Brooklyn,11,Sunday,0,58.18
green,Bronx,Brooklyn,11,Sunday,1,55.15
green,Bronx,Brooklyn,11,Sunday,2,60.46
green,Bronx,Brooklyn,11,Sunday,3,53.54
green,Bronx,Brooklyn,11,Sunday,4,53.93
green,Bronx,Brooklyn,11,Sunday,5,53.54
green,Bronx,Brooklyn,11,Sunday,6,62.18
green,Bronx,Brooklyn,11,Sunday,7,61.91
green,Bronx,Brooklyn,11,Sunday,8,60.86
green,Bronx,Brooklyn,11,Sunday,9,59.3
green,Bronx,Brooklyn,11,Sunday,10,64.53
green,Bronx,Brooklyn,11,Sunday,11,61.97
green,Bronx,Brooklyn,11,Sunday,12,63.79
green,Bronx,Brooklyn,11,Sunday,13,62.71
green,Bronx,Brooklyn,11,Sunday,14,66.52
green,Bronx,Brooklyn,11,Sunday,15,72.02
green,Bronx,Brooklyn,11,Sunday,16,64.86
green,Bronx,Brooklyn,11,Sunday,17,68.07
green,Bronx,Brooklyn,11,Sunday,18,64.28
green,Bronx,Brooklyn,11,Sunday,19,62.36
green,Bronx,Brooklyn,11,Sunday,20,61.15
green,Bronx,Brooklyn,11,Sunday,21,61.83
green,Bronx,Brooklyn,11,Sunday,22,68.85
green,Bronx,Brooklyn,11,Sunday,23,67.41
green,Bronx,Brooklyn,11,Thursday,0,62.46
green,Bronx,Brooklyn,11,Thursday,1,51.56
green,Bronx,Brooklyn,11,Thursday,2,58.05
green,Bronx,Brooklyn,11,Thursday,3,60.87
green,Bronx,Brooklyn,11,Thursday,4,55.42
green,Bronx,Brooklyn,11,Thursday,5,49.78
green,Bronx,Brooklyn,11,Thursday,6,68.88
green,Bronx,Brooklyn,11,Thursday,7,67.72
green,Bronx,Brooklyn,11,Thursday,8,66.25
green,Bronx,Brooklyn,11,Thursday,9,64.79
green,Bronx,Brooklyn,11,Thursday,10,65.89
green,Bronx,Brooklyn,11,Thursday,11,65.3
green,Bronx,Brooklyn,11,Thursday,12,64.77
green,Bronx,Brooklyn,11,Thursday,13,66.14
green,Bronx,Brooklyn,11,Thursday,14,67.2
green,Bronx,Brooklyn,11,Thursday,15,66.88
green,Bronx,Brooklyn,11,Thursday,16,75.77
green,Bronx,Brooklyn,11,Thursday,17,71.4
green,Bronx,Brooklyn,11,Thursday,18,68.33
green,Bronx,Brooklyn,11,Thursday,19,66.54
green,Bronx,Brooklyn,11,Thursday,20,63.13
green,Bronx,Brooklyn,11,Thursday,21,63.22
green,Bronx,Brooklyn,11,Thursday,22,63.54
green,Bronx,Brooklyn,11,Thursday,23,62.27
green,Bronx,Brooklyn,11,Tuesday,0,52.29
green,Bronx,Brooklyn,11,Tuesday,1,61.75
green,Bronx,Brooklyn,11,Tuesday,3,58.43
green,Bronx,Brooklyn,11,Tuesday,4,50.97
green,Bronx,Brooklyn,11,Tuesday,5,61.18
green,Bronx,Brooklyn,11,Tuesday,6,70.53
green,Bronx,Brooklyn,11,Tuesday,7,76.15
green,Bronx,Brooklyn,11,Tuesday,8,66.28
green,Bronx,Brooklyn,11,Tuesday,9,68.47
green,Bronx,Brooklyn,11,Tuesday,10,66.78
green,Bronx,Brooklyn,11,Tuesday,11,60.57
green,Bronx,Brooklyn,11,Tuesday,12,68.91
green,Bronx,Brooklyn,11,Tuesday,13,68.69
green,Bronx,Brooklyn,11,Tuesday,14,68.07
green,Bronx,Brooklyn,11,Tuesday,15,72.53
green,Bronx,Brooklyn,11,Tuesday,16,77.15
green,Bronx,Brooklyn,11,Tuesday,17,71.43
green,Bronx,Brooklyn,11,Tuesday,18,70.81
green,Bronx,Brooklyn,11,Tuesday,19,63.12
green,Bronx,Brooklyn,11,Tuesday,20,56.27
green,Bronx,Brooklyn,11,Tuesday,21,66.92
green,Bronx,Brooklyn,11,Tuesday,22,58.17
green,Bronx,Brooklyn,11,Tuesday,23,62.57
green,Bronx,Brooklyn,11,Wednesday,0,61.68
green,Bronx,Brooklyn,11,Wednesday,1,61.21
green,Bronx,Brooklyn,11,Wednesday,2,51.9
green,Bronx,Brooklyn,11,Wednesday,3,52.28
green,Bronx,Brooklyn,11,Wednesday,4,59.43
green,Bronx,Brooklyn,11,Wednesday,5,55.45
green,Bronx,Brooklyn,11,Wednesday,6,68.31
green,Bronx,Brooklyn,11,Wednesday,7,70.22
green,Bronx,Brooklyn,11,Wednesday,8,66.55
green,Bronx,Brooklyn,11,Wednesday,9,68.17
green,Bronx,Brooklyn,11,Wednesday,10,69.3
green,Bronx,Brooklyn,11,Wednesday,11,69.94
green,Bronx,Brooklyn,11,Wednesday,12,66.4
green,Bronx,Brooklyn,11,Wednesday,13,69.04
green,Bronx,Brooklyn,11,Wednesday,14,69.03
green,Bronx,Brooklyn,11,Wednesday,15,80.77
green,Bronx,Brooklyn,11,Wednesday,16,75.68
green,Bronx,Brooklyn,11,Wednesday,17,73.8
green,Bronx,Brooklyn,11,Wednesday,18,72.33
green,Bronx,Brooklyn,11,Wednesday,19,67.02
green,Bronx,Brooklyn,11,Wednesday,20,63.72
green,Bronx,Brooklyn,11,Wednesday,21,67.04
green,Bronx,Brooklyn,11,Wednesday,22,64.16
green,Bronx,Brooklyn,11,Wednesday,23,53.91
green,Bronx,Brooklyn,12,Friday,0,57.59
green,Bronx,Brooklyn,12,Friday,1,57.03
green,Bronx,Brooklyn,12,Friday,2,64.81
green,Bronx,Brooklyn,12,Friday,3,41.84
green,Bronx,Brooklyn,12,Friday,4,54.1
green,Bronx,Brooklyn,12,Friday,5,42.22
green,Bronx,Brooklyn,12,Friday,6,56.08
green,Bronx,Brooklyn,12,Friday,7,64.7
green,Bronx,Brooklyn,12,Friday,8,63.97
green,Bronx,Brooklyn,12,Friday,9,64.01
green,Bronx,Brooklyn,12,Friday,10,63.69
green,Bronx,Brooklyn,12,Friday,11,67.41
green,Bronx,Brooklyn,12,Friday,12,64.54
green,Bronx,Brooklyn,12,Friday,13,67.5
green,Bronx,Brooklyn,12,Friday,14,66.21
green,Bronx,Brooklyn,12,Friday,15,71.59
green,Bronx,Brooklyn,12,Friday,16,74.67
green,Bronx,Brooklyn,12,Friday,17,72.69
green,Bronx,Brooklyn,12,Friday,18,69.45
green,Bronx,Brooklyn,12,Friday,19,66.16
green,Bronx,Brooklyn,12,Friday,20,63.01
green,Bronx,Brooklyn,12,Friday,21,61.71
green,Bronx,Brooklyn,12,Friday,22,64.34
green,Bronx,Brooklyn,12,Friday,23,61.52
green,Bronx,Brooklyn,12,Monday,0,64.05
green,Bronx,Brooklyn,12,Monday,1,55.55
green,Bronx,Brooklyn,12,Monday,2,71.39
green,Bronx,Brooklyn,12,Monday,3,67.52
green,Bronx,Brooklyn,12,Monday,4,57.22
green,Bronx,Brooklyn,12,Monday,5,61.52
green,Bronx,Brooklyn,12,Monday,6,66.08
green,Bronx,Brooklyn,12,Monday,7,67.33
green,Bronx,Brooklyn,12,Monday,8,62.3
green,Bronx,Brooklyn,12,Monday,9,61.3
green,Bronx,Brooklyn,12,Monday,10,67.17
green,Bronx,Brooklyn,12,Monday,11,65.77
green,Bronx,Brooklyn,12,Monday,12,65.42
green,Bronx,Brooklyn,12,Monday,13,65.47
green,Bronx,Brooklyn,12,Monday,14,66.4
green,Bronx,Brooklyn,12,Monday,15,71.9
green,Bronx,Brooklyn,12,Monday,16,70.43
green,Bronx,Brooklyn,12,Monday,17,69.35
green,Bronx,Brooklyn,12,Monday,18,72.57
green,Bronx,Brooklyn,12,Monday,19,65.53
green,Bronx,Brooklyn,12,Monday,20,62.26
green,Bronx,Brooklyn,12,Monday,21,64.55
green,Bronx,Brooklyn,12,Monday,22,67.2
green,Bronx,Brooklyn,12,Monday,23,58.86
green,Bronx,Brooklyn,12,Saturday,0,62.41
green,Bronx,Brooklyn,12,Saturday,1,50.58
green,Bronx,Brooklyn,12,Saturday,2,55.33
green,Bronx,Brooklyn,12,Saturday,3,56.85
green,Bronx,Brooklyn,12,Saturday,4,52.67
green,Bronx,Brooklyn,12,Saturday,5,55.09
green,Bronx,Brooklyn,12,Saturday,6,74.3
green,Bronx,Brooklyn,12,Saturday,7,61.66
green,Bronx,Brooklyn,12,Saturday,8,65.47
green,Bronx,Brooklyn,12,Saturday,9,60.06
green,Bronx,Brooklyn,12,Saturday,10,63.29
green,Bronx,Brooklyn,12,Saturday,11,62.32
green,Bronx,Brooklyn,12,Saturday,12,64.16
green,Bronx,Brooklyn,12,Saturday,13,67.48
green,Bronx,Brooklyn,12,Saturday,14,64.47
green,Bronx,Brooklyn,12,Saturday,15,65.66
green,Bronx,Brooklyn,12,Saturday,16,68.19
green,Bronx,Brooklyn,12,Saturday,17,68
green,Bronx,Brooklyn,12,Saturday,18,70.26
green,Bronx,Brooklyn,12,Saturday,19,63.85
green,Bronx,Brooklyn,12,Saturday,20,62.93
green,Bronx,Brooklyn,12,Saturday,21,62.93
green,Bronx,Brooklyn,12,Saturday,22,66.44
green,Bronx,Brooklyn,12,Saturday,23,66.43
green,Bronx,Brooklyn,12,Sunday,0,67.98
green,Bronx,Brooklyn,12,Sunday,1,62.58
green,Bronx,Brooklyn,12,Sunday,2,54.31
green,Bronx,Brooklyn,12,Sunday,3,57.14
green,Bronx,Brooklyn,12,Sunday,4,59.02
green,Bronx,Brooklyn,12,Sunday,5,48.25
green,Bronx,Brooklyn,12,Sunday,6,57.57
green,Bronx,Brooklyn,12,Sunday,7,63.53
green,Bronx,Brooklyn,12,Sunday,8,55.77
green,Bronx,Brooklyn,12,Sunday,9,59.1
green,Bronx,Brooklyn,12,Sunday,10,63.79
green,Bronx,Brooklyn,12,Sunday,11,63.14
green,Bronx,Brooklyn,12,Sunday,12,65.78
green,Bronx,Brooklyn,12,Sunday,13,62.05
green,Bronx,Brooklyn,12,Sunday,14,64.65
green,Bronx,Brooklyn,12,Sunday,15,67.78
green,Bronx,Brooklyn,12,Sunday,16,66.22
green,Bronx,Brooklyn,12,Sunday,17,64.24
green,Bronx,Brooklyn,12,Sunday,18,64.75
green,Bronx,Brooklyn,12,Sunday,19,61.54
green,Bronx,Brooklyn,12,Sunday,20,62.84
green,Bronx,Brooklyn,12,Sunday,21,70.37
green,Bronx,Brooklyn,12,Sunday,22,59.75
green,Bronx,Brooklyn,12,Sunday,23,59.68
green,Bronx,Brooklyn,12,Thursday,0,68.77
green,Bronx,Brooklyn,12,Thursday,1,55.11
green,Bronx,Brooklyn,12,Thursday,2,56.01
green,Bronx,Brooklyn,12,Thursday,3,58.94
green,Bronx,Brooklyn,12,Thursday,4,51.39
green,Bronx,Brooklyn,12,Thursday,5,56.87
green,Bronx,Brooklyn,12,Thursday,6,59.41
green,Bronx,Brooklyn,12,Thursday,7,67.15
green,Bronx,Brooklyn,12,Thursday,8,66.23
green,Bronx,Brooklyn,12,Thursday,9,63.26
green,Bronx,Brooklyn,12,Thursday,10,65.02
green,Bronx,Brooklyn,12,Thursday,11,69.52
green,Bronx,Brooklyn,12,Thursday,12,61.85
green,Bronx,Brooklyn,12,Thursday,13,63.62
green,Bronx,Brooklyn,12,Thursday,14,64.08
green,Bronx,Brooklyn,12,Thursday,15,68.36
green,Bronx,Brooklyn,12,Thursday,16,78.66
green,Bronx,Brooklyn,12,Thursday,17,70.26
green,Bronx,Brooklyn,12,Thursday,18,69.79
green,Bronx,Brooklyn,12,Thursday,19,68.95
green,Bronx,Brooklyn,12,Thursday,20,76.58
green,Bronx,Brooklyn,12,Thursday,21,67.66
green,Bronx,Brooklyn,12,Thursday,22,64.01
green,Bronx,Brooklyn,12,Thursday,23,59.83
green,Bronx,Brooklyn,12,Tuesday,0,72.17
green,Bronx,Brooklyn,12,Tuesday,1,54.44
green,Bronx,Brooklyn,12,Tuesday,2,54.19
green,Bronx,Brooklyn,12,Tuesday,3,56.05
green,Bronx,Brooklyn,12,Tuesday,4,56.66
green,Bronx,Brooklyn,12,Tuesday,5,51.74
green,Bronx,Brooklyn,12,Tuesday,6,57.51
green,Bronx,Brooklyn,12,Tuesday,7,66.42
green,Bronx,Brooklyn,12,Tuesday,8,65.01
green,Bronx,Brooklyn,12,Tuesday,9,65.46
green,Bronx,Brooklyn,12,Tuesday,10,64.41
green,Bronx,Brooklyn,12,Tuesday,11,64.2
green,Bronx,Brooklyn,12,Tuesday,12,65.15
green,Bronx,Brooklyn,12,Tuesday,13,67.72
green,Bronx,Brooklyn,12,Tuesday,14,66.76
green,Bronx,Brooklyn,12,Tuesday,15,71.48
green,Bronx,Brooklyn,12,Tuesday,16,78.49
green,Bronx,Brooklyn,12,Tuesday,17,69.57
green,Bronx,Brooklyn,12,Tuesday,18,67.51
green,Bronx,Brooklyn,12,Tuesday,19,62.14
green,Bronx,Brooklyn,12,Tuesday,20,60.48
green,Bronx,Brooklyn,12,Tuesday,21,63.74
green,Bronx,Brooklyn,12,Tuesday,22,75.87
green,Bronx,Brooklyn,12,Tuesday,23,69.41
green,Bronx,Brooklyn,12,Wednesday,0,67.38
green,Bronx,Brooklyn,12,Wednesday,1,44.71
green,Bronx,Brooklyn,12,Wednesday,2,60.18
green,Bronx,Brooklyn,12,Wednesday,3,48.3
green,Bronx,Brooklyn,12,Wednesday,4,67.24
green,Bronx,Brooklyn,12,Wednesday,5,54.08
green,Bronx,Brooklyn,12,Wednesday,6,61.77
green,Bronx,Brooklyn,12,Wednesday,7,69.41
green,Bronx,Brooklyn,12,Wednesday,8,65.9
green,Bronx,Brooklyn,12,Wednesday,9,62.66
green,Bronx,Brooklyn,12,Wednesday,10,65.15
green,Bronx,Brooklyn,12,Wednesday,11,68.3
green,Bronx,Brooklyn,12,Wednesday,12,61.51
green,Bronx,Brooklyn,12,Wednesday,13,69.29
green,Bronx,Brooklyn,12,Wednesday,14,67.57
green,Bronx,Brooklyn,12,Wednesday,15,73.74
green,Bronx,Brooklyn,12,Wednesday,16,75.43
green,Bronx,Brooklyn,12,Wednesday,17,68.33
green,Bronx,Brooklyn,12,Wednesday,18,73.25
green,Bronx,Brooklyn,12,Wednesday,19,63.85
green,Bronx,Brooklyn,12,Wednesday,20,66.2
green,Bronx,Brooklyn,12,Wednesday,21,66.61
green,Bronx,Brooklyn,12,Wednesday,22,61.48
green,Bronx,Brooklyn,12,Wednesday,23,59.33
green,Bronx,EWR,1,Friday,3,9.75
green,Bronx,EWR,1,Friday,8,88.25
green,Bronx,EWR,1,Friday,11,98
green,Bronx,EWR,1,Friday,16,114.75
green,Bronx,EWR,1,Friday,17,142.1
green,Bronx,EWR,1,Monday,9,90.35
green,Bronx,EWR,1,Monday,10,88.56
green,Bronx,EWR,1,Saturday,12,109.8
green,Bronx,EWR,1,Saturday,13,80.3
green,Bronx,EWR,1,Saturday,14,93.44
green,Bronx,EWR,1,Sunday,9,92.8
green,Bronx,EWR,1,Sunday,16,95
green,Bronx,EWR,1,Sunday,18,109.1
green,Bronx,EWR,1,Thursday,10,114.9
green,Bronx,EWR,1,Thursday,14,117.78
green,Bronx,EWR,1,Thursday,15,111.5
green,Bronx,EWR,1,Wednesday,8,109.05
green,Bronx,EWR,1,Wednesday,13,107.05
green,Bronx,EWR,1,Wednesday,14,110.86
green,Bronx,EWR,1,Wednesday,15,150.8
green,Bronx,EWR,2,Friday,5,100
green,Bronx,EWR,2,Friday,6,10
green,Bronx,EWR,2,Friday,8,85
green,Bronx,EWR,2,Friday,11,95.01
green,Bronx,EWR,2,Friday,12,104.16
green,Bronx,EWR,2,Friday,13,98.3
green,Bronx,EWR,2,Monday,5,84.25
green,Bronx,EWR,2,Monday,6,90
green,Bronx,EWR,2,Monday,14,95.05
green,Bronx,EWR,2,Saturday,5,112.8
green,Bronx,EWR,2,Saturday,10,107.76
green,Bronx,EWR,2,Saturday,18,102
green,Bronx,EWR,2,Sunday,4,64
green,Bronx,EWR,2,Sunday,10,85
green,Bronx,EWR,2,Thursday,14,111.25
green,Bronx,EWR,2,Tuesday,7,84
green,Bronx,EWR,2,Tuesday,16,57.78
green,Bronx,EWR,2,Tuesday,17,114.8
green,Bronx,EWR,2,Wednesday,10,104
green,Bronx,EWR,2,Wednesday,14,108.55
green,Bronx,EWR,3,Friday,7,105.6
green,Bronx,EWR,3,Friday,8,90.3
green,Bronx,EWR,3,Friday,10,9
green,Bronx,EWR,3,Friday,14,103.8
green,Bronx,EWR,3,Friday,17,68.64
green,Bronx,EWR,3,Monday,6,116.46
green,Bronx,EWR,3,Saturday,3,159.8
green,Bronx,EWR,3,Saturday,5,80.1
green,Bronx,EWR,3,Saturday,6,100.56
green,Bronx,EWR,3,Saturday,9,95
green,Bronx,EWR,3,Sunday,3,91.55
green,Bronx,EWR,3,Sunday,4,108.05
green,Bronx,EWR,3,Sunday,5,102.05
green,Bronx,EWR,3,Thursday,4,95
green,Bronx,EWR,3,Thursday,10,89.75
green,Bronx,EWR,3,Thursday,11,121.25
green,Bronx,EWR,3,Thursday,12,99.35
green,Bronx,EWR,3,Thursday,14,131.31
green,Bronx,EWR,3,Thursday,17,113.7
green,Bronx,EWR,3,Tuesday,6,85.5
green,Bronx,EWR,3,Tuesday,12,80
green,Bronx,EWR,3,Tuesday,15,123.19
green,Bronx,EWR,3,Wednesday,4,85
green,Bronx,EWR,3,Wednesday,10,110.89
green,Bronx,EWR,3,Wednesday,15,126
green,Bronx,EWR,4,Friday,3,50.3
green,Bronx,EWR,4,Friday,5,96.55
green,Bronx,EWR,4,Friday,11,105.38
green,Bronx,EWR,4,Friday,12,94.26
green,Bronx,EWR,4,Friday,13,100.3
green,Bronx,EWR,4,Friday,15,103.95
green,Bronx,EWR,4,Friday,19,134.55
green,Bronx,EWR,4,Monday,6,112.05
green,Bronx,EWR,4,Monday,12,0
green,Bronx,EWR,4,Monday,17,116.8
green,Bronx,EWR,4,Saturday,6,97.25
green,Bronx,EWR,4,Saturday,7,102.3
green,Bronx,EWR,4,Saturday,11,91.05
green,Bronx,EWR,4,Saturday,16,79.8
green,Bronx,EWR,4,Saturday,20,114.29
green,Bronx,EWR,4,Sunday,15,102.8
green,Bronx,EWR,4,Thursday,9,109.8
green,Bronx,EWR,4,Thursday,11,45
green,Bronx,EWR,4,Thursday,12,136.88
green,Bronx,EWR,4,Thursday,15,109.93
green,Bronx,EWR,4,Thursday,16,141.18
green,Bronx,EWR,4,Tuesday,6,99.05
green,Bronx,EWR,4,Tuesday,9,114
green,Bronx,EWR,4,Tuesday,13,164.55
green,Bronx,EWR,4,Tuesday,16,92.75
green,Bronx,EWR,4,Tuesday,17,195.34
green,Bronx,EWR,4,Wednesday,9,101.3
green,Bronx,EWR,4,Wednesday,10,33
green,Bronx,EWR,4,Wednesday,12,90.5
green,Bronx,EWR,4,Wednesday,19,130
green,Bronx,EWR,4,Wednesday,20,150.3
green,Bronx,EWR,5,Friday,12,91.5
green,Bronx,EWR,5,Friday,13,93.3
green,Bronx,EWR,5,Friday,15,142.3
green,Bronx,EWR,5,Friday,16,98.3
green,Bronx,EWR,5,Monday,8,108
green,Bronx,EWR,5,Monday,12,126
green,Bronx,EWR,5,Monday,13,104
green,Bronx,EWR,5,Monday,15,177.11
green,Bronx,EWR,5,Monday,16,116.3
green,Bronx,EWR,5,Monday,17,66.5
green,Bronx,EWR,5,Monday,19,96.05
green,Bronx,EWR,5,Saturday,14,88.7
green,Bronx,EWR,5,Saturday,15,101.3
green,Bronx,EWR,5,Saturday,19,116.55
green,Bronx,EWR,5,Saturday,23,95
green,Bronx,EWR,5,Sunday,10,123.06
green,Bronx,EWR,5,Sunday,14,88
green,Bronx,EWR,5,Thursday,12,112.75
green,Bronx,EWR,5,Thursday,14,99.06
green,Bronx,EWR,5,Thursday,18,111.3
green,Bronx,EWR,5,Tuesday,8,85
green,Bronx,EWR,5,Tuesday,9,101.75
green,Bronx,EWR,5,Tuesday,15,126.46
green,Bronx,EWR,5,Wednesday,7,85.7
green,Bronx,EWR,5,Wednesday,9,187.11
green,Bronx,EWR,5,Wednesday,12,88.8
green,Bronx,EWR,5,Wednesday,14,105.18
green,Bronx,EWR,6,Friday,5,92
green,Bronx,EWR,6,Friday,12,98
green,Bronx,EWR,6,Friday,13,114.55
green,Bronx,EWR,6,Friday,14,137.46
green,Bronx,EWR,6,Friday,15,102.73
green,Bronx,EWR,6,Friday,16,116.05
green,Bronx,EWR,6,Monday,8,85.75
green,Bronx,EWR,6,Monday,12,102.06
green,Bronx,EWR,6,Monday,14,98
green,Bronx,EWR,6,Monday,17,100
green,Bronx,EWR,6,Saturday,3,94.55
green,Bronx,EWR,6,Saturday,4,115.2
green,Bronx,EWR,6,Saturday,5,114.5
green,Bronx,EWR,6,Saturday,9,52.8
green,Bronx,EWR,6,Saturday,10,88.34
green,Bronx,EWR,6,Saturday,12,99.5
green,Bronx,EWR,6,Saturday,15,89.8
green,Bronx,EWR,6,Sunday,4,98.8
green,Bronx,EWR,6,Sunday,9,76.75
green,Bronx,EWR,6,Sunday,14,119.4
green,Bronx,EWR,6,Sunday,16,114
green,Bronx,EWR,6,Thursday,3,97.5
green,Bronx,EWR,6,Thursday,11,99.75
green,Bronx,EWR,6,Thursday,13,126.11
green,Bronx,EWR,6,Thursday,14,102.05
green,Bronx,EWR,6,Thursday,18,145.8
green,Bronx,EWR,6,Tuesday,7,87
green,Bronx,EWR,6,Tuesday,13,108.55
green,Bronx,EWR,6,Tuesday,14,122.76
green,Bronx,EWR,6,Wednesday,3,100
green,Bronx,EWR,6,Wednesday,14,86.4
green,Bronx,EWR,6,Wednesday,19,117.36
green,Bronx,EWR,7,Friday,3,114
green,Bronx,EWR,7,Friday,4,123.55
green,Bronx,EWR,7,Friday,8,100.56
green,Bronx,EWR,7,Friday,9,111.28
green,Bronx,EWR,7,Friday,11,107.65
green,Bronx,EWR,7,Friday,22,115.56
green,Bronx,EWR,7,Monday,4,106.61
green,Bronx,EWR,7,Monday,11,96.73
green,Bronx,EWR,7,Monday,13,113.14
green,Bronx,EWR,7,Monday,16,100
green,Bronx,EWR,7,Monday,18,96.5
green,Bronx,EWR,7,Saturday,3,85
green,Bronx,EWR,7,Saturday,9,99.6
green,Bronx,EWR,7,Saturday,11,91.3
green,Bronx,EWR,7,Saturday,12,111
green,Bronx,EWR,7,Saturday,14,114.05
green,Bronx,EWR,7,Saturday,16,106.8
green,Bronx,EWR,7,Saturday,19,104.3
green,Bronx,EWR,7,Sunday,4,149.46
green,Bronx,EWR,7,Sunday,7,97
green,Bronx,EWR,7,Sunday,13,152.8
green,Bronx,EWR,7,Sunday,15,101.98
green,Bronx,EWR,7,Sunday,16,111.05
green,Bronx,EWR,7,Thursday,7,102
green,Bronx,EWR,7,Thursday,14,126.78
green,Bronx,EWR,7,Tuesday,3,85
green,Bronx,EWR,7,Tuesday,4,75.03
green,Bronx,EWR,7,Tuesday,9,109.16
green,Bronx,EWR,7,Wednesday,2,79.05
green,Bronx,EWR,7,Wednesday,6,90
green,Bronx,EWR,7,Wednesday,9,2
green,Bronx,EWR,7,Wednesday,11,95.5
green,Bronx,EWR,7,Wednesday,12,88.15
green,Bronx,EWR,7,Wednesday,16,191.68
green,Bronx,EWR,7,Wednesday,18,106.43
green,Bronx,EWR,8,Friday,4,85
green,Bronx,EWR,8,Friday,8,92
green,Bronx,EWR,8,Friday,9,130.05
green,Bronx,EWR,8,Friday,16,90
green,Bronx,EWR,8,Monday,7,95
green,Bronx,EWR,8,Monday,13,111.5
green,Bronx,EWR,8,Monday,14,127.66
green,Bronx,EWR,8,Saturday,4,75.05
green,Bronx,EWR,8,Saturday,10,80
green,Bronx,EWR,8,Saturday,14,86.5
green,Bronx,EWR,8,Saturday,15,100
green,Bronx,EWR,8,Saturday,18,146.06
green,Bronx,EWR,8,Sunday,14,97.54
green,Bronx,EWR,8,Sunday,16,80
green,Bronx,EWR,8,Thursday,4,142.38
green,Bronx,EWR,8,Thursday,6,74.5
green,Bronx,EWR,8,Thursday,8,97.54
green,Bronx,EWR,8,Thursday,9,112.92
green,Bronx,EWR,8,Tuesday,5,78
green,Bronx,EWR,8,Tuesday,6,12.51
green,Bronx,EWR,8,Tuesday,7,71.5
green,Bronx,EWR,8,Tuesday,8,70
green,Bronx,EWR,8,Tuesday,14,108
green,Bronx,EWR,8,Tuesday,16,100.55
green,Bronx,EWR,8,Wednesday,11,94.55
green,Bronx,EWR,8,Wednesday,15,111.05
green,Bronx,EWR,9,Friday,6,85.3
green,Bronx,EWR,9,Friday,7,107.9
green,Bronx,EWR,9,Friday,10,111.55
green,Bronx,EWR,9,Friday,11,98
green,Bronx,EWR,9,Friday,15,103
green,Bronx,EWR,9,Monday,5,88.97
green,Bronx,EWR,9,Monday,10,100
green,Bronx,EWR,9,Monday,14,100.23
green,Bronx,EWR,9,Monday,15,95
green,Bronx,EWR,9,Monday,22,101.75
green,Bronx,EWR,9,Saturday,14,92.03
green,Bronx,EWR,9,Saturday,15,99.05
green,Bronx,EWR,9,Saturday,18,95
green,Bronx,EWR,9,Saturday,19,96
green,Bronx,EWR,9,Saturday,20,89.5
green,Bronx,EWR,9,Sunday,15,93.3
green,Bronx,EWR,9,Sunday,16,103.77
green,Bronx,EWR,9,Thursday,4,111.53
green,Bronx,EWR,9,Thursday,5,139.8
green,Bronx,EWR,9,Thursday,9,95
green,Bronx,EWR,9,Thursday,16,113.4
green,Bronx,EWR,9,Thursday,18,90
green,Bronx,EWR,9,Tuesday,5,96
green,Bronx,EWR,9,Tuesday,6,95
green,Bronx,EWR,9,Tuesday,7,86.55
green,Bronx,EWR,9,Tuesday,15,89.16
green,Bronx,EWR,9,Wednesday,3,82.55
green,Bronx,EWR,9,Wednesday,12,103.86
green,Bronx,EWR,9,Wednesday,13,137.01
green,Bronx,EWR,9,Wednesday,14,130.3
green,Bronx,EWR,9,Wednesday,17,115.3
green,Bronx,EWR,9,Wednesday,18,121.31
green,Bronx,EWR,10,Friday,3,77
green,Bronx,EWR,10,Friday,8,137.76
green,Bronx,EWR,10,Friday,12,97.05
green,Bronx,EWR,10,Friday,17,94.05
green,Bronx,EWR,10,Friday,18,129.3
green,Bronx,EWR,10,Monday,5,95.5
green,Bronx,EWR,10,Monday,8,118.26
green,Bronx,EWR,10,Monday,23,170.16
green,Bronx,EWR,10,Saturday,3,90
green,Bronx,EWR,10,Saturday,4,106.25
green,Bronx,EWR,10,Saturday,6,9.75
green,Bronx,EWR,10,Saturday,16,83.8
green,Bronx,EWR,10,Saturday,18,102.43
green,Bronx,EWR,10,Sunday,10,85.3
green,Bronx,EWR,10,Sunday,14,120
green,Bronx,EWR,10,Sunday,18,142.09
green,Bronx,EWR,10,Sunday,23,108.8
green,Bronx,EWR,10,Thursday,12,113.3
green,Bronx,EWR,10,Thursday,15,101.75
green,Bronx,EWR,10,Thursday,17,107.9
green,Bronx,EWR,10,Tuesday,4,144.5
green,Bronx,EWR,10,Tuesday,6,142.2
green,Bronx,EWR,10,Tuesday,13,88.7
green,Bronx,EWR,10,Tuesday,15,106.88
green,Bronx,EWR,10,Tuesday,19,108
green,Bronx,EWR,10,Tuesday,23,80.05
green,Bronx,EWR,10,Wednesday,8,110
green,Bronx,EWR,10,Wednesday,17,89.8
green,Bronx,EWR,10,Wednesday,21,110.8
green,Bronx,EWR,11,Friday,6,100
green,Bronx,EWR,11,Friday,9,101.8
green,Bronx,EWR,11,Monday,5,85
green,Bronx,EWR,11,Monday,12,94.3
green,Bronx,EWR,11,Monday,13,98.16
green,Bronx,EWR,11,Monday,15,103.12
green,Bronx,EWR,11,Saturday,4,75
green,Bronx,EWR,11,Saturday,18,104.16
green,Bronx,EWR,11,Sunday,6,118.8
green,Bronx,EWR,11,Sunday,7,98
green,Bronx,EWR,11,Sunday,17,122.6
green,Bronx,EWR,11,Sunday,22,95.8
green,Bronx,EWR,11,Thursday,4,100.72
green,Bronx,EWR,11,Thursday,6,91.88
green,Bronx,EWR,11,Thursday,11,102.8
green,Bronx,EWR,11,Thursday,12,118.19
green,Bronx,EWR,11,Wednesday,4,101.46
green,Bronx,EWR,11,Wednesday,13,123.69
green,Bronx,EWR,11,Wednesday,14,171.3
green,Bronx,EWR,11,Wednesday,15,110
green,Bronx,EWR,12,Friday,7,123.66
green,Bronx,EWR,12,Friday,8,90.6
green,Bronx,EWR,12,Friday,10,100
green,Bronx,EWR,12,Friday,14,108.5
green,Bronx,EWR,12,Friday,15,136.84
green,Bronx,EWR,12,Monday,14,103.8
green,Bronx,EWR,12,Saturday,16,80.05
green,Bronx,EWR,12,Sunday,5,95
green,Bronx,EWR,12,Sunday,8,119.4
green,Bronx,EWR,12,Sunday,12,110.8
green,Bronx,EWR,12,Sunday,13,141.8
green,Bronx,EWR,12,Thursday,6,50
green,Bronx,EWR,12,Thursday,14,135.38
green,Bronx,EWR,12,Thursday,15,108
green,Bronx,EWR,12,Thursday,18,175.56
green,Bronx,EWR,12,Tuesday,4,63.8
green,Bronx,EWR,12,Tuesday,11,143.05
green,Bronx,EWR,12,Tuesday,12,93
green,Bronx,EWR,12,Tuesday,15,99.5
green,Bronx,EWR,12,Wednesday,5,103.3
green,Bronx,EWR,12,Wednesday,15,133.8
green,Bronx,EWR,12,Wednesday,17,137.5
green,Bronx,EWR,12,Wednesday,18,105.8
green,Bronx,Manhattan,1,Friday,0,16.96
green,Bronx,Manhattan,1,Friday,1,16.39
green,Bronx,Manhattan,1,Friday,2,14.65
green,Bronx,Manhattan,1,Friday,3,15.89
green,Bronx,Manhattan,1,Friday,4,16.78
green,Bronx,Manhattan,1,Friday,5,19.87
green,Bronx,Manhattan,1,Friday,6,23.53
green,Bronx,Manhattan,1,Friday,7,20.29
green,Bronx,Manhattan,1,Friday,8,19.76
green,Bronx,Manhattan,1,Friday,9,20.33
green,Bronx,Manhattan,1,Friday,10,19.03
green,Bronx,Manhattan,1,Friday,11,20.21
green,Bronx,Manhattan,1,Friday,12,18.68
green,Bronx,Manhattan,1,Friday,13,18.97
green,Bronx,Manhattan,1,Friday,14,18.07
green,Bronx,Manhattan,1,Friday,15,18.4
green,Bronx,Manhattan,1,Friday,16,19.54
green,Bronx,Manhattan,1,Friday,17,19.12
green,Bronx,Manhattan,1,Friday,18,18.13
green,Bronx,Manhattan,1,Friday,19,18.48
green,Bronx,Manhattan,1,Friday,20,17.11
green,Bronx,Manhattan,1,Friday,21,16.39
green,Bronx,Manhattan,1,Friday,22,17.38
green,Bronx,Manhattan,1,Friday,23,16.96
green,Bronx,Manhattan,1,Monday,0,15.4
green,Bronx,Manhattan,1,Monday,1,14.3
green,Bronx,Manhattan,1,Monday,2,14.16
green,Bronx,Manhattan,1,Monday,3,15.13
green,Bronx,Manhattan,1,Monday,4,17.12
green,Bronx,Manhattan,1,Monday,5,21.89
green,Bronx,Manhattan,1,Monday,6,25.61
green,Bronx,Manhattan,1,Monday,7,19.88
green,Bronx,Manhattan,1,Monday,8,19.34
green,Bronx,Manhattan,1,Monday,9,20.12
green,Bronx,Manhattan,1,Monday,10,19.27
green,Bronx,Manhattan,1,Monday,11,20.48
green,Bronx,Manhattan,1,Monday,12,19.76
green,Bronx,Manhattan,1,Monday,13,19.67
green,Bronx,Manhattan,1,Monday,14,18.17
green,Bronx,Manhattan,1,Monday,15,18.48
green,Bronx,Manhattan,1,Monday,16,18.87
green,Bronx,Manhattan,1,Monday,17,18.85
green,Bronx,Manhattan,1,Monday,18,17.28
green,Bronx,Manhattan,1,Monday,19,16.95
green,Bronx,Manhattan,1,Monday,20,16.4
green,Bronx,Manhattan,1,Monday,21,16.27
green,Bronx,Manhattan,1,Monday,22,20.31
green,Bronx,Manhattan,1,Monday,23,16.7
green,Bronx,Manhattan,1,Saturday,0,17.02
green,Bronx,Manhattan,1,Saturday,1,16.25
green,Bronx,Manhattan,1,Saturday,2,16.04
green,Bronx,Manhattan,1,Saturday,3,15.58
green,Bronx,Manhattan,1,Saturday,4,15.74
green,Bronx,Manhattan,1,Saturday,5,19.18
green,Bronx,Manhattan,1,Saturday,6,17.84
green,Bronx,Manhattan,1,Saturday,7,18.74
green,Bronx,Manhattan,1,Saturday,8,17.72
green,Bronx,Manhattan,1,Saturday,9,18.61
green,Bronx,Manhattan,1,Saturday,10,18.51
green,Bronx,Manhattan,1,Saturday,11,18.26
green,Bronx,Manhattan,1,Saturday,12,18.46
green,Bronx,Manhattan,1,Saturday,13,19.12
green,Bronx,Manhattan,1,Saturday,14,17.57
green,Bronx,Manhattan,1,Saturday,15,18.35
green,Bronx,Manhattan,1,Saturday,16,17.97
green,Bronx,Manhattan,1,Saturday,17,18.02
green,Bronx,Manhattan,1,Saturday,18,18.07
green,Bronx,Manhattan,1,Saturday,19,16.7
green,Bronx,Manhattan,1,Saturday,20,17.05
green,Bronx,Manhattan,1,Saturday,21,19.41
green,Bronx,Manhattan,1,Saturday,22,18.44
green,Bronx,Manhattan,1,Saturday,23,17.39
green,Bronx,Manhattan,1,Sunday,0,17.07
green,Bronx,Manhattan,1,Sunday,1,16.61
green,Bronx,Manhattan,1,Sunday,2,16.55
green,Bronx,Manhattan,1,Sunday,3,16.02
green,Bronx,Manhattan,1,Sunday,4,15.83
green,Bronx,Manhattan,1,Sunday,5,16.69
green,Bronx,Manhattan,1,Sunday,6,20.03
green,Bronx,Manhattan,1,Sunday,7,19.96
green,Bronx,Manhattan,1,Sunday,8,19.72
green,Bronx,Manhattan,1,Sunday,9,18.3
green,Bronx,Manhattan,1,Sunday,10,17.55
green,Bronx,Manhattan,1,Sunday,11,17
green,Bronx,Manhattan,1,Sunday,12,18.81
green,Bronx,Manhattan,1,Sunday,13,18.74
green,Bronx,Manhattan,1,Sunday,14,19.25
green,Bronx,Manhattan,1,Sunday,15,18.68
green,Bronx,Manhattan,1,Sunday,16,18.52
green,Bronx,Manhattan,1,Sunday,17,17.25
green,Bronx,Manhattan,1,Sunday,18,16.19
green,Bronx,Manhattan,1,Sunday,19,16.12
green,Bronx,Manhattan,1,Sunday,20,16.97
green,Bronx,Manhattan,1,Sunday,21,17.74
green,Bronx,Manhattan,1,Sunday,22,16.96
green,Bronx,Manhattan,1,Sunday,23,16.18
green,Bronx,Manhattan,1,Thursday,0,16
green,Bronx,Manhattan,1,Thursday,1,15.85
green,Bronx,Manhattan,1,Thursday,2,15.34
green,Bronx,Manhattan,1,Thursday,3,15.93
green,Bronx,Manhattan,1,Thursday,4,16.96
green,Bronx,Manhattan,1,Thursday,5,23.55
green,Bronx,Manhattan,1,Thursday,6,27.15
green,Bronx,Manhattan,1,Thursday,7,20.1
green,Bronx,Manhattan,1,Thursday,8,20.68
green,Bronx,Manhattan,1,Thursday,9,22.53
green,Bronx,Manhattan,1,Thursday,10,22.1
green,Bronx,Manhattan,1,Thursday,11,20.91
green,Bronx,Manhattan,1,Thursday,12,20.2
green,Bronx,Manhattan,1,Thursday,13,19.95
green,Bronx,Manhattan,1,Thursday,14,20.7
green,Bronx,Manhattan,1,Thursday,15,19.9
green,Bronx,Manhattan,1,Thursday,16,20.27
green,Bronx,Manhattan,1,Thursday,17,19.11
green,Bronx,Manhattan,1,Thursday,18,18.41
green,Bronx,Manhattan,1,Thursday,19,18.65
green,Bronx,Manhattan,1,Thursday,20,17.77
green,Bronx,Manhattan,1,Thursday,21,17.34
green,Bronx,Manhattan,1,Thursday,22,18.21
green,Bronx,Manhattan,1,Thursday,23,16.2
green,Bronx,Manhattan,1,Tuesday,0,16.31
green,Bronx,Manhattan,1,Tuesday,1,14.26
green,Bronx,Manhattan,1,Tuesday,2,14.31
green,Bronx,Manhattan,1,Tuesday,3,17.76
green,Bronx,Manhattan,1,Tuesday,4,19.75
green,Bronx,Manhattan,1,Tuesday,5,24.74
green,Bronx,Manhattan,1,Tuesday,6,26.31
green,Bronx,Manhattan,1,Tuesday,7,20.46
green,Bronx,Manhattan,1,Tuesday,8,20.86
green,Bronx,Manhattan,1,Tuesday,9,21.13
green,Bronx,Manhattan,1,Tuesday,10,21.49
green,Bronx,Manhattan,1,Tuesday,11,21.56
green,Bronx,Manhattan,1,Tuesday,12,20.83
green,Bronx,Manhattan,1,Tuesday,13,20.27
green,Bronx,Manhattan,1,Tuesday,14,20.06
green,Bronx,Manhattan,1,Tuesday,15,19.7
green,Bronx,Manhattan,1,Tuesday,16,21.1
green,Bronx,Manhattan,1,Tuesday,17,20.79
green,Bronx,Manhattan,1,Tuesday,18,19.78
green,Bronx,Manhattan,1,Tuesday,19,18.08
green,Bronx,Manhattan,1,Tuesday,20,17.53
green,Bronx,Manhattan,1,Tuesday,21,17.11
green,Bronx,Manhattan,1,Tuesday,22,19.13
green,Bronx,Manhattan,1,Tuesday,23,17.67
green,Bronx,Manhattan,1,Wednesday,0,16.3
green,Bronx,Manhattan,1,Wednesday,1,15.61
green,Bronx,Manhattan,1,Wednesday,2,15.59
green,Bronx,Manhattan,1,Wednesday,3,17.89
green,Bronx,Manhattan,1,Wednesday,4,17.81
green,Bronx,Manhattan,1,Wednesday,5,22.78
green,Bronx,Manhattan,1,Wednesday,6,27.04
green,Bronx,Manhattan,1,Wednesday,7,20.96
green,Bronx,Manhattan,1,Wednesday,8,19.68
green,Bronx,Manhattan,1,Wednesday,9,21.14
green,Bronx,Manhattan,1,Wednesday,10,20.87
green,Bronx,Manhattan,1,Wednesday,11,21.21
green,Bronx,Manhattan,1,Wednesday,12,20.57
green,Bronx,Manhattan,1,Wednesday,13,20.14
green,Bronx,Manhattan,1,Wednesday,14,20.24
green,Bronx,Manhattan,1,Wednesday,15,19.65
green,Bronx,Manhattan,1,Wednesday,16,21.12
green,Bronx,Manhattan,1,Wednesday,17,19
green,Bronx,Manhattan,1,Wednesday,18,19.66
green,Bronx,Manhattan,1,Wednesday,19,18.52
green,Bronx,Manhattan,1,Wednesday,20,16.61
green,Bronx,Manhattan,1,Wednesday,21,18.59
green,Bronx,Manhattan,1,Wednesday,22,19.04
green,Bronx,Manhattan,1,Wednesday,23,20.43
green,Bronx,Manhattan,2,Friday,0,15.53
green,Bronx,Manhattan,2,Friday,1,13.46
green,Bronx,Manhattan,2,Friday,2,13.48
green,Bronx,Manhattan,2,Friday,3,16.4
green,Bronx,Manhattan,2,Friday,4,19.53
green,Bronx,Manhattan,2,Friday,5,23.87
green,Bronx,Manhattan,2,Friday,6,24.67
green,Bronx,Manhattan,2,Friday,7,20.49
green,Bronx,Manhattan,2,Friday,8,19.79
green,Bronx,Manhattan,2,Friday,9,19.46
green,Bronx,Manhattan,2,Friday,10,20.53
green,Bronx,Manhattan,2,Friday,11,19.65
green,Bronx,Manhattan,2,Friday,12,18.74
green,Bronx,Manhattan,2,Friday,13,18.46
green,Bronx,Manhattan,2,Friday,14,19.32
green,Bronx,Manhattan,2,Friday,15,19.07
green,Bronx,Manhattan,2,Friday,16,19.96
green,Bronx,Manhattan,2,Friday,17,19.61
green,Bronx,Manhattan,2,Friday,18,19.63
green,Bronx,Manhattan,2,Friday,19,18.85
green,Bronx,Manhattan,2,Friday,20,16.76
green,Bronx,Manhattan,2,Friday,21,17.19
green,Bronx,Manhattan,2,Friday,22,17.53
green,Bronx,Manhattan,2,Friday,23,16.62
green,Bronx,Manhattan,2,Monday,0,15.53
green,Bronx,Manhattan,2,Monday,1,17.46
green,Bronx,Manhattan,2,Monday,2,14.8
green,Bronx,Manhattan,2,Monday,3,16.3
green,Bronx,Manhattan,2,Monday,4,15.58
green,Bronx,Manhattan,2,Monday,5,22.03
green,Bronx,Manhattan,2,Monday,6,24.36
green,Bronx,Manhattan,2,Monday,7,19.3
green,Bronx,Manhattan,2,Monday,8,19.06
green,Bronx,Manhattan,2,Monday,9,19.62
green,Bronx,Manhattan,2,Monday,10,19.67
green,Bronx,Manhattan,2,Monday,11,20.08
green,Bronx,Manhattan,2,Monday,12,18.97
green,Bronx,Manhattan,2,Monday,13,18.45
green,Bronx,Manhattan,2,Monday,14,18.33
green,Bronx,Manhattan,2,Monday,15,17.31
green,Bronx,Manhattan,2,Monday,16,18.74
green,Bronx,Manhattan,2,Monday,17,18.95
green,Bronx,Manhattan,2,Monday,18,17.36
green,Bronx,Manhattan,2,Monday,19,15.92
green,Bronx,Manhattan,2,Monday,20,16.15
green,Bronx,Manhattan,2,Monday,21,15.89
green,Bronx,Manhattan,2,Monday,22,18.02
green,Bronx,Manhattan,2,Monday,23,15.29
green,Bronx,Manhattan,2,Saturday,0,17.7
green,Bronx,Manhattan,2,Saturday,1,15.84
green,Bronx,Manhattan,2,Saturday,2,15.13
green,Bronx,Manhattan,2,Saturday,3,15.69
green,Bronx,Manhattan,2,Saturday,4,16.07
green,Bronx,Manhattan,2,Saturday,5,19.02
green,Bronx,Manhattan,2,Saturday,6,20.5
green,Bronx,Manhattan,2,Saturday,7,18.98
green,Bronx,Manhattan,2,Saturday,8,18.88
green,Bronx,Manhattan,2,Saturday,9,18.16
green,Bronx,Manhattan,2,Saturday,10,18.1
green,Bronx,Manhattan,2,Saturday,11,17.87
green,Bronx,Manhattan,2,Saturday,12,18.34
green,Bronx,Manhattan,2,Saturday,13,18.56
green,Bronx,Manhattan,2,Saturday,14,17.89
green,Bronx,Manhattan,2,Saturday,15,17.6
green,Bronx,Manhattan,2,Saturday,16,17.8
green,Bronx,Manhattan,2,Saturday,17,17.44
green,Bronx,Manhattan,2,Saturday,18,17.25
green,Bronx,Manhattan,2,Saturday,19,17.46
green,Bronx,Manhattan,2,Saturday,20,17.88
green,Bronx,Manhattan,2,Saturday,21,17.75
green,Bronx,Manhattan,2,Saturday,22,18.2
green,Bronx,Manhattan,2,Saturday,23,18.37
green,Bronx,Manhattan,2,Sunday,0,17.24
green,Bronx,Manhattan,2,Sunday,1,16.99
green,Bronx,Manhattan,2,Sunday,2,17.29
green,Bronx,Manhattan,2,Sunday,3,15.19
green,Bronx,Manhattan,2,Sunday,4,16.75
green,Bronx,Manhattan,2,Sunday,5,18.04
green,Bronx,Manhattan,2,Sunday,6,19.05
green,Bronx,Manhattan,2,Sunday,7,17.86
green,Bronx,Manhattan,2,Sunday,8,18.83
green,Bronx,Manhattan,2,Sunday,9,19.19
green,Bronx,Manhattan,2,Sunday,10,17.67
green,Bronx,Manhattan,2,Sunday,11,16.66
green,Bronx,Manhattan,2,Sunday,12,17.96
green,Bronx,Manhattan,2,Sunday,13,18.46
green,Bronx,Manhattan,2,Sunday,14,19.18
green,Bronx,Manhattan,2,Sunday,15,18.35
green,Bronx,Manhattan,2,Sunday,16,17.21
green,Bronx,Manhattan,2,Sunday,17,17.12
green,Bronx,Manhattan,2,Sunday,18,16.51
green,Bronx,Manhattan,2,Sunday,19,16.78
green,Bronx,Manhattan,2,Sunday,20,16.4
green,Bronx,Manhattan,2,Sunday,21,16.35
green,Bronx,Manhattan,2,Sunday,22,17.48
green,Bronx,Manhattan,2,Sunday,23,16.33
green,Bronx,Manhattan,2,Thursday,0,16.1
green,Bronx,Manhattan,2,Thursday,1,15.42
green,Bronx,Manhattan,2,Thursday,2,17.45
green,Bronx,Manhattan,2,Thursday,3,17.37
green,Bronx,Manhattan,2,Thursday,4,18.4
green,Bronx,Manhattan,2,Thursday,5,24.66
green,Bronx,Manhattan,2,Thursday,6,26.44
green,Bronx,Manhattan,2,Thursday,7,20.08
green,Bronx,Manhattan,2,Thursday,8,20.21
green,Bronx,Manhattan,2,Thursday,9,20.47
green,Bronx,Manhattan,2,Thursday,10,21
green,Bronx,Manhattan,2,Thursday,11,19.87
green,Bronx,Manhattan,2,Thursday,12,19.46
green,Bronx,Manhattan,2,Thursday,13,19.66
green,Bronx,Manhattan,2,Thursday,14,19.55
green,Bronx,Manhattan,2,Thursday,15,19.71
green,Bronx,Manhattan,2,Thursday,16,19.98
green,Bronx,Manhattan,2,Thursday,17,19.25
green,Bronx,Manhattan,2,Thursday,18,18.69
green,Bronx,Manhattan,2,Thursday,19,18.11
green,Bronx,Manhattan,2,Thursday,20,17.5
green,Bronx,Manhattan,2,Thursday,21,17.03
green,Bronx,Manhattan,2,Thursday,22,17.74
green,Bronx,Manhattan,2,Thursday,23,17.2
green,Bronx,Manhattan,2,Tuesday,0,15.34
green,Bronx,Manhattan,2,Tuesday,1,14.3
green,Bronx,Manhattan,2,Tuesday,2,20.1
green,Bronx,Manhattan,2,Tuesday,3,19
green,Bronx,Manhattan,2,Tuesday,4,20.44
green,Bronx,Manhattan,2,Tuesday,5,23.6
green,Bronx,Manhattan,2,Tuesday,6,23.86
green,Bronx,Manhattan,2,Tuesday,7,20.48
green,Bronx,Manhattan,2,Tuesday,8,20
green,Bronx,Manhattan,2,Tuesday,9,19.61
green,Bronx,Manhattan,2,Tuesday,10,20.71
green,Bronx,Manhattan,2,Tuesday,11,21.51
green,Bronx,Manhattan,2,Tuesday,12,20.37
green,Bronx,Manhattan,2,Tuesday,13,19.61
green,Bronx,Manhattan,2,Tuesday,14,17.78
green,Bronx,Manhattan,2,Tuesday,15,18.95
green,Bronx,Manhattan,2,Tuesday,16,19.29
green,Bronx,Manhattan,2,Tuesday,17,19.5
green,Bronx,Manhattan,2,Tuesday,18,17.59
green,Bronx,Manhattan,2,Tuesday,19,18.3
green,Bronx,Manhattan,2,Tuesday,20,18.94
green,Bronx,Manhattan,2,Tuesday,21,16.75
green,Bronx,Manhattan,2,Tuesday,22,16.87
green,Bronx,Manhattan,2,Tuesday,23,16.26
green,Bronx,Manhattan,2,Wednesday,0,15.04
green,Bronx,Manhattan,2,Wednesday,1,12.32
green,Bronx,Manhattan,2,Wednesday,2,13.17
green,Bronx,Manhattan,2,Wednesday,3,17.42
green,Bronx,Manhattan,2,Wednesday,4,19.22
green,Bronx,Manhattan,2,Wednesday,5,23.67
green,Bronx,Manhattan,2,Wednesday,6,25.32
green,Bronx,Manhattan,2,Wednesday,7,20.61
green,Bronx,Manhattan,2,Wednesday,8,20.22
green,Bronx,Manhattan,2,Wednesday,9,20.01
green,Bronx,Manhattan,2,Wednesday,10,20.5
green,Bronx,Manhattan,2,Wednesday,11,21.53
green,Bronx,Manhattan,2,Wednesday,12,19.61
green,Bronx,Manhattan,2,Wednesday,13,19.32
green,Bronx,Manhattan,2,Wednesday,14,18.54
green,Bronx,Manhattan,2,Wednesday,15,18.55
green,Bronx,Manhattan,2,Wednesday,16,19.65
green,Bronx,Manhattan,2,Wednesday,17,18.84
green,Bronx,Manhattan,2,Wednesday,18,18.45
green,Bronx,Manhattan,2,Wednesday,19,17.1
green,Bronx,Manhattan,2,Wednesday,20,17.2
green,Bronx,Manhattan,2,Wednesday,21,17.37
green,Bronx,Manhattan,2,Wednesday,22,17.21
green,Bronx,Manhattan,2,Wednesday,23,16.84
green,Bronx,Manhattan,3,Friday,0,14.75
green,Bronx,Manhattan,3,Friday,1,14.86
green,Bronx,Manhattan,3,Friday,2,14.43
green,Bronx,Manhattan,3,Friday,3,16.04
green,Bronx,Manhattan,3,Friday,4,18.53
green,Bronx,Manhattan,3,Friday,5,25.7
green,Bronx,Manhattan,3,Friday,6,24.8
green,Bronx,Manhattan,3,Friday,7,21.93
green,Bronx,Manhattan,3,Friday,8,19.79
green,Bronx,Manhattan,3,Friday,9,20.53
green,Bronx,Manhattan,3,Friday,10,20.06
green,Bronx,Manhattan,3,Friday,11,19.91
green,Bronx,Manhattan,3,Friday,12,19.18
green,Bronx,Manhattan,3,Friday,13,19.44
green,Bronx,Manhattan,3,Friday,14,19.11
green,Bronx,Manhattan,3,Friday,15,18.88
green,Bronx,Manhattan,3,Friday,16,20.5
green,Bronx,Manhattan,3,Friday,17,18.86
green,Bronx,Manhattan,3,Friday,18,18.84
green,Bronx,Manhattan,3,Friday,19,18.16
green,Bronx,Manhattan,3,Friday,20,16.7
green,Bronx,Manhattan,3,Friday,21,16.82
green,Bronx,Manhattan,3,Friday,22,17.66
green,Bronx,Manhattan,3,Friday,23,18.09
green,Bronx,Manhattan,3,Monday,0,15.38
green,Bronx,Manhattan,3,Monday,1,13.72
green,Bronx,Manhattan,3,Monday,2,13.93
green,Bronx,Manhattan,3,Monday,3,19.08
green,Bronx,Manhattan,3,Monday,4,18.69
green,Bronx,Manhattan,3,Monday,5,24.67
green,Bronx,Manhattan,3,Monday,6,23.6
green,Bronx,Manhattan,3,Monday,7,20.83
green,Bronx,Manhattan,3,Monday,8,20.14
green,Bronx,Manhattan,3,Monday,9,19.24
green,Bronx,Manhattan,3,Monday,10,20.79
green,Bronx,Manhattan,3,Monday,11,19.75
green,Bronx,Manhattan,3,Monday,12,18.95
green,Bronx,Manhattan,3,Monday,13,18.3
green,Bronx,Manhattan,3,Monday,14,18.15
green,Bronx,Manhattan,3,Monday,15,18.25
green,Bronx,Manhattan,3,Monday,16,18.02
green,Bronx,Manhattan,3,Monday,17,18.07
green,Bronx,Manhattan,3,Monday,18,17.74
green,Bronx,Manhattan,3,Monday,19,16.79
green,Bronx,Manhattan,3,Monday,20,15.06
green,Bronx,Manhattan,3,Monday,21,16.82
green,Bronx,Manhattan,3,Monday,22,16.24
green,Bronx,Manhattan,3,Monday,23,17.59
green,Bronx,Manhattan,3,Saturday,0,17.19
green,Bronx,Manhattan,3,Saturday,1,16.08
green,Bronx,Manhattan,3,Saturday,2,15.28
green,Bronx,Manhattan,3,Saturday,3,14.31
green,Bronx,Manhattan,3,Saturday,4,16.09
green,Bronx,Manhattan,3,Saturday,5,18.91
green,Bronx,Manhattan,3,Saturday,6,20.05
green,Bronx,Manhattan,3,Saturday,7,20.46
green,Bronx,Manhattan,3,Saturday,8,18.56
green,Bronx,Manhattan,3,Saturday,9,19.16
green,Bronx,Manhattan,3,Saturday,10,18.19
green,Bronx,Manhattan,3,Saturday,11,18.59
green,Bronx,Manhattan,3,Saturday,12,18.55
green,Bronx,Manhattan,3,Saturday,13,19.53
green,Bronx,Manhattan,3,Saturday,14,19.16
green,Bronx,Manhattan,3,Saturday,15,18.65
green,Bronx,Manhattan,3,Saturday,16,19.01
green,Bronx,Manhattan,3,Saturday,17,18.96
green,Bronx,Manhattan,3,Saturday,18,17.45
green,Bronx,Manhattan,3,Saturday,19,17.2
green,Bronx,Manhattan,3,Saturday,20,17.89
green,Bronx,Manhattan,3,Saturday,21,18.29
green,Bronx,Manhattan,3,Saturday,22,18.46
green,Bronx,Manhattan,3,Saturday,23,18.45
green,Bronx,Manhattan,3,Sunday,0,17.83
green,Bronx,Manhattan,3,Sunday,1,16.83
green,Bronx,Manhattan,3,Sunday,2,16.32
green,Bronx,Manhattan,3,Sunday,3,15.97
green,Bronx,Manhattan,3,Sunday,4,16.28
green,Bronx,Manhattan,3,Sunday,5,17.27
green,Bronx,Manhattan,3,Sunday,6,19.32
green,Bronx,Manhattan,3,Sunday,7,17.96
green,Bronx,Manhattan,3,Sunday,8,18.9
green,Bronx,Manhattan,3,Sunday,9,19.65
green,Bronx,Manhattan,3,Sunday,10,18.37
green,Bronx,Manhattan,3,Sunday,11,17.51
green,Bronx,Manhattan,3,Sunday,12,18.89
green,Bronx,Manhattan,3,Sunday,13,19.3
green,Bronx,Manhattan,3,Sunday,14,19.08
green,Bronx,Manhattan,3,Sunday,15,18.31
green,Bronx,Manhattan,3,Sunday,16,18.12
green,Bronx,Manhattan,3,Sunday,17,17.83
green,Bronx,Manhattan,3,Sunday,18,16.57
green,Bronx,Manhattan,3,Sunday,19,17.23
green,Bronx,Manhattan,3,Sunday,20,16.59
green,Bronx,Manhattan,3,Sunday,21,16.33
green,Bronx,Manhattan,3,Sunday,22,16.66
green,Bronx,Manhattan,3,Sunday,23,15.77
green,Bronx,Manhattan,3,Thursday,0,15.61
green,Bronx,Manhattan,3,Thursday,1,14.29
green,Bronx,Manhattan,3,Thursday,2,11.64
green,Bronx,Manhattan,3,Thursday,3,17.23
green,Bronx,Manhattan,3,Thursday,4,19.28
green,Bronx,Manhattan,3,Thursday,5,25.2
green,Bronx,Manhattan,3,Thursday,6,26.06
green,Bronx,Manhattan,3,Thursday,7,20.77
green,Bronx,Manhattan,3,Thursday,8,19.7
green,Bronx,Manhattan,3,Thursday,9,20.91
green,Bronx,Manhattan,3,Thursday,10,21.06
green,Bronx,Manhattan,3,Thursday,11,20.56
green,Bronx,Manhattan,3,Thursday,12,19.76
green,Bronx,Manhattan,3,Thursday,13,19.89
green,Bronx,Manhattan,3,Thursday,14,18.73
green,Bronx,Manhattan,3,Thursday,15,19.43
green,Bronx,Manhattan,3,Thursday,16,19.58
green,Bronx,Manhattan,3,Thursday,17,19.55
green,Bronx,Manhattan,3,Thursday,18,18.07
green,Bronx,Manhattan,3,Thursday,19,17.69
green,Bronx,Manhattan,3,Thursday,20,16.95
green,Bronx,Manhattan,3,Thursday,21,16.89
green,Bronx,Manhattan,3,Thursday,22,17.33
green,Bronx,Manhattan,3,Thursday,23,16.6
green,Bronx,Manhattan,3,Tuesday,0,15.67
green,Bronx,Manhattan,3,Tuesday,1,14.11
green,Bronx,Manhattan,3,Tuesday,2,13.71
green,Bronx,Manhattan,3,Tuesday,3,15.36
green,Bronx,Manhattan,3,Tuesday,4,21.07
green,Bronx,Manhattan,3,Tuesday,5,27.55
green,Bronx,Manhattan,3,Tuesday,6,26.37
green,Bronx,Manhattan,3,Tuesday,7,21.38
green,Bronx,Manhattan,3,Tuesday,8,20.59
green,Bronx,Manhattan,3,Tuesday,9,21.04
green,Bronx,Manhattan,3,Tuesday,10,21.58
green,Bronx,Manhattan,3,Tuesday,11,21.32
green,Bronx,Manhattan,3,Tuesday,12,20.83
green,Bronx,Manhattan,3,Tuesday,13,19.85
green,Bronx,Manhattan,3,Tuesday,14,18.86
green,Bronx,Manhattan,3,Tuesday,15,18.67
green,Bronx,Manhattan,3,Tuesday,16,20.26
green,Bronx,Manhattan,3,Tuesday,17,19.32
green,Bronx,Manhattan,3,Tuesday,18,17.5
green,Bronx,Manhattan,3,Tuesday,19,18.05
green,Bronx,Manhattan,3,Tuesday,20,16.62
green,Bronx,Manhattan,3,Tuesday,21,16.19
green,Bronx,Manhattan,3,Tuesday,22,16.13
green,Bronx,Manhattan,3,Tuesday,23,16.82
green,Bronx,Manhattan,3,Wednesday,0,15.24
green,Bronx,Manhattan,3,Wednesday,1,13.87
green,Bronx,Manhattan,3,Wednesday,2,13.84
green,Bronx,Manhattan,3,Wednesday,3,17.27
green,Bronx,Manhattan,3,Wednesday,4,21.14
green,Bronx,Manhattan,3,Wednesday,5,26.33
green,Bronx,Manhattan,3,Wednesday,6,26.11
green,Bronx,Manhattan,3,Wednesday,7,20.1
green,Bronx,Manhattan,3,Wednesday,8,18.41
green,Bronx,Manhattan,3,Wednesday,9,20.17
green,Bronx,Manhattan,3,Wednesday,10,22.03
green,Bronx,Manhattan,3,Wednesday,11,21.14
green,Bronx,Manhattan,3,Wednesday,12,19.82
green,Bronx,Manhattan,3,Wednesday,13,18.41
green,Bronx,Manhattan,3,Wednesday,14,19.29
green,Bronx,Manhattan,3,Wednesday,15,18.48
green,Bronx,Manhattan,3,Wednesday,16,19.8
green,Bronx,Manhattan,3,Wednesday,17,19.38
green,Bronx,Manhattan,3,Wednesday,18,17.77
green,Bronx,Manhattan,3,Wednesday,19,17.63
green,Bronx,Manhattan,3,Wednesday,20,16.32
green,Bronx,Manhattan,3,Wednesday,21,16.09
green,Bronx,Manhattan,3,Wednesday,22,16.6
green,Bronx,Manhattan,3,Wednesday,23,16.31
green,Bronx,Manhattan,4,Friday,0,15.54
green,Bronx,Manhattan,4,Friday,1,14.89
green,Bronx,Manhattan,4,Friday,2,14.76
green,Bronx,Manhattan,4,Friday,3,13.47
green,Bronx,Manhattan,4,Friday,4,17.89
green,Bronx,Manhattan,4,Friday,5,25.47
green,Bronx,Manhattan,4,Friday,6,24.07
green,Bronx,Manhattan,4,Friday,7,19.62
green,Bronx,Manhattan,4,Friday,8,19.53
green,Bronx,Manhattan,4,Friday,9,19.67
green,Bronx,Manhattan,4,Friday,10,19.17
green,Bronx,Manhattan,4,Friday,11,19.22
green,Bronx,Manhattan,4,Friday,12,18.74
green,Bronx,Manhattan,4,Friday,13,17.96
green,Bronx,Manhattan,4,Friday,14,18.54
green,Bronx,Manhattan,4,Friday,15,19.72
green,Bronx,Manhattan,4,Friday,16,20.18
green,Bronx,Manhattan,4,Friday,17,20.06
green,Bronx,Manhattan,4,Friday,18,18.8
green,Bronx,Manhattan,4,Friday,19,18.33
green,Bronx,Manhattan,4,Friday,20,17.54
green,Bronx,Manhattan,4,Friday,21,19.61
green,Bronx,Manhattan,4,Friday,22,20.4
green,Bronx,Manhattan,4,Friday,23,18.47
green,Bronx,Manhattan,4,Monday,0,16.52
green,Bronx,Manhattan,4,Monday,1,15.98
green,Bronx,Manhattan,4,Monday,2,13.92
green,Bronx,Manhattan,4,Monday,3,16.23
green,Bronx,Manhattan,4,Monday,4,19.6
green,Bronx,Manhattan,4,Monday,5,25.45
green,Bronx,Manhattan,4,Monday,6,24.89
green,Bronx,Manhattan,4,Monday,7,21.93
green,Bronx,Manhattan,4,Monday,8,19.8
green,Bronx,Manhattan,4,Monday,9,19.7
green,Bronx,Manhattan,4,Monday,10,20.76
green,Bronx,Manhattan,4,Monday,11,19.13
green,Bronx,Manhattan,4,Monday,12,19.78
green,Bronx,Manhattan,4,Monday,13,19.04
green,Bronx,Manhattan,4,Monday,14,18.86
green,Bronx,Manhattan,4,Monday,15,19.44
green,Bronx,Manhattan,4,Monday,16,22.5
green,Bronx,Manhattan,4,Monday,17,19.91
green,Bronx,Manhattan,4,Monday,18,17.31
green,Bronx,Manhattan,4,Monday,19,17.51
green,Bronx,Manhattan,4,Monday,20,16.99
green,Bronx,Manhattan,4,Monday,21,17.9
green,Bronx,Manhattan,4,Monday,22,19.23
green,Bronx,Manhattan,4,Monday,23,18.56
green,Bronx,Manhattan,4,Saturday,0,17.12
green,Bronx,Manhattan,4,Saturday,1,16.42
green,Bronx,Manhattan,4,Saturday,2,16.58
green,Bronx,Manhattan,4,Saturday,3,16.34
green,Bronx,Manhattan,4,Saturday,4,17.37
green,Bronx,Manhattan,4,Saturday,5,18.62
green,Bronx,Manhattan,4,Saturday,6,21.31
green,Bronx,Manhattan,4,Saturday,7,18.48
green,Bronx,Manhattan,4,Saturday,8,18.93
green,Bronx,Manhattan,4,Saturday,9,18.5
green,Bronx,Manhattan,4,Saturday,10,17.57
green,Bronx,Manhattan,4,Saturday,11,17.87
green,Bronx,Manhattan,4,Saturday,12,19.2
green,Bronx,Manhattan,4,Saturday,13,18.89
green,Bronx,Manhattan,4,Saturday,14,20.15
green,Bronx,Manhattan,4,Saturday,15,21.56
green,Bronx,Manhattan,4,Saturday,16,21.94
green,Bronx,Manhattan,4,Saturday,17,20.4
green,Bronx,Manhattan,4,Saturday,18,19.14
green,Bronx,Manhattan,4,Saturday,19,17.76
green,Bronx,Manhattan,4,Saturday,20,18.5
green,Bronx,Manhattan,4,Saturday,21,19.15
green,Bronx,Manhattan,4,Saturday,22,18.53
green,Bronx,Manhattan,4,Saturday,23,18.22
green,Bronx,Manhattan,4,Sunday,0,17.64
green,Bronx,Manhattan,4,Sunday,1,16.41
green,Bronx,Manhattan,4,Sunday,2,15.17
green,Bronx,Manhattan,4,Sunday,3,15.47
green,Bronx,Manhattan,4,Sunday,4,16.64
green,Bronx,Manhattan,4,Sunday,5,17.67
green,Bronx,Manhattan,4,Sunday,6,20.28
green,Bronx,Manhattan,4,Sunday,7,18.84
green,Bronx,Manhattan,4,Sunday,8,20.26
green,Bronx,Manhattan,4,Sunday,9,19.28
green,Bronx,Manhattan,4,Sunday,10,17.93
green,Bronx,Manhattan,4,Sunday,11,17.25
green,Bronx,Manhattan,4,Sunday,12,18.26
green,Bronx,Manhattan,4,Sunday,13,20.45
green,Bronx,Manhattan,4,Sunday,14,19.68
green,Bronx,Manhattan,4,Sunday,15,20.07
green,Bronx,Manhattan,4,Sunday,16,21.46
green,Bronx,Manhattan,4,Sunday,17,19.75
green,Bronx,Manhattan,4,Sunday,18,18.29
green,Bronx,Manhattan,4,Sunday,19,16.18
green,Bronx,Manhattan,4,Sunday,20,16.9
green,Bronx,Manhattan,4,Sunday,21,18.29
green,Bronx,Manhattan,4,Sunday,22,19.02
green,Bronx,Manhattan,4,Sunday,23,18.62
green,Bronx,Manhattan,4,Thursday,0,17.11
green,Bronx,Manhattan,4,Thursday,1,15.11
green,Bronx,Manhattan,4,Thursday,2,14.27
green,Bronx,Manhattan,4,Thursday,3,17.98
green,Bronx,Manhattan,4,Thursday,4,20.2
green,Bronx,Manhattan,4,Thursday,5,25.66
green,Bronx,Manhattan,4,Thursday,6,24.89
green,Bronx,Manhattan,4,Thursday,7,20.87
green,Bronx,Manhattan,4,Thursday,8,20.55
green,Bronx,Manhattan,4,Thursday,9,20.97
green,Bronx,Manhattan,4,Thursday,10,21.06
green,Bronx,Manhattan,4,Thursday,11,19.54
green,Bronx,Manhattan,4,Thursday,12,19.11
green,Bronx,Manhattan,4,Thursday,13,19.64
green,Bronx,Manhattan,4,Thursday,14,19.78
green,Bronx,Manhattan,4,Thursday,15,19.9
green,Bronx,Manhattan,4,Thursday,16,20.97
green,Bronx,Manhattan,4,Thursday,17,20.11
green,Bronx,Manhattan,4,Thursday,18,18.47
green,Bronx,Manhattan,4,Thursday,19,19.12
green,Bronx,Manhattan,4,Thursday,20,16.43
green,Bronx,Manhattan,4,Thursday,21,20.02
green,Bronx,Manhattan,4,Thursday,22,19.43
green,Bronx,Manhattan,4,Thursday,23,18.88
green,Bronx,Manhattan,4,Tuesday,0,15.51
green,Bronx,Manhattan,4,Tuesday,1,15.37
green,Bronx,Manhattan,4,Tuesday,2,14.18
green,Bronx,Manhattan,4,Tuesday,3,16.88
green,Bronx,Manhattan,4,Tuesday,4,19.25
green,Bronx,Manhattan,4,Tuesday,5,25.4
green,Bronx,Manhattan,4,Tuesday,6,26.41
green,Bronx,Manhattan,4,Tuesday,7,20.28
green,Bronx,Manhattan,4,Tuesday,8,19.4
green,Bronx,Manhattan,4,Tuesday,9,20.3
green,Bronx,Manhattan,4,Tuesday,10,20.17
green,Bronx,Manhattan,4,Tuesday,11,20.25
green,Bronx,Manhattan,4,Tuesday,12,19.92
green,Bronx,Manhattan,4,Tuesday,13,19.79
green,Bronx,Manhattan,4,Tuesday,14,18.85
green,Bronx,Manhattan,4,Tuesday,15,19.41
green,Bronx,Manhattan,4,Tuesday,16,21.09
green,Bronx,Manhattan,4,Tuesday,17,20.61
green,Bronx,Manhattan,4,Tuesday,18,17.97
green,Bronx,Manhattan,4,Tuesday,19,17.16
green,Bronx,Manhattan,4,Tuesday,20,17.47
green,Bronx,Manhattan,4,Tuesday,21,19.65
green,Bronx,Manhattan,4,Tuesday,22,19.59
green,Bronx,Manhattan,4,Tuesday,23,17.35
green,Bronx,Manhattan,4,Wednesday,0,16.26
green,Bronx,Manhattan,4,Wednesday,1,13.02
green,Bronx,Manhattan,4,Wednesday,2,14.05
green,Bronx,Manhattan,4,Wednesday,3,16.04
green,Bronx,Manhattan,4,Wednesday,4,18.99
green,Bronx,Manhattan,4,Wednesday,5,25.02
green,Bronx,Manhattan,4,Wednesday,6,25.26
green,Bronx,Manhattan,4,Wednesday,7,19.97
green,Bronx,Manhattan,4,Wednesday,8,20.03
green,Bronx,Manhattan,4,Wednesday,9,19.56
green,Bronx,Manhattan,4,Wednesday,10,19.89
green,Bronx,Manhattan,4,Wednesday,11,21.05
green,Bronx,Manhattan,4,Wednesday,12,19.53
green,Bronx,Manhattan,4,Wednesday,13,20.05
green,Bronx,Manhattan,4,Wednesday,14,19.34
green,Bronx,Manhattan,4,Wednesday,15,20.22
green,Bronx,Manhattan,4,Wednesday,16,20.22
green,Bronx,Manhattan,4,Wednesday,17,19.67
green,Bronx,Manhattan,4,Wednesday,18,18.42
green,Bronx,Manhattan,4,Wednesday,19,17.65
green,Bronx,Manhattan,4,Wednesday,20,16.81
green,Bronx,Manhattan,4,Wednesday,21,20.38
green,Bronx,Manhattan,4,Wednesday,22,19.77
green,Bronx,Manhattan,4,Wednesday,23,17.14
green,Bronx,Manhattan,5,Friday,0,16.97
green,Bronx,Manhattan,5,Friday,1,14.27
green,Bronx,Manhattan,5,Friday,2,13.59
green,Bronx,Manhattan,5,Friday,3,14.58
green,Bronx,Manhattan,5,Friday,4,18.44
green,Bronx,Manhattan,5,Friday,5,24.15
green,Bronx,Manhattan,5,Friday,6,25.96
green,Bronx,Manhattan,5,Friday,7,20.73
green,Bronx,Manhattan,5,Friday,8,19.78
green,Bronx,Manhattan,5,Friday,9,20.26
green,Bronx,Manhattan,5,Friday,10,20.74
green,Bronx,Manhattan,5,Friday,11,19.98
green,Bronx,Manhattan,5,Friday,12,19.75
green,Bronx,Manhattan,5,Friday,13,18.92
green,Bronx,Manhattan,5,Friday,14,18.99
green,Bronx,Manhattan,5,Friday,15,21.16
green,Bronx,Manhattan,5,Friday,16,21.46
green,Bronx,Manhattan,5,Friday,17,20.77
green,Bronx,Manhattan,5,Friday,18,19.23
green,Bronx,Manhattan,5,Friday,19,18.23
green,Bronx,Manhattan,5,Friday,20,17.84
green,Bronx,Manhattan,5,Friday,21,20.61
green,Bronx,Manhattan,5,Friday,22,21.74
green,Bronx,Manhattan,5,Friday,23,19.34
green,Bronx,Manhattan,5,Monday,0,15.83
green,Bronx,Manhattan,5,Monday,1,14.17
green,Bronx,Manhattan,5,Monday,2,17.34
green,Bronx,Manhattan,5,Monday,3,17.22
green,Bronx,Manhattan,5,Monday,4,18.55
green,Bronx,Manhattan,5,Monday,5,23.46
green,Bronx,Manhattan,5,Monday,6,24.72
green,Bronx,Manhattan,5,Monday,7,20.52
green,Bronx,Manhattan,5,Monday,8,19.35
green,Bronx,Manhattan,5,Monday,9,18.56
green,Bronx,Manhattan,5,Monday,10,19.76
green,Bronx,Manhattan,5,Monday,11,20.18
green,Bronx,Manhattan,5,Monday,12,19.17
green,Bronx,Manhattan,5,Monday,13,19.58
green,Bronx,Manhattan,5,Monday,14,19.18
green,Bronx,Manhattan,5,Monday,15,19.87
green,Bronx,Manhattan,5,Monday,16,22.01
green,Bronx,Manhattan,5,Monday,17,21.23
green,Bronx,Manhattan,5,Monday,18,17.57
green,Bronx,Manhattan,5,Monday,19,16.55
green,Bronx,Manhattan,5,Monday,20,17.89
green,Bronx,Manhattan,5,Monday,21,19
green,Bronx,Manhattan,5,Monday,22,19.29
green,Bronx,Manhattan,5,Monday,23,17.47
green,Bronx,Manhattan,5,Saturday,0,17.65
green,Bronx,Manhattan,5,Saturday,1,15.74
green,Bronx,Manhattan,5,Saturday,2,16.58
green,Bronx,Manhattan,5,Saturday,3,16.08
green,Bronx,Manhattan,5,Saturday,4,16.77
green,Bronx,Manhattan,5,Saturday,5,18.51
green,Bronx,Manhattan,5,Saturday,6,20.33
green,Bronx,Manhattan,5,Saturday,7,19.97
green,Bronx,Manhattan,5,Saturday,8,18.29
green,Bronx,Manhattan,5,Saturday,9,18.72
green,Bronx,Manhattan,5,Saturday,10,18.14
green,Bronx,Manhattan,5,Saturday,11,19.16
green,Bronx,Manhattan,5,Saturday,12,19.86
green,Bronx,Manhattan,5,Saturday,13,20.41
green,Bronx,Manhattan,5,Saturday,14,20.75
green,Bronx,Manhattan,5,Saturday,15,21.25
green,Bronx,Manhattan,5,Saturday,16,22.78
green,Bronx,Manhattan,5,Saturday,17,21.55
green,Bronx,Manhattan,5,Saturday,18,18.95
green,Bronx,Manhattan,5,Saturday,19,18.36
green,Bronx,Manhattan,5,Saturday,20,18.18
green,Bronx,Manhattan,5,Saturday,21,19.09
green,Bronx,Manhattan,5,Saturday,22,18.22
green,Bronx,Manhattan,5,Saturday,23,18.32
green,Bronx,Manhattan,5,Sunday,0,17.06
green,Bronx,Manhattan,5,Sunday,1,16.37
green,Bronx,Manhattan,5,Sunday,2,16.69
green,Bronx,Manhattan,5,Sunday,3,16.45
green,Bronx,Manhattan,5,Sunday,4,14.78
green,Bronx,Manhattan,5,Sunday,5,16.63
green,Bronx,Manhattan,5,Sunday,6,19.48
green,Bronx,Manhattan,5,Sunday,7,19.35
green,Bronx,Manhattan,5,Sunday,8,21.67
green,Bronx,Manhattan,5,Sunday,9,19.66
green,Bronx,Manhattan,5,Sunday,10,18
green,Bronx,Manhattan,5,Sunday,11,17.38
green,Bronx,Manhattan,5,Sunday,12,18.69
green,Bronx,Manhattan,5,Sunday,13,19.21
green,Bronx,Manhattan,5,Sunday,14,18.94
green,Bronx,Manhattan,5,Sunday,15,19.73
green,Bronx,Manhattan,5,Sunday,16,21.33
green,Bronx,Manhattan,5,Sunday,17,20.75
green,Bronx,Manhattan,5,Sunday,18,19.07
green,Bronx,Manhattan,5,Sunday,19,17.36
green,Bronx,Manhattan,5,Sunday,20,16.56
green,Bronx,Manhattan,5,Sunday,21,17.53
green,Bronx,Manhattan,5,Sunday,22,18.49
green,Bronx,Manhattan,5,Sunday,23,17.31
green,Bronx,Manhattan,5,Thursday,0,17.86
green,Bronx,Manhattan,5,Thursday,1,13.74
green,Bronx,Manhattan,5,Thursday,2,15.04
green,Bronx,Manhattan,5,Thursday,3,16.27
green,Bronx,Manhattan,5,Thursday,4,19.56
green,Bronx,Manhattan,5,Thursday,5,25.88
green,Bronx,Manhattan,5,Thursday,6,27.8
green,Bronx,Manhattan,5,Thursday,7,22.77
green,Bronx,Manhattan,5,Thursday,8,21.85
green,Bronx,Manhattan,5,Thursday,9,21.73
green,Bronx,Manhattan,5,Thursday,10,21.93
green,Bronx,Manhattan,5,Thursday,11,20.82
green,Bronx,Manhattan,5,Thursday,12,21.69
green,Bronx,Manhattan,5,Thursday,13,20.12
green,Bronx,Manhattan,5,Thursday,14,21.9
green,Bronx,Manhattan,5,Thursday,15,22.34
green,Bronx,Manhattan,5,Thursday,16,22.09
green,Bronx,Manhattan,5,Thursday,17,20.98
green,Bronx,Manhattan,5,Thursday,18,20
green,Bronx,Manhattan,5,Thursday,19,19.61
green,Bronx,Manhattan,5,Thursday,20,17.57
green,Bronx,Manhattan,5,Thursday,21,18.67
green,Bronx,Manhattan,5,Thursday,22,20.94
green,Bronx,Manhattan,5,Thursday,23,19.88
green,Bronx,Manhattan,5,Tuesday,0,14.7
green,Bronx,Manhattan,5,Tuesday,1,14.79
green,Bronx,Manhattan,5,Tuesday,2,13.84
green,Bronx,Manhattan,5,Tuesday,3,15.81
green,Bronx,Manhattan,5,Tuesday,4,20.26
green,Bronx,Manhattan,5,Tuesday,5,26.18
green,Bronx,Manhattan,5,Tuesday,6,28.85
green,Bronx,Manhattan,5,Tuesday,7,22.94
green,Bronx,Manhattan,5,Tuesday,8,21.51
green,Bronx,Manhattan,5,Tuesday,9,21.26
green,Bronx,Manhattan,5,Tuesday,10,21.53
green,Bronx,Manhattan,5,Tuesday,11,20.62
green,Bronx,Manhattan,5,Tuesday,12,20.39
green,Bronx,Manhattan,5,Tuesday,13,20.28
green,Bronx,Manhattan,5,Tuesday,14,20.04
green,Bronx,Manhattan,5,Tuesday,15,21.57
green,Bronx,Manhattan,5,Tuesday,16,22.98
green,Bronx,Manhattan,5,Tuesday,17,21.72
green,Bronx,Manhattan,5,Tuesday,18,19.27
green,Bronx,Manhattan,5,Tuesday,19,19.49
green,Bronx,Manhattan,5,Tuesday,20,17.33
green,Bronx,Manhattan,5,Tuesday,21,21.62
green,Bronx,Manhattan,5,Tuesday,22,23.17
green,Bronx,Manhattan,5,Tuesday,23,20.64
green,Bronx,Manhattan,5,Wednesday,0,17.24
green,Bronx,Manhattan,5,Wednesday,1,16.16
green,Bronx,Manhattan,5,Wednesday,2,14.78
green,Bronx,Manhattan,5,Wednesday,3,16.6
green,Bronx,Manhattan,5,Wednesday,4,19.03
green,Bronx,Manhattan,5,Wednesday,5,26.7
green,Bronx,Manhattan,5,Wednesday,6,29.95
green,Bronx,Manhattan,5,Wednesday,7,23.45
green,Bronx,Manhattan,5,Wednesday,8,21.4
green,Bronx,Manhattan,5,Wednesday,9,20.33
green,Bronx,Manhattan,5,Wednesday,10,21.8
green,Bronx,Manhattan,5,Wednesday,11,20.93
green,Bronx,Manhattan,5,Wednesday,12,22.32
green,Bronx,Manhattan,5,Wednesday,13,23.68
green,Bronx,Manhattan,5,Wednesday,14,23.51
green,Bronx,Manhattan,5,Wednesday,15,21.33
green,Bronx,Manhattan,5,Wednesday,16,22.73
green,Bronx,Manhattan,5,Wednesday,17,21.92
green,Bronx,Manhattan,5,Wednesday,18,18.91
green,Bronx,Manhattan,5,Wednesday,19,17.43
green,Bronx,Manhattan,5,Wednesday,20,17.72
green,Bronx,Manhattan,5,Wednesday,21,20.46
green,Bronx,Manhattan,5,Wednesday,22,21.82
green,Bronx,Manhattan,5,Wednesday,23,19.47
green,Bronx,Manhattan,6,Friday,0,17.89
green,Bronx,Manhattan,6,Friday,1,16.95
green,Bronx,Manhattan,6,Friday,2,14.27
green,Bronx,Manhattan,6,Friday,3,14.54
green,Bronx,Manhattan,6,Friday,4,18.23
green,Bronx,Manhattan,6,Friday,5,24.53
green,Bronx,Manhattan,6,Friday,6,26.33
green,Bronx,Manhattan,6,Friday,7,21.26
green,Bronx,Manhattan,6,Friday,8,19.44
green,Bronx,Manhattan,6,Friday,9,20.88
green,Bronx,Manhattan,6,Friday,10,20.02
green,Bronx,Manhattan,6,Friday,11,20.63
green,Bronx,Manhattan,6,Friday,12,20.8
green,Bronx,Manhattan,6,Friday,13,20.04
green,Bronx,Manhattan,6,Friday,14,21.27
green,Bronx,Manhattan,6,Friday,15,21.02
green,Bronx,Manhattan,6,Friday,16,21.23
green,Bronx,Manhattan,6,Friday,17,20.97
green,Bronx,Manhattan,6,Friday,18,19.69
green,Bronx,Manhattan,6,Friday,19,19.04
green,Bronx,Manhattan,6,Friday,20,18.86
green,Bronx,Manhattan,6,Friday,21,21.79
green,Bronx,Manhattan,6,Friday,22,23.23
green,Bronx,Manhattan,6,Friday,23,20.24
green,Bronx,Manhattan,6,Monday,0,17.43
green,Bronx,Manhattan,6,Monday,1,15.08
green,Bronx,Manhattan,6,Monday,2,14.81
green,Bronx,Manhattan,6,Monday,3,15.21
green,Bronx,Manhattan,6,Monday,4,18.49
green,Bronx,Manhattan,6,Monday,5,24.71
green,Bronx,Manhattan,6,Monday,6,26.73
green,Bronx,Manhattan,6,Monday,7,22.82
green,Bronx,Manhattan,6,Monday,8,20.32
green,Bronx,Manhattan,6,Monday,9,20.94
green,Bronx,Manhattan,6,Monday,10,20.56
green,Bronx,Manhattan,6,Monday,11,21.23
green,Bronx,Manhattan,6,Monday,12,18.44
green,Bronx,Manhattan,6,Monday,13,19.22
green,Bronx,Manhattan,6,Monday,14,19.2
green,Bronx,Manhattan,6,Monday,15,20.35
green,Bronx,Manhattan,6,Monday,16,21.23
green,Bronx,Manhattan,6,Monday,17,20.63
green,Bronx,Manhattan,6,Monday,18,18.28
green,Bronx,Manhattan,6,Monday,19,19.13
green,Bronx,Manhattan,6,Monday,20,17.66
green,Bronx,Manhattan,6,Monday,21,19.85
green,Bronx,Manhattan,6,Monday,22,19.96
green,Bronx,Manhattan,6,Monday,23,17.92
green,Bronx,Manhattan,6,Saturday,0,19.23
green,Bronx,Manhattan,6,Saturday,1,16.09
green,Bronx,Manhattan,6,Saturday,2,15.91
green,Bronx,Manhattan,6,Saturday,3,14.65
green,Bronx,Manhattan,6,Saturday,4,16.55
green,Bronx,Manhattan,6,Saturday,5,17.36
green,Bronx,Manhattan,6,Saturday,6,21.3
green,Bronx,Manhattan,6,Saturday,7,20.19
green,Bronx,Manhattan,6,Saturday,8,19.14
green,Bronx,Manhattan,6,Saturday,9,19.24
green,Bronx,Manhattan,6,Saturday,10,18.85
green,Bronx,Manhattan,6,Saturday,11,19.46
green,Bronx,Manhattan,6,Saturday,12,19.08
green,Bronx,Manhattan,6,Saturday,13,21.17
green,Bronx,Manhattan,6,Saturday,14,21.76
green,Bronx,Manhattan,6,Saturday,15,20.66
green,Bronx,Manhattan,6,Saturday,16,22.71
green,Bronx,Manhattan,6,Saturday,17,20.81
green,Bronx,Manhattan,6,Saturday,18,19.35
green,Bronx,Manhattan,6,Saturday,19,17.96
green,Bronx,Manhattan,6,Saturday,20,18.33
green,Bronx,Manhattan,6,Saturday,21,21.2
green,Bronx,Manhattan,6,Saturday,22,22.86
green,Bronx,Manhattan,6,Saturday,23,21.05
green,Bronx,Manhattan,6,Sunday,0,19.08
green,Bronx,Manhattan,6,Sunday,1,17.42
green,Bronx,Manhattan,6,Sunday,2,17.08
green,Bronx,Manhattan,6,Sunday,3,16.03
green,Bronx,Manhattan,6,Sunday,4,16.02
green,Bronx,Manhattan,6,Sunday,5,17.44
green,Bronx,Manhattan,6,Sunday,6,20.93
green,Bronx,Manhattan,6,Sunday,7,19.32
green,Bronx,Manhattan,6,Sunday,8,19.63
green,Bronx,Manhattan,6,Sunday,9,18.38
green,Bronx,Manhattan,6,Sunday,10,18.54
green,Bronx,Manhattan,6,Sunday,11,17.93
green,Bronx,Manhattan,6,Sunday,12,19.49
green,Bronx,Manhattan,6,Sunday,13,19.81
green,Bronx,Manhattan,6,Sunday,14,19.68
green,Bronx,Manhattan,6,Sunday,15,21.25
green,Bronx,Manhattan,6,Sunday,16,20.75
green,Bronx,Manhattan,6,Sunday,17,20.6
green,Bronx,Manhattan,6,Sunday,18,18.96
green,Bronx,Manhattan,6,Sunday,19,17.97
green,Bronx,Manhattan,6,Sunday,20,17.38
green,Bronx,Manhattan,6,Sunday,21,16.89
green,Bronx,Manhattan,6,Sunday,22,18.89
green,Bronx,Manhattan,6,Sunday,23,17.95
green,Bronx,Manhattan,6,Thursday,0,17.96
green,Bronx,Manhattan,6,Thursday,1,15.49
green,Bronx,Manhattan,6,Thursday,2,13.69
green,Bronx,Manhattan,6,Thursday,3,18.36
green,Bronx,Manhattan,6,Thursday,4,16.77
green,Bronx,Manhattan,6,Thursday,5,26.64
green,Bronx,Manhattan,6,Thursday,6,26.05
green,Bronx,Manhattan,6,Thursday,7,22.97
green,Bronx,Manhattan,6,Thursday,8,21.21
green,Bronx,Manhattan,6,Thursday,9,19.58
green,Bronx,Manhattan,6,Thursday,10,20.33
green,Bronx,Manhattan,6,Thursday,11,20.72
green,Bronx,Manhattan,6,Thursday,12,20.7
green,Bronx,Manhattan,6,Thursday,13,19.69
green,Bronx,Manhattan,6,Thursday,14,20.11
green,Bronx,Manhattan,6,Thursday,15,21.34
green,Bronx,Manhattan,6,Thursday,16,24.26
green,Bronx,Manhattan,6,Thursday,17,21.08
green,Bronx,Manhattan,6,Thursday,18,19.88
green,Bronx,Manhattan,6,Thursday,19,19.24
green,Bronx,Manhattan,6,Thursday,20,18.05
green,Bronx,Manhattan,6,Thursday,21,20.36
green,Bronx,Manhattan,6,Thursday,22,22.55
green,Bronx,Manhattan,6,Thursday,23,20.1
green,Bronx,Manhattan,6,Tuesday,0,14.65
green,Bronx,Manhattan,6,Tuesday,1,14.89
green,Bronx,Manhattan,6,Tuesday,2,15.2
green,Bronx,Manhattan,6,Tuesday,3,17.93
green,Bronx,Manhattan,6,Tuesday,4,17.94
green,Bronx,Manhattan,6,Tuesday,5,25
green,Bronx,Manhattan,6,Tuesday,6,26.12
green,Bronx,Manhattan,6,Tuesday,7,24.01
green,Bronx,Manhattan,6,Tuesday,8,21.53
green,Bronx,Manhattan,6,Tuesday,9,21.32
green,Bronx,Manhattan,6,Tuesday,10,21.85
green,Bronx,Manhattan,6,Tuesday,11,20.93
green,Bronx,Manhattan,6,Tuesday,12,19.97
green,Bronx,Manhattan,6,Tuesday,13,20.65
green,Bronx,Manhattan,6,Tuesday,14,20.17
green,Bronx,Manhattan,6,Tuesday,15,20.72
green,Bronx,Manhattan,6,Tuesday,16,22.42
green,Bronx,Manhattan,6,Tuesday,17,20.85
green,Bronx,Manhattan,6,Tuesday,18,18
green,Bronx,Manhattan,6,Tuesday,19,17.59
green,Bronx,Manhattan,6,Tuesday,20,18.7
green,Bronx,Manhattan,6,Tuesday,21,23.18
green,Bronx,Manhattan,6,Tuesday,22,23.89
green,Bronx,Manhattan,6,Tuesday,23,20.53
green,Bronx,Manhattan,6,Wednesday,0,18.57
green,Bronx,Manhattan,6,Wednesday,1,15.87
green,Bronx,Manhattan,6,Wednesday,2,13.06
green,Bronx,Manhattan,6,Wednesday,3,16.59
green,Bronx,Manhattan,6,Wednesday,4,18.04
green,Bronx,Manhattan,6,Wednesday,5,25.52
green,Bronx,Manhattan,6,Wednesday,6,28.5
green,Bronx,Manhattan,6,Wednesday,7,22.12
green,Bronx,Manhattan,6,Wednesday,8,21.75
green,Bronx,Manhattan,6,Wednesday,9,21.62
green,Bronx,Manhattan,6,Wednesday,10,20.66
green,Bronx,Manhattan,6,Wednesday,11,21.05
green,Bronx,Manhattan,6,Wednesday,12,20.94
green,Bronx,Manhattan,6,Wednesday,13,21.01
green,Bronx,Manhattan,6,Wednesday,14,19.79
green,Bronx,Manhattan,6,Wednesday,15,21.36
green,Bronx,Manhattan,6,Wednesday,16,24.12
green,Bronx,Manhattan,6,Wednesday,17,21.83
green,Bronx,Manhattan,6,Wednesday,18,19.43
green,Bronx,Manhattan,6,Wednesday,19,18.77
green,Bronx,Manhattan,6,Wednesday,20,18.63
green,Bronx,Manhattan,6,Wednesday,21,22.35
green,Bronx,Manhattan,6,Wednesday,22,23.14
green,Bronx,Manhattan,6,Wednesday,23,20.97
green,Bronx,Manhattan,7,Friday,0,18.37
green,Bronx,Manhattan,7,Friday,1,16.26
green,Bronx,Manhattan,7,Friday,2,14.36
green,Bronx,Manhattan,7,Friday,3,17.31
green,Bronx,Manhattan,7,Friday,4,20.27
green,Bronx,Manhattan,7,Friday,5,23.63
green,Bronx,Manhattan,7,Friday,6,26.22
green,Bronx,Manhattan,7,Friday,7,21.01
green,Bronx,Manhattan,7,Friday,8,19.64
green,Bronx,Manhattan,7,Friday,9,19.8
green,Bronx,Manhattan,7,Friday,10,19.85
green,Bronx,Manhattan,7,Friday,11,19.53
green,Bronx,Manhattan,7,Friday,12,19.64
green,Bronx,Manhattan,7,Friday,13,19.28
green,Bronx,Manhattan,7,Friday,14,20.06
green,Bronx,Manhattan,7,Friday,15,21.18
green,Bronx,Manhattan,7,Friday,16,20.94
green,Bronx,Manhattan,7,Friday,17,20.4
green,Bronx,Manhattan,7,Friday,18,19.57
green,Bronx,Manhattan,7,Friday,19,19.68
green,Bronx,Manhattan,7,Friday,20,19.95
green,Bronx,Manhattan,7,Friday,21,22.1
green,Bronx,Manhattan,7,Friday,22,23.71
green,Bronx,Manhattan,7,Friday,23,20.92
green,Bronx,Manhattan,7,Monday,0,17.49
green,Bronx,Manhattan,7,Monday,1,16.96
green,Bronx,Manhattan,7,Monday,2,16.63
green,Bronx,Manhattan,7,Monday,3,15.41
green,Bronx,Manhattan,7,Monday,4,18.97
green,Bronx,Manhattan,7,Monday,5,26.24
green,Bronx,Manhattan,7,Monday,6,27.77
green,Bronx,Manhattan,7,Monday,7,22.51
green,Bronx,Manhattan,7,Monday,8,20.25
green,Bronx,Manhattan,7,Monday,9,20.84
green,Bronx,Manhattan,7,Monday,10,21.81
green,Bronx,Manhattan,7,Monday,11,20.7
green,Bronx,Manhattan,7,Monday,12,19.84
green,Bronx,Manhattan,7,Monday,13,19.79
green,Bronx,Manhattan,7,Monday,14,20.16
green,Bronx,Manhattan,7,Monday,15,20.4
green,Bronx,Manhattan,7,Monday,16,20.81
green,Bronx,Manhattan,7,Monday,17,20.62
green,Bronx,Manhattan,7,Monday,18,17.37
green,Bronx,Manhattan,7,Monday,19,17.21
green,Bronx,Manhattan,7,Monday,20,17.81
green,Bronx,Manhattan,7,Monday,21,20.88
green,Bronx,Manhattan,7,Monday,22,21.94
green,Bronx,Manhattan,7,Monday,23,18.84
green,Bronx,Manhattan,7,Saturday,0,19.63
green,Bronx,Manhattan,7,Saturday,1,16.32
green,Bronx,Manhattan,7,Saturday,2,15.27
green,Bronx,Manhattan,7,Saturday,3,15.24
green,Bronx,Manhattan,7,Saturday,4,16.33
green,Bronx,Manhattan,7,Saturday,5,18.1
green,Bronx,Manhattan,7,Saturday,6,21.46
green,Bronx,Manhattan,7,Saturday,7,19.8
green,Bronx,Manhattan,7,Saturday,8,18.66
green,Bronx,Manhattan,7,Saturday,9,18.15
green,Bronx,Manhattan,7,Saturday,10,18.83
green,Bronx,Manhattan,7,Saturday,11,18.49
green,Bronx,Manhattan,7,Saturday,12,18.87
green,Bronx,Manhattan,7,Saturday,13,19.82
green,Bronx,Manhattan,7,Saturday,14,19.65
green,Bronx,Manhattan,7,Saturday,15,21.72
green,Bronx,Manhattan,7,Saturday,16,22.77
green,Bronx,Manhattan,7,Saturday,17,21.99
green,Bronx,Manhattan,7,Saturday,18,19.7
green,Bronx,Manhattan,7,Saturday,19,19.16
green,Bronx,Manhattan,7,Saturday,20,18.95
green,Bronx,Manhattan,7,Saturday,21,17.82
green,Bronx,Manhattan,7,Saturday,22,18.67
green,Bronx,Manhattan,7,Saturday,23,18.99
green,Bronx,Manhattan,7,Sunday,0,18.98
green,Bronx,Manhattan,7,Sunday,1,18.42
green,Bronx,Manhattan,7,Sunday,2,16.57
green,Bronx,Manhattan,7,Sunday,3,16.12
green,Bronx,Manhattan,7,Sunday,4,16.96
green,Bronx,Manhattan,7,Sunday,5,17.26
green,Bronx,Manhattan,7,Sunday,6,19.23
green,Bronx,Manhattan,7,Sunday,7,19.65
green,Bronx,Manhattan,7,Sunday,8,20.61
green,Bronx,Manhattan,7,Sunday,9,18.82
green,Bronx,Manhattan,7,Sunday,10,18.49
green,Bronx,Manhattan,7,Sunday,11,17.12
green,Bronx,Manhattan,7,Sunday,12,17.68
green,Bronx,Manhattan,7,Sunday,13,19.3
green,Bronx,Manhattan,7,Sunday,14,20.62
green,Bronx,Manhattan,7,Sunday,15,20.91
green,Bronx,Manhattan,7,Sunday,16,22.77
green,Bronx,Manhattan,7,Sunday,17,22.98
green,Bronx,Manhattan,7,Sunday,18,18.87
green,Bronx,Manhattan,7,Sunday,19,18.8
green,Bronx,Manhattan,7,Sunday,20,16.39
green,Bronx,Manhattan,7,Sunday,21,18.03
green,Bronx,Manhattan,7,Sunday,22,19.28
green,Bronx,Manhattan,7,Sunday,23,17.45
green,Bronx,Manhattan,7,Thursday,0,17.41
green,Bronx,Manhattan,7,Thursday,1,15.23
green,Bronx,Manhattan,7,Thursday,2,16.06
green,Bronx,Manhattan,7,Thursday,3,14.96
green,Bronx,Manhattan,7,Thursday,4,19.55
green,Bronx,Manhattan,7,Thursday,5,22.4
green,Bronx,Manhattan,7,Thursday,6,26.67
green,Bronx,Manhattan,7,Thursday,7,23.28
green,Bronx,Manhattan,7,Thursday,8,19.75
green,Bronx,Manhattan,7,Thursday,9,20.83
green,Bronx,Manhattan,7,Thursday,10,20.67
green,Bronx,Manhattan,7,Thursday,11,20.6
green,Bronx,Manhattan,7,Thursday,12,19.6
green,Bronx,Manhattan,7,Thursday,13,20.33
green,Bronx,Manhattan,7,Thursday,14,21.87
green,Bronx,Manhattan,7,Thursday,15,21.26
green,Bronx,Manhattan,7,Thursday,16,23.34
green,Bronx,Manhattan,7,Thursday,17,21.56
green,Bronx,Manhattan,7,Thursday,18,20.47
green,Bronx,Manhattan,7,Thursday,19,18.89
green,Bronx,Manhattan,7,Thursday,20,17.5
green,Bronx,Manhattan,7,Thursday,21,19.98
green,Bronx,Manhattan,7,Thursday,22,19.66
green,Bronx,Manhattan,7,Thursday,23,19.06
green,Bronx,Manhattan,7,Tuesday,0,17.6
green,Bronx,Manhattan,7,Tuesday,1,15.73
green,Bronx,Manhattan,7,Tuesday,2,15.57
green,Bronx,Manhattan,7,Tuesday,3,16.04
green,Bronx,Manhattan,7,Tuesday,4,22.8
green,Bronx,Manhattan,7,Tuesday,5,28
green,Bronx,Manhattan,7,Tuesday,6,26.76
green,Bronx,Manhattan,7,Tuesday,7,24.52
green,Bronx,Manhattan,7,Tuesday,8,22.1
green,Bronx,Manhattan,7,Tuesday,9,21.31
green,Bronx,Manhattan,7,Tuesday,10,20.93
green,Bronx,Manhattan,7,Tuesday,11,20.96
green,Bronx,Manhattan,7,Tuesday,12,20.89
green,Bronx,Manhattan,7,Tuesday,13,20.59
green,Bronx,Manhattan,7,Tuesday,14,22.02
green,Bronx,Manhattan,7,Tuesday,15,21.71
green,Bronx,Manhattan,7,Tuesday,16,22.61
green,Bronx,Manhattan,7,Tuesday,17,21.67
green,Bronx,Manhattan,7,Tuesday,18,19.87
green,Bronx,Manhattan,7,Tuesday,19,18.43
green,Bronx,Manhattan,7,Tuesday,20,18.93
green,Bronx,Manhattan,7,Tuesday,21,22.54
green,Bronx,Manhattan,7,Tuesday,22,23.07
green,Bronx,Manhattan,7,Tuesday,23,19.74
green,Bronx,Manhattan,7,Wednesday,0,18.01
green,Bronx,Manhattan,7,Wednesday,1,15.69
green,Bronx,Manhattan,7,Wednesday,2,12.98
green,Bronx,Manhattan,7,Wednesday,3,15.41
green,Bronx,Manhattan,7,Wednesday,4,18.77
green,Bronx,Manhattan,7,Wednesday,5,23.92
green,Bronx,Manhattan,7,Wednesday,6,25.95
green,Bronx,Manhattan,7,Wednesday,7,21.42
green,Bronx,Manhattan,7,Wednesday,8,19.71
green,Bronx,Manhattan,7,Wednesday,9,20.13
green,Bronx,Manhattan,7,Wednesday,10,20.82
green,Bronx,Manhattan,7,Wednesday,11,20.47
green,Bronx,Manhattan,7,Wednesday,12,19.67
green,Bronx,Manhattan,7,Wednesday,13,20.63
green,Bronx,Manhattan,7,Wednesday,14,22.14
green,Bronx,Manhattan,7,Wednesday,15,20.65
green,Bronx,Manhattan,7,Wednesday,16,23.45
green,Bronx,Manhattan,7,Wednesday,17,21.41
green,Bronx,Manhattan,7,Wednesday,18,18.8
green,Bronx,Manhattan,7,Wednesday,19,17.8
green,Bronx,Manhattan,7,Wednesday,20,18.61
green,Bronx,Manhattan,7,Wednesday,21,22.85
green,Bronx,Manhattan,7,Wednesday,22,23.52
green,Bronx,Manhattan,7,Wednesday,23,18.68
green,Bronx,Manhattan,8,Friday,0,17.83
green,Bronx,Manhattan,8,Friday,1,15.77
green,Bronx,Manhattan,8,Friday,2,14.65
green,Bronx,Manhattan,8,Friday,3,14.07
green,Bronx,Manhattan,8,Friday,4,19.73
green,Bronx,Manhattan,8,Friday,5,24.29
green,Bronx,Manhattan,8,Friday,6,26.09
green,Bronx,Manhattan,8,Friday,7,21.51
green,Bronx,Manhattan,8,Friday,8,21.18
green,Bronx,Manhattan,8,Friday,9,20.79
green,Bronx,Manhattan,8,Friday,10,20.09
green,Bronx,Manhattan,8,Friday,11,19.62
green,Bronx,Manhattan,8,Friday,12,18.9
green,Bronx,Manhattan,8,Friday,13,19.36
green,Bronx,Manhattan,8,Friday,14,19.69
green,Bronx,Manhattan,8,Friday,15,20.52
green,Bronx,Manhattan,8,Friday,16,21.91
green,Bronx,Manhattan,8,Friday,17,20.97
green,Bronx,Manhattan,8,Friday,18,18.64
green,Bronx,Manhattan,8,Friday,19,19.31
green,Bronx,Manhattan,8,Friday,20,19.16
green,Bronx,Manhattan,8,Friday,21,22.47
green,Bronx,Manhattan,8,Friday,22,22.72
green,Bronx,Manhattan,8,Friday,23,21.75
green,Bronx,Manhattan,8,Monday,0,18.65
green,Bronx,Manhattan,8,Monday,1,14.17
green,Bronx,Manhattan,8,Monday,2,14.25
green,Bronx,Manhattan,8,Monday,3,15.25
green,Bronx,Manhattan,8,Monday,4,17.82
green,Bronx,Manhattan,8,Monday,5,21.67
green,Bronx,Manhattan,8,Monday,6,25.93
green,Bronx,Manhattan,8,Monday,7,21.98
green,Bronx,Manhattan,8,Monday,8,19.26
green,Bronx,Manhattan,8,Monday,9,19.77
green,Bronx,Manhattan,8,Monday,10,20.69
green,Bronx,Manhattan,8,Monday,11,20.62
green,Bronx,Manhattan,8,Monday,12,19.05
green,Bronx,Manhattan,8,Monday,13,19.22
green,Bronx,Manhattan,8,Monday,14,19.43
green,Bronx,Manhattan,8,Monday,15,20.92
green,Bronx,Manhattan,8,Monday,16,20.35
green,Bronx,Manhattan,8,Monday,17,19.65
green,Bronx,Manhattan,8,Monday,18,18.06
green,Bronx,Manhattan,8,Monday,19,19.63
green,Bronx,Manhattan,8,Monday,20,17.91
green,Bronx,Manhattan,8,Monday,21,20.78
green,Bronx,Manhattan,8,Monday,22,22.67
green,Bronx,Manhattan,8,Monday,23,20.09
green,Bronx,Manhattan,8,Saturday,0,18.28
green,Bronx,Manhattan,8,Saturday,1,17.15
green,Bronx,Manhattan,8,Saturday,2,16.18
green,Bronx,Manhattan,8,Saturday,3,16.09
green,Bronx,Manhattan,8,Saturday,4,17.08
green,Bronx,Manhattan,8,Saturday,5,18.92
green,Bronx,Manhattan,8,Saturday,6,20.55
green,Bronx,Manhattan,8,Saturday,7,19.7
green,Bronx,Manhattan,8,Saturday,8,18.45
green,Bronx,Manhattan,8,Saturday,9,18.38
green,Bronx,Manhattan,8,Saturday,10,18.41
green,Bronx,Manhattan,8,Saturday,11,18.11
green,Bronx,Manhattan,8,Saturday,12,19.53
green,Bronx,Manhattan,8,Saturday,13,19.35
green,Bronx,Manhattan,8,Saturday,14,19.14
green,Bronx,Manhattan,8,Saturday,15,20.73
green,Bronx,Manhattan,8,Saturday,16,22.45
green,Bronx,Manhattan,8,Saturday,17,21.8
green,Bronx,Manhattan,8,Saturday,18,19.41
green,Bronx,Manhattan,8,Saturday,19,18
green,Bronx,Manhattan,8,Saturday,20,17.78
green,Bronx,Manhattan,8,Saturday,21,17.93
green,Bronx,Manhattan,8,Saturday,22,17.81
green,Bronx,Manhattan,8,Saturday,23,18.96
green,Bronx,Manhattan,8,Sunday,0,17.89
green,Bronx,Manhattan,8,Sunday,1,17.24
green,Bronx,Manhattan,8,Sunday,2,15.76
green,Bronx,Manhattan,8,Sunday,3,15.58
green,Bronx,Manhattan,8,Sunday,4,17.26
green,Bronx,Manhattan,8,Sunday,5,17.37
green,Bronx,Manhattan,8,Sunday,6,20.19
green,Bronx,Manhattan,8,Sunday,7,19.58
green,Bronx,Manhattan,8,Sunday,8,19.45
green,Bronx,Manhattan,8,Sunday,9,18.61
green,Bronx,Manhattan,8,Sunday,10,16.81
green,Bronx,Manhattan,8,Sunday,11,18.39
green,Bronx,Manhattan,8,Sunday,12,17.83
green,Bronx,Manhattan,8,Sunday,13,18.76
green,Bronx,Manhattan,8,Sunday,14,19.38
green,Bronx,Manhattan,8,Sunday,15,20.55
green,Bronx,Manhattan,8,Sunday,16,22.83
green,Bronx,Manhattan,8,Sunday,17,21.05
green,Bronx,Manhattan,8,Sunday,18,18.65
green,Bronx,Manhattan,8,Sunday,19,16.83
green,Bronx,Manhattan,8,Sunday,20,17.28
green,Bronx,Manhattan,8,Sunday,21,18.11
green,Bronx,Manhattan,8,Sunday,22,18.4
green,Bronx,Manhattan,8,Sunday,23,18.63
green,Bronx,Manhattan,8,Thursday,0,16.18
green,Bronx,Manhattan,8,Thursday,1,15
green,Bronx,Manhattan,8,Thursday,2,15.68
green,Bronx,Manhattan,8,Thursday,3,14.32
green,Bronx,Manhattan,8,Thursday,4,17.76
green,Bronx,Manhattan,8,Thursday,5,25.25
green,Bronx,Manhattan,8,Thursday,6,25.94
green,Bronx,Manhattan,8,Thursday,7,23.02
green,Bronx,Manhattan,8,Thursday,8,22.11
green,Bronx,Manhattan,8,Thursday,9,21.32
green,Bronx,Manhattan,8,Thursday,10,21.54
green,Bronx,Manhattan,8,Thursday,11,21.26
green,Bronx,Manhattan,8,Thursday,12,20.69
green,Bronx,Manhattan,8,Thursday,13,20.49
green,Bronx,Manhattan,8,Thursday,14,20.92
green,Bronx,Manhattan,8,Thursday,15,21.37
green,Bronx,Manhattan,8,Thursday,16,22.28
green,Bronx,Manhattan,8,Thursday,17,21.79
green,Bronx,Manhattan,8,Thursday,18,19.97
green,Bronx,Manhattan,8,Thursday,19,19.31
green,Bronx,Manhattan,8,Thursday,20,18.52
green,Bronx,Manhattan,8,Thursday,21,22.88
green,Bronx,Manhattan,8,Thursday,22,23.08
green,Bronx,Manhattan,8,Thursday,23,20.99
green,Bronx,Manhattan,8,Tuesday,0,17.17
green,Bronx,Manhattan,8,Tuesday,1,15.26
green,Bronx,Manhattan,8,Tuesday,2,15.42
green,Bronx,Manhattan,8,Tuesday,3,18.63
green,Bronx,Manhattan,8,Tuesday,4,18.24
green,Bronx,Manhattan,8,Tuesday,5,25.72
green,Bronx,Manhattan,8,Tuesday,6,26.02
green,Bronx,Manhattan,8,Tuesday,7,22.14
green,Bronx,Manhattan,8,Tuesday,8,21.19
green,Bronx,Manhattan,8,Tuesday,9,20.13
green,Bronx,Manhattan,8,Tuesday,10,20.26
green,Bronx,Manhattan,8,Tuesday,11,20.18
green,Bronx,Manhattan,8,Tuesday,12,19.91
green,Bronx,Manhattan,8,Tuesday,13,20.1
green,Bronx,Manhattan,8,Tuesday,14,19.67
green,Bronx,Manhattan,8,Tuesday,15,20.12
green,Bronx,Manhattan,8,Tuesday,16,21.29
green,Bronx,Manhattan,8,Tuesday,17,20.54
green,Bronx,Manhattan,8,Tuesday,18,17.51
green,Bronx,Manhattan,8,Tuesday,19,18.41
green,Bronx,Manhattan,8,Tuesday,20,19.47
green,Bronx,Manhattan,8,Tuesday,21,23.37
green,Bronx,Manhattan,8,Tuesday,22,23.82
green,Bronx,Manhattan,8,Tuesday,23,22.02
green,Bronx,Manhattan,8,Wednesday,0,17.92
green,Bronx,Manhattan,8,Wednesday,1,15.27
green,Bronx,Manhattan,8,Wednesday,2,17.75
green,Bronx,Manhattan,8,Wednesday,3,17.14
green,Bronx,Manhattan,8,Wednesday,4,20.6
green,Bronx,Manhattan,8,Wednesday,5,25.77
green,Bronx,Manhattan,8,Wednesday,6,28.09
green,Bronx,Manhattan,8,Wednesday,7,23.43
green,Bronx,Manhattan,8,Wednesday,8,21.55
green,Bronx,Manhattan,8,Wednesday,9,21.29
green,Bronx,Manhattan,8,Wednesday,10,21.34
green,Bronx,Manhattan,8,Wednesday,11,21.33
green,Bronx,Manhattan,8,Wednesday,12,20.97
green,Bronx,Manhattan,8,Wednesday,13,20.11
green,Bronx,Manhattan,8,Wednesday,14,20.35
green,Bronx,Manhattan,8,Wednesday,15,21.93
green,Bronx,Manhattan,8,Wednesday,16,24.92
green,Bronx,Manhattan,8,Wednesday,17,21.69
green,Bronx,Manhattan,8,Wednesday,18,19.92
green,Bronx,Manhattan,8,Wednesday,19,20.15
green,Bronx,Manhattan,8,Wednesday,20,19.89
green,Bronx,Manhattan,8,Wednesday,21,21.51
green,Bronx,Manhattan,8,Wednesday,22,23.78
green,Bronx,Manhattan,8,Wednesday,23,19.83
green,Bronx,Manhattan,9,Friday,0,21.88
green,Bronx,Manhattan,9,Friday,1,16.48
green,Bronx,Manhattan,9,Friday,2,13.64
green,Bronx,Manhattan,9,Friday,3,14.82
green,Bronx,Manhattan,9,Friday,4,16.42
green,Bronx,Manhattan,9,Friday,5,24.5
green,Bronx,Manhattan,9,Friday,6,24.73
green,Bronx,Manhattan,9,Friday,7,21.2
green,Bronx,Manhattan,9,Friday,8,19.83
green,Bronx,Manhattan,9,Friday,9,19.67
green,Bronx,Manhattan,9,Friday,10,21.59
green,Bronx,Manhattan,9,Friday,11,21.55
green,Bronx,Manhattan,9,Friday,12,19.84
green,Bronx,Manhattan,9,Friday,13,19.82
green,Bronx,Manhattan,9,Friday,14,19.25
green,Bronx,Manhattan,9,Friday,15,19.82
green,Bronx,Manhattan,9,Friday,16,21.33
green,Bronx,Manhattan,9,Friday,17,20.47
green,Bronx,Manhattan,9,Friday,18,19.63
green,Bronx,Manhattan,9,Friday,19,18.77
green,Bronx,Manhattan,9,Friday,20,18.45
green,Bronx,Manhattan,9,Friday,21,22.25
green,Bronx,Manhattan,9,Friday,22,22.52
green,Bronx,Manhattan,9,Friday,23,20.49
green,Bronx,Manhattan,9,Monday,0,17.04
green,Bronx,Manhattan,9,Monday,1,16.07
green,Bronx,Manhattan,9,Monday,2,15.2
green,Bronx,Manhattan,9,Monday,3,16.14
green,Bronx,Manhattan,9,Monday,4,17.43
green,Bronx,Manhattan,9,Monday,5,24.86
green,Bronx,Manhattan,9,Monday,6,24.69
green,Bronx,Manhattan,9,Monday,7,21.17
green,Bronx,Manhattan,9,Monday,8,20.65
green,Bronx,Manhattan,9,Monday,9,20.2
green,Bronx,Manhattan,9,Monday,10,21.35
green,Bronx,Manhattan,9,Monday,11,20.91
green,Bronx,Manhattan,9,Monday,12,19.31
green,Bronx,Manhattan,9,Monday,13,20.31
green,Bronx,Manhattan,9,Monday,14,19.15
green,Bronx,Manhattan,9,Monday,15,19.59
green,Bronx,Manhattan,9,Monday,16,21.85
green,Bronx,Manhattan,9,Monday,17,21.23
green,Bronx,Manhattan,9,Monday,18,19.53
green,Bronx,Manhattan,9,Monday,19,17.71
green,Bronx,Manhattan,9,Monday,20,16.46
green,Bronx,Manhattan,9,Monday,21,21.31
green,Bronx,Manhattan,9,Monday,22,21.21
green,Bronx,Manhattan,9,Monday,23,18.42
green,Bronx,Manhattan,9,Saturday,0,18.31
green,Bronx,Manhattan,9,Saturday,1,16.3
green,Bronx,Manhattan,9,Saturday,2,15.22
green,Bronx,Manhattan,9,Saturday,3,15.51
green,Bronx,Manhattan,9,Saturday,4,16.05
green,Bronx,Manhattan,9,Saturday,5,17.35
green,Bronx,Manhattan,9,Saturday,6,22.01
green,Bronx,Manhattan,9,Saturday,7,19.84
green,Bronx,Manhattan,9,Saturday,8,19.04
green,Bronx,Manhattan,9,Saturday,9,18.81
green,Bronx,Manhattan,9,Saturday,10,18.33
green,Bronx,Manhattan,9,Saturday,11,19.18
green,Bronx,Manhattan,9,Saturday,12,18.88
green,Bronx,Manhattan,9,Saturday,13,19.22
green,Bronx,Manhattan,9,Saturday,14,19.74
green,Bronx,Manhattan,9,Saturday,15,22.59
green,Bronx,Manhattan,9,Saturday,16,22.56
green,Bronx,Manhattan,9,Saturday,17,21.95
green,Bronx,Manhattan,9,Saturday,18,20.75
green,Bronx,Manhattan,9,Saturday,19,21.81
green,Bronx,Manhattan,9,Saturday,20,20.2
green,Bronx,Manhattan,9,Saturday,21,20.01
green,Bronx,Manhattan,9,Saturday,22,20.02
green,Bronx,Manhattan,9,Saturday,23,19.63
green,Bronx,Manhattan,9,Sunday,0,18.43
green,Bronx,Manhattan,9,Sunday,1,15.7
green,Bronx,Manhattan,9,Sunday,2,15.85
green,Bronx,Manhattan,9,Sunday,3,14.84
green,Bronx,Manhattan,9,Sunday,4,16.56
green,Bronx,Manhattan,9,Sunday,5,22.89
green,Bronx,Manhattan,9,Sunday,6,20.34
green,Bronx,Manhattan,9,Sunday,7,20.56
green,Bronx,Manhattan,9,Sunday,8,19.49
green,Bronx,Manhattan,9,Sunday,9,20.2
green,Bronx,Manhattan,9,Sunday,10,19.05
green,Bronx,Manhattan,9,Sunday,11,18.54
green,Bronx,Manhattan,9,Sunday,12,19.55
green,Bronx,Manhattan,9,Sunday,13,20.9
green,Bronx,Manhattan,9,Sunday,14,21.06
green,Bronx,Manhattan,9,Sunday,15,21.79
green,Bronx,Manhattan,9,Sunday,16,23.87
green,Bronx,Manhattan,9,Sunday,17,22.16
green,Bronx,Manhattan,9,Sunday,18,18.46
green,Bronx,Manhattan,9,Sunday,19,17.58
green,Bronx,Manhattan,9,Sunday,20,17.03
green,Bronx,Manhattan,9,Sunday,21,17.5
green,Bronx,Manhattan,9,Sunday,22,18.59
green,Bronx,Manhattan,9,Sunday,23,17.96
green,Bronx,Manhattan,9,Thursday,0,19.09
green,Bronx,Manhattan,9,Thursday,1,15.39
green,Bronx,Manhattan,9,Thursday,2,16.6
green,Bronx,Manhattan,9,Thursday,3,17.25
green,Bronx,Manhattan,9,Thursday,4,19.23
green,Bronx,Manhattan,9,Thursday,5,25.98
green,Bronx,Manhattan,9,Thursday,6,28.2
green,Bronx,Manhattan,9,Thursday,7,21.63
green,Bronx,Manhattan,9,Thursday,8,19.79
green,Bronx,Manhattan,9,Thursday,9,21.59
green,Bronx,Manhattan,9,Thursday,10,21.71
green,Bronx,Manhattan,9,Thursday,11,21.24
green,Bronx,Manhattan,9,Thursday,12,21.15
green,Bronx,Manhattan,9,Thursday,13,19.95
green,Bronx,Manhattan,9,Thursday,14,20.93
green,Bronx,Manhattan,9,Thursday,15,20.83
green,Bronx,Manhattan,9,Thursday,16,21.33
green,Bronx,Manhattan,9,Thursday,17,20.75
green,Bronx,Manhattan,9,Thursday,18,20.14
green,Bronx,Manhattan,9,Thursday,19,18.77
green,Bronx,Manhattan,9,Thursday,20,18.73
green,Bronx,Manhattan,9,Thursday,21,23.67
green,Bronx,Manhattan,9,Thursday,22,25.02
green,Bronx,Manhattan,9,Thursday,23,22.27
green,Bronx,Manhattan,9,Tuesday,0,17.93
green,Bronx,Manhattan,9,Tuesday,1,15.59
green,Bronx,Manhattan,9,Tuesday,2,17.61
green,Bronx,Manhattan,9,Tuesday,3,16.86
green,Bronx,Manhattan,9,Tuesday,4,19.59
green,Bronx,Manhattan,9,Tuesday,5,24.25
green,Bronx,Manhattan,9,Tuesday,6,24.77
green,Bronx,Manhattan,9,Tuesday,7,21.92
green,Bronx,Manhattan,9,Tuesday,8,22.01
green,Bronx,Manhattan,9,Tuesday,9,20.82
green,Bronx,Manhattan,9,Tuesday,10,21.46
green,Bronx,Manhattan,9,Tuesday,11,19.73
green,Bronx,Manhattan,9,Tuesday,12,20.75
green,Bronx,Manhattan,9,Tuesday,13,20.9
green,Bronx,Manhattan,9,Tuesday,14,19.97
green,Bronx,Manhattan,9,Tuesday,15,21.17
green,Bronx,Manhattan,9,Tuesday,16,21.47
green,Bronx,Manhattan,9,Tuesday,17,20.49
green,Bronx,Manhattan,9,Tuesday,18,19.42
green,Bronx,Manhattan,9,Tuesday,19,18
green,Bronx,Manhattan,9,Tuesday,20,19.65
green,Bronx,Manhattan,9,Tuesday,21,22.38
green,Bronx,Manhattan,9,Tuesday,22,24.58
green,Bronx,Manhattan,9,Tuesday,23,20.68
green,Bronx,Manhattan,9,Wednesday,0,19.24
green,Bronx,Manhattan,9,Wednesday,1,14.69
green,Bronx,Manhattan,9,Wednesday,2,14.46
green,Bronx,Manhattan,9,Wednesday,3,14.88
green,Bronx,Manhattan,9,Wednesday,4,18.29
green,Bronx,Manhattan,9,Wednesday,5,26.05
green,Bronx,Manhattan,9,Wednesday,6,27.73
green,Bronx,Manhattan,9,Wednesday,7,22.59
green,Bronx,Manhattan,9,Wednesday,8,19.88
green,Bronx,Manhattan,9,Wednesday,9,20.91
green,Bronx,Manhattan,9,Wednesday,10,21.5
green,Bronx,Manhattan,9,Wednesday,11,21.35
green,Bronx,Manhattan,9,Wednesday,12,21.76
green,Bronx,Manhattan,9,Wednesday,13,19.47
green,Bronx,Manhattan,9,Wednesday,14,21.42
green,Bronx,Manhattan,9,Wednesday,15,22.08
green,Bronx,Manhattan,9,Wednesday,16,23.04
green,Bronx,Manhattan,9,Wednesday,17,21.76
green,Bronx,Manhattan,9,Wednesday,18,19.41
green,Bronx,Manhattan,9,Wednesday,19,18.67
green,Bronx,Manhattan,9,Wednesday,20,19.05
green,Bronx,Manhattan,9,Wednesday,21,23.5
green,Bronx,Manhattan,9,Wednesday,22,24.76
green,Bronx,Manhattan,9,Wednesday,23,21.67
green,Bronx,Manhattan,10,Friday,0,18.42
green,Bronx,Manhattan,10,Friday,1,15.43
green,Bronx,Manhattan,10,Friday,2,14.41
green,Bronx,Manhattan,10,Friday,3,14.44
green,Bronx,Manhattan,10,Friday,4,19.46
green,Bronx,Manhattan,10,Friday,5,23.59
green,Bronx,Manhattan,10,Friday,6,26.5
green,Bronx,Manhattan,10,Friday,7,21.63
green,Bronx,Manhattan,10,Friday,8,20.92
green,Bronx,Manhattan,10,Friday,9,21.54
green,Bronx,Manhattan,10,Friday,10,21.2
green,Bronx,Manhattan,10,Friday,11,21.13
green,Bronx,Manhattan,10,Friday,12,20.41
green,Bronx,Manhattan,10,Friday,13,19.69
green,Bronx,Manhattan,10,Friday,14,20.2
green,Bronx,Manhattan,10,Friday,15,20.73
green,Bronx,Manhattan,10,Friday,16,21.13
green,Bronx,Manhattan,10,Friday,17,21.76
green,Bronx,Manhattan,10,Friday,18,19.53
green,Bronx,Manhattan,10,Friday,19,18.66
green,Bronx,Manhattan,10,Friday,20,18.64
green,Bronx,Manhattan,10,Friday,21,19.85
green,Bronx,Manhattan,10,Friday,22,20.6
green,Bronx,Manhattan,10,Friday,23,18.71
green,Bronx,Manhattan,10,Monday,0,18.08
green,Bronx,Manhattan,10,Monday,1,16.19
green,Bronx,Manhattan,10,Monday,2,16.1
green,Bronx,Manhattan,10,Monday,3,18.46
green,Bronx,Manhattan,10,Monday,4,20.89
green,Bronx,Manhattan,10,Monday,5,26.18
green,Bronx,Manhattan,10,Monday,6,26.84
green,Bronx,Manhattan,10,Monday,7,23.17
green,Bronx,Manhattan,10,Monday,8,20.67
green,Bronx,Manhattan,10,Monday,9,21.39
green,Bronx,Manhattan,10,Monday,10,21.39
green,Bronx,Manhattan,10,Monday,11,19.64
green,Bronx,Manhattan,10,Monday,12,20.54
green,Bronx,Manhattan,10,Monday,13,19.85
green,Bronx,Manhattan,10,Monday,14,20.4
green,Bronx,Manhattan,10,Monday,15,19.71
green,Bronx,Manhattan,10,Monday,16,21.15
green,Bronx,Manhattan,10,Monday,17,19.75
green,Bronx,Manhattan,10,Monday,18,18.61
green,Bronx,Manhattan,10,Monday,19,18.97
green,Bronx,Manhattan,10,Monday,20,17.6
green,Bronx,Manhattan,10,Monday,21,20.93
green,Bronx,Manhattan,10,Monday,22,25.52
green,Bronx,Manhattan,10,Monday,23,25.05
green,Bronx,Manhattan,10,Saturday,0,17.5
green,Bronx,Manhattan,10,Saturday,1,15.83
green,Bronx,Manhattan,10,Saturday,2,15.4
green,Bronx,Manhattan,10,Saturday,3,15.42
green,Bronx,Manhattan,10,Saturday,4,16.87
green,Bronx,Manhattan,10,Saturday,5,17.35
green,Bronx,Manhattan,10,Saturday,6,20.04
green,Bronx,Manhattan,10,Saturday,7,21.79
green,Bronx,Manhattan,10,Saturday,8,19.04
green,Bronx,Manhattan,10,Saturday,9,17.91
green,Bronx,Manhattan,10,Saturday,10,19.21
green,Bronx,Manhattan,10,Saturday,11,19.44
green,Bronx,Manhattan,10,Saturday,12,18.68
green,Bronx,Manhattan,10,Saturday,13,20.27
green,Bronx,Manhattan,10,Saturday,14,20.75
green,Bronx,Manhattan,10,Saturday,15,20.32
green,Bronx,Manhattan,10,Saturday,16,22.1
green,Bronx,Manhattan,10,Saturday,17,21.18
green,Bronx,Manhattan,10,Saturday,18,20.38
green,Bronx,Manhattan,10,Saturday,19,19.45
green,Bronx,Manhattan,10,Saturday,20,19.62
green,Bronx,Manhattan,10,Saturday,21,20.69
green,Bronx,Manhattan,10,Saturday,22,20.27
green,Bronx,Manhattan,10,Saturday,23,19.82
green,Bronx,Manhattan,10,Sunday,0,18.26
green,Bronx,Manhattan,10,Sunday,1,17.71
green,Bronx,Manhattan,10,Sunday,2,16.29
green,Bronx,Manhattan,10,Sunday,3,16
green,Bronx,Manhattan,10,Sunday,4,16.34
green,Bronx,Manhattan,10,Sunday,5,17.49
green,Bronx,Manhattan,10,Sunday,6,21.25
green,Bronx,Manhattan,10,Sunday,7,20.76
green,Bronx,Manhattan,10,Sunday,8,20.96
green,Bronx,Manhattan,10,Sunday,9,19.6
green,Bronx,Manhattan,10,Sunday,10,19.7
green,Bronx,Manhattan,10,Sunday,11,19.43
green,Bronx,Manhattan,10,Sunday,12,19.94
green,Bronx,Manhattan,10,Sunday,13,20.27
green,Bronx,Manhattan,10,Sunday,14,21.85
green,Bronx,Manhattan,10,Sunday,15,21.44
green,Bronx,Manhattan,10,Sunday,16,20.58
green,Bronx,Manhattan,10,Sunday,17,21.54
green,Bronx,Manhattan,10,Sunday,18,19.86
green,Bronx,Manhattan,10,Sunday,19,17.56
green,Bronx,Manhattan,10,Sunday,20,17.34
green,Bronx,Manhattan,10,Sunday,21,17.43
green,Bronx,Manhattan,10,Sunday,22,17.91
green,Bronx,Manhattan,10,Sunday,23,19.43
green,Bronx,Manhattan,10,Thursday,0,20.03
green,Bronx,Manhattan,10,Thursday,1,16.64
green,Bronx,Manhattan,10,Thursday,2,14.95
green,Bronx,Manhattan,10,Thursday,3,16.2
green,Bronx,Manhattan,10,Thursday,4,18.53
green,Bronx,Manhattan,10,Thursday,5,25.34
green,Bronx,Manhattan,10,Thursday,6,24.33
green,Bronx,Manhattan,10,Thursday,7,21.81
green,Bronx,Manhattan,10,Thursday,8,21.19
green,Bronx,Manhattan,10,Thursday,9,22.88
green,Bronx,Manhattan,10,Thursday,10,21.55
green,Bronx,Manhattan,10,Thursday,11,21.71
green,Bronx,Manhattan,10,Thursday,12,21.89
green,Bronx,Manhattan,10,Thursday,13,20.61
green,Bronx,Manhattan,10,Thursday,14,21
green,Bronx,Manhattan,10,Thursday,15,22.19
green,Bronx,Manhattan,10,Thursday,16,22.62
green,Bronx,Manhattan,10,Thursday,17,21.17
green,Bronx,Manhattan,10,Thursday,18,20.54
green,Bronx,Manhattan,10,Thursday,19,18.61
green,Bronx,Manhattan,10,Thursday,20,17.75
green,Bronx,Manhattan,10,Thursday,21,21.08
green,Bronx,Manhattan,10,Thursday,22,20.3
green,Bronx,Manhattan,10,Thursday,23,19.12
green,Bronx,Manhattan,10,Tuesday,0,21.32
green,Bronx,Manhattan,10,Tuesday,1,19.03
green,Bronx,Manhattan,10,Tuesday,2,16.53
green,Bronx,Manhattan,10,Tuesday,3,19.56
green,Bronx,Manhattan,10,Tuesday,4,20.08
green,Bronx,Manhattan,10,Tuesday,5,27.14
green,Bronx,Manhattan,10,Tuesday,6,28.88
green,Bronx,Manhattan,10,Tuesday,7,24.69
green,Bronx,Manhattan,10,Tuesday,8,22.56
green,Bronx,Manhattan,10,Tuesday,9,23.54
green,Bronx,Manhattan,10,Tuesday,10,21.71
green,Bronx,Manhattan,10,Tuesday,11,22.85
green,Bronx,Manhattan,10,Tuesday,12,21.9
green,Bronx,Manhattan,10,Tuesday,13,21.75
green,Bronx,Manhattan,10,Tuesday,14,20.69
green,Bronx,Manhattan,10,Tuesday,15,21.88
green,Bronx,Manhattan,10,Tuesday,16,24.11
green,Bronx,Manhattan,10,Tuesday,17,21.39
green,Bronx,Manhattan,10,Tuesday,18,19.45
green,Bronx,Manhattan,10,Tuesday,19,19.24
green,Bronx,Manhattan,10,Tuesday,20,19.53
green,Bronx,Manhattan,10,Tuesday,21,20.67
green,Bronx,Manhattan,10,Tuesday,22,25.52
green,Bronx,Manhattan,10,Tuesday,23,26.82
green,Bronx,Manhattan,10,Wednesday,0,23.62
green,Bronx,Manhattan,10,Wednesday,1,20.08
green,Bronx,Manhattan,10,Wednesday,2,18.42
green,Bronx,Manhattan,10,Wednesday,3,16.61
green,Bronx,Manhattan,10,Wednesday,4,18.13
green,Bronx,Manhattan,10,Wednesday,5,26.88
green,Bronx,Manhattan,10,Wednesday,6,28.54
green,Bronx,Manhattan,10,Wednesday,7,24.48
green,Bronx,Manhattan,10,Wednesday,8,21.35
green,Bronx,Manhattan,10,Wednesday,9,21.71
green,Bronx,Manhattan,10,Wednesday,10,22.6
green,Bronx,Manhattan,10,Wednesday,11,22.79
green,Bronx,Manhattan,10,Wednesday,12,19.98
green,Bronx,Manhattan,10,Wednesday,13,21.59
green,Bronx,Manhattan,10,Wednesday,14,22.16
green,Bronx,Manhattan,10,Wednesday,15,21.69
green,Bronx,Manhattan,10,Wednesday,16,23.34
green,Bronx,Manhattan,10,Wednesday,17,21.79
green,Bronx,Manhattan,10,Wednesday,18,19.72
green,Bronx,Manhattan,10,Wednesday,19,17.94
green,Bronx,Manhattan,10,Wednesday,20,19.13
green,Bronx,Manhattan,10,Wednesday,21,18.17
green,Bronx,Manhattan,10,Wednesday,22,21.32
green,Bronx,Manhattan,10,Wednesday,23,20.97
green,Bronx,Manhattan,11,Friday,0,17.15
green,Bronx,Manhattan,11,Friday,1,16.33
green,Bronx,Manhattan,11,Friday,2,15.34
green,Bronx,Manhattan,11,Friday,3,16.52
green,Bronx,Manhattan,11,Friday,4,20.11
green,Bronx,Manhattan,11,Friday,5,27.56
green,Bronx,Manhattan,11,Friday,6,25.56
green,Bronx,Manhattan,11,Friday,7,22.55
green,Bronx,Manhattan,11,Friday,8,20.27
green,Bronx,Manhattan,11,Friday,9,21.57
green,Bronx,Manhattan,11,Friday,10,21.88
green,Bronx,Manhattan,11,Friday,11,22.13
green,Bronx,Manhattan,11,Friday,12,19.77
green,Bronx,Manhattan,11,Friday,13,19.78
green,Bronx,Manhattan,11,Friday,14,19.78
green,Bronx,Manhattan,11,Friday,15,20.3
green,Bronx,Manhattan,11,Friday,16,20.72
green,Bronx,Manhattan,11,Friday,17,21.62
green,Bronx,Manhattan,11,Friday,18,19.15
green,Bronx,Manhattan,11,Friday,19,18.68
green,Bronx,Manhattan,11,Friday,20,16.81
green,Bronx,Manhattan,11,Friday,21,17.93
green,Bronx,Manhattan,11,Friday,22,17.12
green,Bronx,Manhattan,11,Friday,23,17.94
green,Bronx,Manhattan,11,Monday,0,16.18
green,Bronx,Manhattan,11,Monday,1,15.04
green,Bronx,Manhattan,11,Monday,2,15.24
green,Bronx,Manhattan,11,Monday,3,19.17
green,Bronx,Manhattan,11,Monday,4,18.25
green,Bronx,Manhattan,11,Monday,5,25.12
green,Bronx,Manhattan,11,Monday,6,25.69
green,Bronx,Manhattan,11,Monday,7,20.6
green,Bronx,Manhattan,11,Monday,8,20.32
green,Bronx,Manhattan,11,Monday,9,21.57
green,Bronx,Manhattan,11,Monday,10,21.88
green,Bronx,Manhattan,11,Monday,11,22.4
green,Bronx,Manhattan,11,Monday,12,21.71
green,Bronx,Manhattan,11,Monday,13,20.33
green,Bronx,Manhattan,11,Monday,14,19.63
green,Bronx,Manhattan,11,Monday,15,20.28
green,Bronx,Manhattan,11,Monday,16,19.86
green,Bronx,Manhattan,11,Monday,17,20.91
green,Bronx,Manhattan,11,Monday,18,19.24
green,Bronx,Manhattan,11,Monday,19,18.45
green,Bronx,Manhattan,11,Monday,20,16.85
green,Bronx,Manhattan,11,Monday,21,17.29
green,Bronx,Manhattan,11,Monday,22,17.89
green,Bronx,Manhattan,11,Monday,23,17.68
green,Bronx,Manhattan,11,Saturday,0,17.29
green,Bronx,Manhattan,11,Saturday,1,15.45
green,Bronx,Manhattan,11,Saturday,2,16.66
green,Bronx,Manhattan,11,Saturday,3,16.43
green,Bronx,Manhattan,11,Saturday,4,16.22
green,Bronx,Manhattan,11,Saturday,5,18.56
green,Bronx,Manhattan,11,Saturday,6,19.83
green,Bronx,Manhattan,11,Saturday,7,19.91
green,Bronx,Manhattan,11,Saturday,8,19.41
green,Bronx,Manhattan,11,Saturday,9,19.54
green,Bronx,Manhattan,11,Saturday,10,17.65
green,Bronx,Manhattan,11,Saturday,11,19.35
green,Bronx,Manhattan,11,Saturday,12,19.07
green,Bronx,Manhattan,11,Saturday,13,20.48
green,Bronx,Manhattan,11,Saturday,14,19.73
green,Bronx,Manhattan,11,Saturday,15,18.61
green,Bronx,Manhattan,11,Saturday,16,20.17
green,Bronx,Manhattan,11,Saturday,17,20.59
green,Bronx,Manhattan,11,Saturday,18,21.52
green,Bronx,Manhattan,11,Saturday,19,20
green,Bronx,Manhattan,11,Saturday,20,19.72
green,Bronx,Manhattan,11,Saturday,21,20.06
green,Bronx,Manhattan,11,Saturday,22,18.92
green,Bronx,Manhattan,11,Saturday,23,19.39
green,Bronx,Manhattan,11,Sunday,0,16.77
green,Bronx,Manhattan,11,Sunday,1,16.89
green,Bronx,Manhattan,11,Sunday,2,15.53
green,Bronx,Manhattan,11,Sunday,3,16.45
green,Bronx,Manhattan,11,Sunday,4,16.88
green,Bronx,Manhattan,11,Sunday,5,19.82
green,Bronx,Manhattan,11,Sunday,6,20.49
green,Bronx,Manhattan,11,Sunday,7,19.34
green,Bronx,Manhattan,11,Sunday,8,20.1
green,Bronx,Manhattan,11,Sunday,9,19.95
green,Bronx,Manhattan,11,Sunday,10,18.07
green,Bronx,Manhattan,11,Sunday,11,19.44
green,Bronx,Manhattan,11,Sunday,12,19.11
green,Bronx,Manhattan,11,Sunday,13,19.54
green,Bronx,Manhattan,11,Sunday,14,20.43
green,Bronx,Manhattan,11,Sunday,15,19.31
green,Bronx,Manhattan,11,Sunday,16,18.77
green,Bronx,Manhattan,11,Sunday,17,19.01
green,Bronx,Manhattan,11,Sunday,18,16.68
green,Bronx,Manhattan,11,Sunday,19,17.07
green,Bronx,Manhattan,11,Sunday,20,16.87
green,Bronx,Manhattan,11,Sunday,21,17.64
green,Bronx,Manhattan,11,Sunday,22,16.37
green,Bronx,Manhattan,11,Sunday,23,15.99
green,Bronx,Manhattan,11,Thursday,0,15.73
green,Bronx,Manhattan,11,Thursday,1,15.43
green,Bronx,Manhattan,11,Thursday,2,16.06
green,Bronx,Manhattan,11,Thursday,3,17.06
green,Bronx,Manhattan,11,Thursday,4,19.97
green,Bronx,Manhattan,11,Thursday,5,24
green,Bronx,Manhattan,11,Thursday,6,26.74
green,Bronx,Manhattan,11,Thursday,7,22.66
green,Bronx,Manhattan,11,Thursday,8,22.12
green,Bronx,Manhattan,11,Thursday,9,22.6
green,Bronx,Manhattan,11,Thursday,10,22.68
green,Bronx,Manhattan,11,Thursday,11,20.8
green,Bronx,Manhattan,11,Thursday,12,20.86
green,Bronx,Manhattan,11,Thursday,13,20.7
green,Bronx,Manhattan,11,Thursday,14,21.11
green,Bronx,Manhattan,11,Thursday,15,20.93
green,Bronx,Manhattan,11,Thursday,16,21.2
green,Bronx,Manhattan,11,Thursday,17,19.61
green,Bronx,Manhattan,11,Thursday,18,19.22
green,Bronx,Manhattan,11,Thursday,19,18.2
green,Bronx,Manhattan,11,Thursday,20,17.89
green,Bronx,Manhattan,11,Thursday,21,18.34
green,Bronx,Manhattan,11,Thursday,22,18.14
green,Bronx,Manhattan,11,Thursday,23,16.67
green,Bronx,Manhattan,11,Tuesday,0,17.97
green,Bronx,Manhattan,11,Tuesday,1,13.83
green,Bronx,Manhattan,11,Tuesday,2,16.9
green,Bronx,Manhattan,11,Tuesday,3,16.86
green,Bronx,Manhattan,11,Tuesday,4,20.98
green,Bronx,Manhattan,11,Tuesday,5,25.46
green,Bronx,Manhattan,11,Tuesday,6,26.16
green,Bronx,Manhattan,11,Tuesday,7,22.85
green,Bronx,Manhattan,11,Tuesday,8,22.76
green,Bronx,Manhattan,11,Tuesday,9,22.03
green,Bronx,Manhattan,11,Tuesday,10,21.99
green,Bronx,Manhattan,11,Tuesday,11,22.67
green,Bronx,Manhattan,11,Tuesday,12,21.87
green,Bronx,Manhattan,11,Tuesday,13,21.16
green,Bronx,Manhattan,11,Tuesday,14,21.32
green,Bronx,Manhattan,11,Tuesday,15,20.8
green,Bronx,Manhattan,11,Tuesday,16,22.23
green,Bronx,Manhattan,11,Tuesday,17,19.76
green,Bronx,Manhattan,11,Tuesday,18,18.51
green,Bronx,Manhattan,11,Tuesday,19,17.79
green,Bronx,Manhattan,11,Tuesday,20,17.49
green,Bronx,Manhattan,11,Tuesday,21,16.27
green,Bronx,Manhattan,11,Tuesday,22,17.83
green,Bronx,Manhattan,11,Tuesday,23,20.13
green,Bronx,Manhattan,11,Wednesday,0,16.75
green,Bronx,Manhattan,11,Wednesday,1,13.04
green,Bronx,Manhattan,11,Wednesday,2,12.76
green,Bronx,Manhattan,11,Wednesday,3,16.28
green,Bronx,Manhattan,11,Wednesday,4,20.05
green,Bronx,Manhattan,11,Wednesday,5,28.32
green,Bronx,Manhattan,11,Wednesday,6,26.35
green,Bronx,Manhattan,11,Wednesday,7,22.36
green,Bronx,Manhattan,11,Wednesday,8,20.99
green,Bronx,Manhattan,11,Wednesday,9,21.13
green,Bronx,Manhattan,11,Wednesday,10,21.95
green,Bronx,Manhattan,11,Wednesday,11,22.75
green,Bronx,Manhattan,11,Wednesday,12,21.82
green,Bronx,Manhattan,11,Wednesday,13,20.83
green,Bronx,Manhattan,11,Wednesday,14,20.56
green,Bronx,Manhattan,11,Wednesday,15,20.33
green,Bronx,Manhattan,11,Wednesday,16,21.93
green,Bronx,Manhattan,11,Wednesday,17,20.23
green,Bronx,Manhattan,11,Wednesday,18,18.71
green,Bronx,Manhattan,11,Wednesday,19,18.6
green,Bronx,Manhattan,11,Wednesday,20,17.11
green,Bronx,Manhattan,11,Wednesday,21,18.34
green,Bronx,Manhattan,11,Wednesday,22,17.16
green,Bronx,Manhattan,11,Wednesday,23,15.3
green,Bronx,Manhattan,12,Friday,0,15.75
green,Bronx,Manhattan,12,Friday,1,14.61
green,Bronx,Manhattan,12,Friday,2,16.57
green,Bronx,Manhattan,12,Friday,3,14.79
green,Bronx,Manhattan,12,Friday,4,17.8
green,Bronx,Manhattan,12,Friday,5,22.37
green,Bronx,Manhattan,12,Friday,6,27.99
green,Bronx,Manhattan,12,Friday,7,21.54
green,Bronx,Manhattan,12,Friday,8,19.42
green,Bronx,Manhattan,12,Friday,9,21.44
green,Bronx,Manhattan,12,Friday,10,20.23
green,Bronx,Manhattan,12,Friday,11,21.16
green,Bronx,Manhattan,12,Friday,12,19.24
green,Bronx,Manhattan,12,Friday,13,18.96
green,Bronx,Manhattan,12,Friday,14,19.76
green,Bronx,Manhattan,12,Friday,15,19.59
green,Bronx,Manhattan,12,Friday,16,21.06
green,Bronx,Manhattan,12,Friday,17,20.74
green,Bronx,Manhattan,12,Friday,18,19.31
green,Bronx,Manhattan,12,Friday,19,19.84
green,Bronx,Manhattan,12,Friday,20,18.01
green,Bronx,Manhattan,12,Friday,21,18.21
green,Bronx,Manhattan,12,Friday,22,19.54
green,Bronx,Manhattan,12,Friday,23,16.38
green,Bronx,Manhattan,12,Monday,0,15.93
green,Bronx,Manhattan,12,Monday,1,13.48
green,Bronx,Manhattan,12,Monday,2,13.96
green,Bronx,Manhattan,12,Monday,3,20.14
green,Bronx,Manhattan,12,Monday,4,17.84
green,Bronx,Manhattan,12,Monday,5,23
green,Bronx,Manhattan,12,Monday,6,25.63
green,Bronx,Manhattan,12,Monday,7,21.92
green,Bronx,Manhattan,12,Monday,8,20.42
green,Bronx,Manhattan,12,Monday,9,19.48
green,Bronx,Manhattan,12,Monday,10,22.21
green,Bronx,Manhattan,12,Monday,11,21.13
green,Bronx,Manhattan,12,Monday,12,21.3
green,Bronx,Manhattan,12,Monday,13,18.94
green,Bronx,Manhattan,12,Monday,14,19.07
green,Bronx,Manhattan,12,Monday,15,19.16
green,Bronx,Manhattan,12,Monday,16,21.05
green,Bronx,Manhattan,12,Monday,17,19.92
green,Bronx,Manhattan,12,Monday,18,19.08
green,Bronx,Manhattan,12,Monday,19,17.35
green,Bronx,Manhattan,12,Monday,20,18
green,Bronx,Manhattan,12,Monday,21,18.13
green,Bronx,Manhattan,12,Monday,22,17.71
green,Bronx,Manhattan,12,Monday,23,15.22
green,Bronx,Manhattan,12,Saturday,0,17.7
green,Bronx,Manhattan,12,Saturday,1,16.08
green,Bronx,Manhattan,12,Saturday,2,16.38
green,Bronx,Manhattan,12,Saturday,3,15.32
green,Bronx,Manhattan,12,Saturday,4,17.28
green,Bronx,Manhattan,12,Saturday,5,18.36
green,Bronx,Manhattan,12,Saturday,6,20.4
green,Bronx,Manhattan,12,Saturday,7,19.91
green,Bronx,Manhattan,12,Saturday,8,19.37
green,Bronx,Manhattan,12,Saturday,9,20.23
green,Bronx,Manhattan,12,Saturday,10,18.92
green,Bronx,Manhattan,12,Saturday,11,19.57
green,Bronx,Manhattan,12,Saturday,12,19.45
green,Bronx,Manhattan,12,Saturday,13,20.82
green,Bronx,Manhattan,12,Saturday,14,20.76
green,Bronx,Manhattan,12,Saturday,15,20.52
green,Bronx,Manhattan,12,Saturday,16,20.24
green,Bronx,Manhattan,12,Saturday,17,19.24
green,Bronx,Manhattan,12,Saturday,18,19.14
green,Bronx,Manhattan,12,Saturday,19,18.84
green,Bronx,Manhattan,12,Saturday,20,19.78
green,Bronx,Manhattan,12,Saturday,21,20.81
green,Bronx,Manhattan,12,Saturday,22,21.08
green,Bronx,Manhattan,12,Saturday,23,17.96
green,Bronx,Manhattan,12,Sunday,0,17.63
green,Bronx,Manhattan,12,Sunday,1,15.73
green,Bronx,Manhattan,12,Sunday,2,16.41
green,Bronx,Manhattan,12,Sunday,3,17.38
green,Bronx,Manhattan,12,Sunday,4,17.28
green,Bronx,Manhattan,12,Sunday,5,18.22
green,Bronx,Manhattan,12,Sunday,6,21.68
green,Bronx,Manhattan,12,Sunday,7,18.9
green,Bronx,Manhattan,12,Sunday,8,18.63
green,Bronx,Manhattan,12,Sunday,9,20.05
green,Bronx,Manhattan,12,Sunday,10,19.6
green,Bronx,Manhattan,12,Sunday,11,18.76
green,Bronx,Manhattan,12,Sunday,12,19
green,Bronx,Manhattan,12,Sunday,13,20.68
green,Bronx,Manhattan,12,Sunday,14,19.99
green,Bronx,Manhattan,12,Sunday,15,20.91
green,Bronx,Manhattan,12,Sunday,16,19.81
green,Bronx,Manhattan,12,Sunday,17,18.11
green,Bronx,Manhattan,12,Sunday,18,18.29
green,Bronx,Manhattan,12,Sunday,19,16.26
green,Bronx,Manhattan,12,Sunday,20,17.78
green,Bronx,Manhattan,12,Sunday,21,16.64
green,Bronx,Manhattan,12,Sunday,22,17.05
green,Bronx,Manhattan,12,Sunday,23,16.39
green,Bronx,Manhattan,12,Thursday,0,17.69
green,Bronx,Manhattan,12,Thursday,1,14.7
green,Bronx,Manhattan,12,Thursday,2,15.27
green,Bronx,Manhattan,12,Thursday,3,16.56
green,Bronx,Manhattan,12,Thursday,4,17.43
green,Bronx,Manhattan,12,Thursday,5,23.47
green,Bronx,Manhattan,12,Thursday,6,27.21
green,Bronx,Manhattan,12,Thursday,7,20.52
green,Bronx,Manhattan,12,Thursday,8,20.44
green,Bronx,Manhattan,12,Thursday,9,22.89
green,Bronx,Manhattan,12,Thursday,10,22.55
green,Bronx,Manhattan,12,Thursday,11,22.28
green,Bronx,Manhattan,12,Thursday,12,21.19
green,Bronx,Manhattan,12,Thursday,13,20.02
green,Bronx,Manhattan,12,Thursday,14,20.21
green,Bronx,Manhattan,12,Thursday,15,20.79
green,Bronx,Manhattan,12,Thursday,16,21.02
green,Bronx,Manhattan,12,Thursday,17,20.88
green,Bronx,Manhattan,12,Thursday,18,19.84
green,Bronx,Manhattan,12,Thursday,19,18.73
green,Bronx,Manhattan,12,Thursday,20,18
green,Bronx,Manhattan,12,Thursday,21,17.4
green,Bronx,Manhattan,12,Thursday,22,18.28
green,Bronx,Manhattan,12,Thursday,23,17.1
green,Bronx,Manhattan,12,Tuesday,0,16.91
green,Bronx,Manhattan,12,Tuesday,1,15.05
green,Bronx,Manhattan,12,Tuesday,2,14.79
green,Bronx,Manhattan,12,Tuesday,3,18.49
green,Bronx,Manhattan,12,Tuesday,4,19.49
green,Bronx,Manhattan,12,Tuesday,5,26.23
green,Bronx,Manhattan,12,Tuesday,6,24.4
green,Bronx,Manhattan,12,Tuesday,7,20.76
green,Bronx,Manhattan,12,Tuesday,8,18.92
green,Bronx,Manhattan,12,Tuesday,9,20.74
green,Bronx,Manhattan,12,Tuesday,10,21.08
green,Bronx,Manhattan,12,Tuesday,11,20.94
green,Bronx,Manhattan,12,Tuesday,12,20.52
green,Bronx,Manhattan,12,Tuesday,13,20.29
green,Bronx,Manhattan,12,Tuesday,14,20.3
green,Bronx,Manhattan,12,Tuesday,15,19.99
green,Bronx,Manhattan,12,Tuesday,16,21.14
green,Bronx,Manhattan,12,Tuesday,17,20.25
green,Bronx,Manhattan,12,Tuesday,18,19.71
green,Bronx,Manhattan,12,Tuesday,19,17.65
green,Bronx,Manhattan,12,Tuesday,20,17.8
green,Bronx,Manhattan,12,Tuesday,21,18.1
green,Bronx,Manhattan,12,Tuesday,22,17.46
green,Bronx,Manhattan,12,Tuesday,23,17.67
green,Bronx,Manhattan,12,Wednesday,0,18.3
green,Bronx,Manhattan,12,Wednesday,1,13.88
green,Bronx,Manhattan,12,Wednesday,2,13.7
green,Bronx,Manhattan,12,Wednesday,3,18.58
green,Bronx,Manhattan,12,Wednesday,4,20.52
green,Bronx,Manhattan,12,Wednesday,5,24.52
green,Bronx,Manhattan,12,Wednesday,6,26.02
green,Bronx,Manhattan,12,Wednesday,7,21.76
green,Bronx,Manhattan,12,Wednesday,8,20.56
green,Bronx,Manhattan,12,Wednesday,9,21.36
green,Bronx,Manhattan,12,Wednesday,10,21
green,Bronx,Manhattan,12,Wednesday,11,22.09
green,Bronx,Manhattan,12,Wednesday,12,20.89
green,Bronx,Manhattan,12,Wednesday,13,20.56
green,Bronx,Manhattan,12,Wednesday,14,20.48
green,Bronx,Manhattan,12,Wednesday,15,20.52
green,Bronx,Manhattan,12,Wednesday,16,20.88
green,Bronx,Manhattan,12,Wednesday,17,20.53
green,Bronx,Manhattan,12,Wednesday,18,19.01
green,Bronx,Manhattan,12,Wednesday,19,18.32
green,Bronx,Manhattan,12,Wednesday,20,17.89
green,Bronx,Manhattan,12,Wednesday,21,18.11
green,Bronx,Manhattan,12,Wednesday,22,17.26
green,Bronx,Manhattan,12,Wednesday,23,16.78
green,Bronx,Queens,1,Friday,0,39.4
green,Bronx,Queens,1,Friday,1,42.75
green,Bronx,Queens,1,Friday,2,41.86
green,Bronx,Queens,1,Friday,3,43.87
green,Bronx,Queens,1,Friday,4,42.36
green,Bronx,Queens,1,Friday,5,50.43
green,Bronx,Queens,1,Friday,6,50.64
green,Bronx,Queens,1,Friday,7,43.34
green,Bronx,Queens,1,Friday,8,48.35
green,Bronx,Queens,1,Friday,9,43.09
green,Bronx,Queens,1,Friday,10,45.56
green,Bronx,Queens,1,Friday,11,42.9
green,Bronx,Queens,1,Friday,12,44.92
green,Bronx,Queens,1,Friday,13,44.76
green,Bronx,Queens,1,Friday,14,48.27
green,Bronx,Queens,1,Friday,15,48.28
green,Bronx,Queens,1,Friday,16,48.23
green,Bronx,Queens,1,Friday,17,52.27
green,Bronx,Queens,1,Friday,18,56.11
green,Bronx,Queens,1,Friday,19,46.2
green,Bronx,Queens,1,Friday,20,44.8
green,Bronx,Queens,1,Friday,21,38.27
green,Bronx,Queens,1,Friday,22,39.27
green,Bronx,Queens,1,Friday,23,40.56
green,Bronx,Queens,1,Monday,0,35.73
green,Bronx,Queens,1,Monday,1,39.55
green,Bronx,Queens,1,Monday,2,47.84
green,Bronx,Queens,1,Monday,3,36.05
green,Bronx,Queens,1,Monday,4,43.48
green,Bronx,Queens,1,Monday,5,50.48
green,Bronx,Queens,1,Monday,6,51.11
green,Bronx,Queens,1,Monday,7,44.93
green,Bronx,Queens,1,Monday,8,42.87
green,Bronx,Queens,1,Monday,9,50.46
green,Bronx,Queens,1,Monday,10,43.56
green,Bronx,Queens,1,Monday,11,40.97
green,Bronx,Queens,1,Monday,12,42.9
green,Bronx,Queens,1,Monday,13,47.99
green,Bronx,Queens,1,Monday,14,49.86
green,Bronx,Queens,1,Monday,15,51.52
green,Bronx,Queens,1,Monday,16,50.09
green,Bronx,Queens,1,Monday,17,51.5
green,Bronx,Queens,1,Monday,18,52.11
green,Bronx,Queens,1,Monday,19,49.93
green,Bronx,Queens,1,Monday,20,39.76
green,Bronx,Queens,1,Monday,21,40.05
green,Bronx,Queens,1,Monday,22,34.53
green,Bronx,Queens,1,Monday,23,48.73
green,Bronx,Queens,1,Saturday,0,37.13
green,Bronx,Queens,1,Saturday,1,38.02
green,Bronx,Queens,1,Saturday,2,37.79
green,Bronx,Queens,1,Saturday,3,43.62
green,Bronx,Queens,1,Saturday,4,37.51
green,Bronx,Queens,1,Saturday,5,41.38
green,Bronx,Queens,1,Saturday,6,47.14
green,Bronx,Queens,1,Saturday,7,46.27
green,Bronx,Queens,1,Saturday,8,49.47
green,Bronx,Queens,1,Saturday,9,43.3
green,Bronx,Queens,1,Saturday,10,43.1
green,Bronx,Queens,1,Saturday,11,43.39
green,Bronx,Queens,1,Saturday,12,41.93
green,Bronx,Queens,1,Saturday,13,50.9
green,Bronx,Queens,1,Saturday,14,46.55
green,Bronx,Queens,1,Saturday,15,45.22
green,Bronx,Queens,1,Saturday,16,46.6
green,Bronx,Queens,1,Saturday,17,41.87
green,Bronx,Queens,1,Saturday,18,47.74
green,Bronx,Queens,1,Saturday,19,44.93
green,Bronx,Queens,1,Saturday,20,41.43
green,Bronx,Queens,1,Saturday,21,42.44
green,Bronx,Queens,1,Saturday,22,39.63
green,Bronx,Queens,1,Saturday,23,37.78
green,Bronx,Queens,1,Sunday,0,40.22
green,Bronx,Queens,1,Sunday,1,39.15
green,Bronx,Queens,1,Sunday,2,34.82
green,Bronx,Queens,1,Sunday,3,41.32
green,Bronx,Queens,1,Sunday,4,42.63
green,Bronx,Queens,1,Sunday,5,47.95
green,Bronx,Queens,1,Sunday,6,43.99
green,Bronx,Queens,1,Sunday,7,37.84
green,Bronx,Queens,1,Sunday,8,45.46
green,Bronx,Queens,1,Sunday,9,48.47
green,Bronx,Queens,1,Sunday,10,43.96
green,Bronx,Queens,1,Sunday,11,45.36
green,Bronx,Queens,1,Sunday,12,44.53
green,Bronx,Queens,1,Sunday,13,44.69
green,Bronx,Queens,1,Sunday,14,49.33
green,Bronx,Queens,1,Sunday,15,48.01
green,Bronx,Queens,1,Sunday,16,47.39
green,Bronx,Queens,1,Sunday,17,48.24
green,Bronx,Queens,1,Sunday,18,46.19
green,Bronx,Queens,1,Sunday,19,49.18
green,Bronx,Queens,1,Sunday,20,42.51
green,Bronx,Queens,1,Sunday,21,43.57
green,Bronx,Queens,1,Sunday,22,42.26
green,Bronx,Queens,1,Sunday,23,40.95
green,Bronx,Queens,1,Thursday,0,39.83
green,Bronx,Queens,1,Thursday,1,46.92
green,Bronx,Queens,1,Thursday,2,46
green,Bronx,Queens,1,Thursday,3,41.84
green,Bronx,Queens,1,Thursday,4,40.76
green,Bronx,Queens,1,Thursday,5,50.18
green,Bronx,Queens,1,Thursday,6,49.48
green,Bronx,Queens,1,Thursday,7,44.25
green,Bronx,Queens,1,Thursday,8,47.22
green,Bronx,Queens,1,Thursday,9,49.07
green,Bronx,Queens,1,Thursday,10,43.07
green,Bronx,Queens,1,Thursday,11,45.92
green,Bronx,Queens,1,Thursday,12,46.98
green,Bronx,Queens,1,Thursday,13,47.28
green,Bronx,Queens,1,Thursday,14,47.68
green,Bronx,Queens,1,Thursday,15,49.3
green,Bronx,Queens,1,Thursday,16,49.98
green,Bronx,Queens,1,Thursday,17,46.4
green,Bronx,Queens,1,Thursday,18,51.36
green,Bronx,Queens,1,Thursday,19,43.75
green,Bronx,Queens,1,Thursday,20,44.57
green,Bronx,Queens,1,Thursday,21,45.11
green,Bronx,Queens,1,Thursday,22,40.18
green,Bronx,Queens,1,Thursday,23,39.69
green,Bronx,Queens,1,Tuesday,0,41.62
green,Bronx,Queens,1,Tuesday,1,42.51
green,Bronx,Queens,1,Tuesday,2,42.7
green,Bronx,Queens,1,Tuesday,3,50.63
green,Bronx,Queens,1,Tuesday,4,49.84
green,Bronx,Queens,1,Tuesday,5,49.19
green,Bronx,Queens,1,Tuesday,6,47.91
green,Bronx,Queens,1,Tuesday,7,41.24
green,Bronx,Queens,1,Tuesday,8,43.65
green,Bronx,Queens,1,Tuesday,9,45.42
green,Bronx,Queens,1,Tuesday,10,45.01
green,Bronx,Queens,1,Tuesday,11,44.68
green,Bronx,Queens,1,Tuesday,12,48.94
green,Bronx,Queens,1,Tuesday,13,44.63
green,Bronx,Queens,1,Tuesday,14,48.78
green,Bronx,Queens,1,Tuesday,15,52.73
green,Bronx,Queens,1,Tuesday,16,50.45
green,Bronx,Queens,1,Tuesday,17,51.15
green,Bronx,Queens,1,Tuesday,18,49.76
green,Bronx,Queens,1,Tuesday,19,46.78
green,Bronx,Queens,1,Tuesday,20,48.3
green,Bronx,Queens,1,Tuesday,21,38.44
green,Bronx,Queens,1,Tuesday,22,42.25
green,Bronx,Queens,1,Tuesday,23,37.41
green,Bronx,Queens,1,Wednesday,0,46.2
green,Bronx,Queens,1,Wednesday,1,42.05
green,Bronx,Queens,1,Wednesday,2,43.14
green,Bronx,Queens,1,Wednesday,3,36.79
green,Bronx,Queens,1,Wednesday,4,47.27
green,Bronx,Queens,1,Wednesday,5,50.25
green,Bronx,Queens,1,Wednesday,6,49.84
green,Bronx,Queens,1,Wednesday,7,45.78
green,Bronx,Queens,1,Wednesday,8,46.53
green,Bronx,Queens,1,Wednesday,9,44.39
green,Bronx,Queens,1,Wednesday,10,42.8
green,Bronx,Queens,1,Wednesday,11,44.45
green,Bronx,Queens,1,Wednesday,12,47.47
green,Bronx,Queens,1,Wednesday,13,48.19
green,Bronx,Queens,1,Wednesday,14,48.25
green,Bronx,Queens,1,Wednesday,15,49.19
green,Bronx,Queens,1,Wednesday,16,51.27
green,Bronx,Queens,1,Wednesday,17,50.75
green,Bronx,Queens,1,Wednesday,18,48.14
green,Bronx,Queens,1,Wednesday,19,47.9
green,Bronx,Queens,1,Wednesday,20,43.41
green,Bronx,Queens,1,Wednesday,21,43.4
green,Bronx,Queens,1,Wednesday,22,41.73
green,Bronx,Queens,1,Wednesday,23,42.89
green,Bronx,Queens,2,Friday,0,44.92
green,Bronx,Queens,2,Friday,1,40.85
green,Bronx,Queens,2,Friday,2,46.77
green,Bronx,Queens,2,Friday,3,42.68
green,Bronx,Queens,2,Friday,4,46.67
green,Bronx,Queens,2,Friday,5,45.58
green,Bronx,Queens,2,Friday,6,52.55
green,Bronx,Queens,2,Friday,7,45.93
green,Bronx,Queens,2,Friday,8,42.49
green,Bronx,Queens,2,Friday,9,38.38
green,Bronx,Queens,2,Friday,10,40.75
green,Bronx,Queens,2,Friday,11,45.02
green,Bronx,Queens,2,Friday,12,45.57
green,Bronx,Queens,2,Friday,13,45.77
green,Bronx,Queens,2,Friday,14,47.39
green,Bronx,Queens,2,Friday,15,52.85
green,Bronx,Queens,2,Friday,16,46.68
green,Bronx,Queens,2,Friday,17,53.61
green,Bronx,Queens,2,Friday,18,46.86
green,Bronx,Queens,2,Friday,19,47.89
green,Bronx,Queens,2,Friday,20,44.27
green,Bronx,Queens,2,Friday,21,43.04
green,Bronx,Queens,2,Friday,22,37.66
green,Bronx,Queens,2,Friday,23,39.96
green,Bronx,Queens,2,Monday,0,38.4
green,Bronx,Queens,2,Monday,1,39.14
green,Bronx,Queens,2,Monday,2,39.58
green,Bronx,Queens,2,Monday,3,48.98
green,Bronx,Queens,2,Monday,4,47.29
green,Bronx,Queens,2,Monday,5,48.75
green,Bronx,Queens,2,Monday,6,49.3
green,Bronx,Queens,2,Monday,7,46.84
green,Bronx,Queens,2,Monday,8,47.13
green,Bronx,Queens,2,Monday,9,46.51
green,Bronx,Queens,2,Monday,10,46.5
green,Bronx,Queens,2,Monday,11,43.45
green,Bronx,Queens,2,Monday,12,45.59
green,Bronx,Queens,2,Monday,13,47.69
green,Bronx,Queens,2,Monday,14,46.79
green,Bronx,Queens,2,Monday,15,50.06
green,Bronx,Queens,2,Monday,16,49.05
green,Bronx,Queens,2,Monday,17,50.12
green,Bronx,Queens,2,Monday,18,52.04
green,Bronx,Queens,2,Monday,19,45.86
green,Bronx,Queens,2,Monday,20,42.87
green,Bronx,Queens,2,Monday,21,46.6
green,Bronx,Queens,2,Monday,22,33.76
green,Bronx,Queens,2,Monday,23,43.02
green,Bronx,Queens,2,Saturday,0,35.1
green,Bronx,Queens,2,Saturday,1,34
green,Bronx,Queens,2,Saturday,2,41.93
green,Bronx,Queens,2,Saturday,3,43.88
green,Bronx,Queens,2,Saturday,4,44.61
green,Bronx,Queens,2,Saturday,5,44.69
green,Bronx,Queens,2,Saturday,6,39.76
green,Bronx,Queens,2,Saturday,7,46.56
green,Bronx,Queens,2,Saturday,8,45.8
green,Bronx,Queens,2,Saturday,9,37.21
green,Bronx,Queens,2,Saturday,10,43.94
green,Bronx,Queens,2,Saturday,11,45.55
green,Bronx,Queens,2,Saturday,12,42.36
green,Bronx,Queens,2,Saturday,13,46.13
green,Bronx,Queens,2,Saturday,14,45.24
green,Bronx,Queens,2,Saturday,15,41.59
green,Bronx,Queens,2,Saturday,16,45.79
green,Bronx,Queens,2,Saturday,17,45.58
green,Bronx,Queens,2,Saturday,18,44.32
green,Bronx,Queens,2,Saturday,19,44.2
green,Bronx,Queens,2,Saturday,20,43.64
green,Bronx,Queens,2,Saturday,21,39.04
green,Bronx,Queens,2,Saturday,22,40.59
green,Bronx,Queens,2,Saturday,23,39.03
green,Bronx,Queens,2,Sunday,0,37.75
green,Bronx,Queens,2,Sunday,1,39.32
green,Bronx,Queens,2,Sunday,2,39
green,Bronx,Queens,2,Sunday,3,42.16
green,Bronx,Queens,2,Sunday,4,40.52
green,Bronx,Queens,2,Sunday,5,44.4
green,Bronx,Queens,2,Sunday,6,48.57
green,Bronx,Queens,2,Sunday,7,48.42
green,Bronx,Queens,2,Sunday,8,47.76
green,Bronx,Queens,2,Sunday,9,47.33
green,Bronx,Queens,2,Sunday,10,46.23
green,Bronx,Queens,2,Sunday,11,46.03
green,Bronx,Queens,2,Sunday,12,46.47
green,Bronx,Queens,2,Sunday,13,47.86
green,Bronx,Queens,2,Sunday,14,43.06
green,Bronx,Queens,2,Sunday,15,49.32
green,Bronx,Queens,2,Sunday,16,46.36
green,Bronx,Queens,2,Sunday,17,45.42
green,Bronx,Queens,2,Sunday,18,44.89
green,Bronx,Queens,2,Sunday,19,50.24
green,Bronx,Queens,2,Sunday,20,46.1
green,Bronx,Queens,2,Sunday,21,41.36
green,Bronx,Queens,2,Sunday,22,37.57
green,Bronx,Queens,2,Sunday,23,46.98
green,Bronx,Queens,2,Thursday,0,48.2
green,Bronx,Queens,2,Thursday,1,47.93
green,Bronx,Queens,2,Thursday,2,50.55
green,Bronx,Queens,2,Thursday,3,40.57
green,Bronx,Queens,2,Thursday,4,46.12
green,Bronx,Queens,2,Thursday,5,50.75
green,Bronx,Queens,2,Thursday,6,50.76
green,Bronx,Queens,2,Thursday,7,42.93
green,Bronx,Queens,2,Thursday,8,44.98
green,Bronx,Queens,2,Thursday,9,42.94
green,Bronx,Queens,2,Thursday,10,40.38
green,Bronx,Queens,2,Thursday,11,48.35
green,Bronx,Queens,2,Thursday,12,45.75
green,Bronx,Queens,2,Thursday,13,40.26
green,Bronx,Queens,2,Thursday,14,46.14
green,Bronx,Queens,2,Thursday,15,48.1
green,Bronx,Queens,2,Thursday,16,55.7
green,Bronx,Queens,2,Thursday,17,48.53
green,Bronx,Queens,2,Thursday,18,48.92
green,Bronx,Queens,2,Thursday,19,48.79
green,Bronx,Queens,2,Thursday,20,44.52
green,Bronx,Queens,2,Thursday,21,45.98
green,Bronx,Queens,2,Thursday,22,37.07
green,Bronx,Queens,2,Thursday,23,39.6
green,Bronx,Queens,2,Tuesday,0,37.12
green,Bronx,Queens,2,Tuesday,1,36.47
green,Bronx,Queens,2,Tuesday,2,31.46
green,Bronx,Queens,2,Tuesday,3,30.38
green,Bronx,Queens,2,Tuesday,4,45.59
green,Bronx,Queens,2,Tuesday,5,52.06
green,Bronx,Queens,2,Tuesday,6,49.76
green,Bronx,Queens,2,Tuesday,7,45.65
green,Bronx,Queens,2,Tuesday,8,43.73
green,Bronx,Queens,2,Tuesday,9,45.64
green,Bronx,Queens,2,Tuesday,10,42.49
green,Bronx,Queens,2,Tuesday,11,41.89
green,Bronx,Queens,2,Tuesday,12,44.79
green,Bronx,Queens,2,Tuesday,13,45.39
green,Bronx,Queens,2,Tuesday,14,49.84
green,Bronx,Queens,2,Tuesday,15,48.87
green,Bronx,Queens,2,Tuesday,16,48.48
green,Bronx,Queens,2,Tuesday,17,51.46
green,Bronx,Queens,2,Tuesday,18,40.99
green,Bronx,Queens,2,Tuesday,19,46.3
green,Bronx,Queens,2,Tuesday,20,42.04
green,Bronx,Queens,2,Tuesday,21,42.34
green,Bronx,Queens,2,Tuesday,22,40.87
green,Bronx,Queens,2,Tuesday,23,39.77
green,Bronx,Queens,2,Wednesday,0,46.62
green,Bronx,Queens,2,Wednesday,1,45.93
green,Bronx,Queens,2,Wednesday,2,49.08
green,Bronx,Queens,2,Wednesday,3,32.86
green,Bronx,Queens,2,Wednesday,4,43.68
green,Bronx,Queens,2,Wednesday,5,49.06
green,Bronx,Queens,2,Wednesday,6,49.83
green,Bronx,Queens,2,Wednesday,7,47.41
green,Bronx,Queens,2,Wednesday,8,43.12
green,Bronx,Queens,2,Wednesday,9,45.08
green,Bronx,Queens,2,Wednesday,10,50.57
green,Bronx,Queens,2,Wednesday,11,47.66
green,Bronx,Queens,2,Wednesday,12,44.12
green,Bronx,Queens,2,Wednesday,13,44.4
green,Bronx,Queens,2,Wednesday,14,49.46
green,Bronx,Queens,2,Wednesday,15,51.76
green,Bronx,Queens,2,Wednesday,16,51.11
green,Bronx,Queens,2,Wednesday,17,55.74
green,Bronx,Queens,2,Wednesday,18,48.68
green,Bronx,Queens,2,Wednesday,19,45.88
green,Bronx,Queens,2,Wednesday,20,46.68
green,Bronx,Queens,2,Wednesday,21,38.77
green,Bronx,Queens,2,Wednesday,22,44.81
green,Bronx,Queens,2,Wednesday,23,37.91
green,Bronx,Queens,3,Friday,0,39.12
green,Bronx,Queens,3,Friday,1,40.2
green,Bronx,Queens,3,Friday,2,40.73
green,Bronx,Queens,3,Friday,3,54.27
green,Bronx,Queens,3,Friday,4,44.29
green,Bronx,Queens,3,Friday,5,49.37
green,Bronx,Queens,3,Friday,6,51.09
green,Bronx,Queens,3,Friday,7,45.28
green,Bronx,Queens,3,Friday,8,45.85
green,Bronx,Queens,3,Friday,9,42.16
green,Bronx,Queens,3,Friday,10,45.53
green,Bronx,Queens,3,Friday,11,40.99
green,Bronx,Queens,3,Friday,12,45.9
green,Bronx,Queens,3,Friday,13,43.57
green,Bronx,Queens,3,Friday,14,50.05
green,Bronx,Queens,3,Friday,15,53.49
green,Bronx,Queens,3,Friday,16,50.39
green,Bronx,Queens,3,Friday,17,51.2
green,Bronx,Queens,3,Friday,18,50.01
green,Bronx,Queens,3,Friday,19,46.18
green,Bronx,Queens,3,Friday,20,49.43
green,Bronx,Queens,3,Friday,21,42.7
green,Bronx,Queens,3,Friday,22,43.67
green,Bronx,Queens,3,Friday,23,40.52
green,Bronx,Queens,3,Monday,0,37.36
green,Bronx,Queens,3,Monday,1,29.61
green,Bronx,Queens,3,Monday,2,36.4
green,Bronx,Queens,3,Monday,3,39.63
green,Bronx,Queens,3,Monday,4,42.24
green,Bronx,Queens,3,Monday,5,46.46
green,Bronx,Queens,3,Monday,6,48.81
green,Bronx,Queens,3,Monday,7,44.21
green,Bronx,Queens,3,Monday,8,49.5
green,Bronx,Queens,3,Monday,9,46.12
green,Bronx,Queens,3,Monday,10,48.06
green,Bronx,Queens,3,Monday,11,45.49
green,Bronx,Queens,3,Monday,12,43.33
green,Bronx,Queens,3,Monday,13,43.2
green,Bronx,Queens,3,Monday,14,47.21
green,Bronx,Queens,3,Monday,15,47.15
green,Bronx,Queens,3,Monday,16,46.68
green,Bronx,Queens,3,Monday,17,53.54
green,Bronx,Queens,3,Monday,18,50.78
green,Bronx,Queens,3,Monday,19,53.63
green,Bronx,Queens,3,Monday,20,46.14
green,Bronx,Queens,3,Monday,21,45.32
green,Bronx,Queens,3,Monday,22,37.32
green,Bronx,Queens,3,Monday,23,45.54
green,Bronx,Queens,3,Saturday,0,40.96
green,Bronx,Queens,3,Saturday,1,38.53
green,Bronx,Queens,3,Saturday,2,44.18
green,Bronx,Queens,3,Saturday,3,42.57
green,Bronx,Queens,3,Saturday,4,46.28
green,Bronx,Queens,3,Saturday,5,41.68
green,Bronx,Queens,3,Saturday,6,44.24
green,Bronx,Queens,3,Saturday,7,43.9
green,Bronx,Queens,3,Saturday,8,47.58
green,Bronx,Queens,3,Saturday,9,45.44
green,Bronx,Queens,3,Saturday,10,45.57
green,Bronx,Queens,3,Saturday,11,48.5
green,Bronx,Queens,3,Saturday,12,46.95
green,Bronx,Queens,3,Saturday,13,45.7
green,Bronx,Queens,3,Saturday,14,45.13
green,Bronx,Queens,3,Saturday,15,47.29
green,Bronx,Queens,3,Saturday,16,45.99
green,Bronx,Queens,3,Saturday,17,45.11
green,Bronx,Queens,3,Saturday,18,45.51
green,Bronx,Queens,3,Saturday,19,49.08
green,Bronx,Queens,3,Saturday,20,43.97
green,Bronx,Queens,3,Saturday,21,40.79
green,Bronx,Queens,3,Saturday,22,42.44
green,Bronx,Queens,3,Saturday,23,39.42
green,Bronx,Queens,3,Sunday,0,39
green,Bronx,Queens,3,Sunday,1,37.83
green,Bronx,Queens,3,Sunday,2,38.44
green,Bronx,Queens,3,Sunday,3,45.41
green,Bronx,Queens,3,Sunday,4,44.73
green,Bronx,Queens,3,Sunday,5,46.11
green,Bronx,Queens,3,Sunday,6,39.65
green,Bronx,Queens,3,Sunday,7,40.93
green,Bronx,Queens,3,Sunday,8,43.78
green,Bronx,Queens,3,Sunday,9,48.54
green,Bronx,Queens,3,Sunday,10,53.04
green,Bronx,Queens,3,Sunday,11,45.45
green,Bronx,Queens,3,Sunday,12,45.8
green,Bronx,Queens,3,Sunday,13,42.89
green,Bronx,Queens,3,Sunday,14,48.8
green,Bronx,Queens,3,Sunday,15,47.96
green,Bronx,Queens,3,Sunday,16,45.95
green,Bronx,Queens,3,Sunday,17,41.81
green,Bronx,Queens,3,Sunday,18,41.79
green,Bronx,Queens,3,Sunday,19,46.73
green,Bronx,Queens,3,Sunday,20,46.28
green,Bronx,Queens,3,Sunday,21,43.09
green,Bronx,Queens,3,Sunday,22,37.12
green,Bronx,Queens,3,Sunday,23,40.53
green,Bronx,Queens,3,Thursday,0,40.45
green,Bronx,Queens,3,Thursday,1,39.18
green,Bronx,Queens,3,Thursday,2,34.38
green,Bronx,Queens,3,Thursday,3,45.45
green,Bronx,Queens,3,Thursday,4,43.77
green,Bronx,Queens,3,Thursday,5,51.31
green,Bronx,Queens,3,Thursday,6,50.34
green,Bronx,Queens,3,Thursday,7,41.96
green,Bronx,Queens,3,Thursday,8,44.43
green,Bronx,Queens,3,Thursday,9,45.74
green,Bronx,Queens,3,Thursday,10,41.1
green,Bronx,Queens,3,Thursday,11,45.58
green,Bronx,Queens,3,Thursday,12,52.51
green,Bronx,Queens,3,Thursday,13,45.08
green,Bronx,Queens,3,Thursday,14,45.35
green,Bronx,Queens,3,Thursday,15,47.42
green,Bronx,Queens,3,Thursday,16,51.8
green,Bronx,Queens,3,Thursday,17,49.42
green,Bronx,Queens,3,Thursday,18,48.86
green,Bronx,Queens,3,Thursday,19,47
green,Bronx,Queens,3,Thursday,20,47.49
green,Bronx,Queens,3,Thursday,21,41.11
green,Bronx,Queens,3,Thursday,22,40.91
green,Bronx,Queens,3,Thursday,23,41.27
green,Bronx,Queens,3,Tuesday,0,36.14
green,Bronx,Queens,3,Tuesday,1,38.35
green,Bronx,Queens,3,Tuesday,2,41.12
green,Bronx,Queens,3,Tuesday,3,47.71
green,Bronx,Queens,3,Tuesday,4,40.47
green,Bronx,Queens,3,Tuesday,5,45.64
green,Bronx,Queens,3,Tuesday,6,50.48
green,Bronx,Queens,3,Tuesday,7,43.69
green,Bronx,Queens,3,Tuesday,8,42.97
green,Bronx,Queens,3,Tuesday,9,45.52
green,Bronx,Queens,3,Tuesday,10,43.28
green,Bronx,Queens,3,Tuesday,11,43.78
green,Bronx,Queens,3,Tuesday,12,43.82
green,Bronx,Queens,3,Tuesday,13,42.95
green,Bronx,Queens,3,Tuesday,14,43.39
green,Bronx,Queens,3,Tuesday,15,49.22
green,Bronx,Queens,3,Tuesday,16,49.78
green,Bronx,Queens,3,Tuesday,17,51.23
green,Bronx,Queens,3,Tuesday,18,43.15
green,Bronx,Queens,3,Tuesday,19,44.64
green,Bronx,Queens,3,Tuesday,20,43.18
green,Bronx,Queens,3,Tuesday,21,42.22
green,Bronx,Queens,3,Tuesday,22,38.7
green,Bronx,Queens,3,Tuesday,23,39.69
green,Bronx,Queens,3,Wednesday,0,37.21
green,Bronx,Queens,3,Wednesday,1,36.48
green,Bronx,Queens,3,Wednesday,2,42.32
green,Bronx,Queens,3,Wednesday,3,46.93
green,Bronx,Queens,3,Wednesday,4,47.55
green,Bronx,Queens,3,Wednesday,5,48.08
green,Bronx,Queens,3,Wednesday,6,51.99
green,Bronx,Queens,3,Wednesday,7,46.27
green,Bronx,Queens,3,Wednesday,8,47.5
green,Bronx,Queens,3,Wednesday,9,45.4
green,Bronx,Queens,3,Wednesday,10,45.4
green,Bronx,Queens,3,Wednesday,11,44.62
green,Bronx,Queens,3,Wednesday,12,48.63
green,Bronx,Queens,3,Wednesday,13,46.68
green,Bronx,Queens,3,Wednesday,14,45.21
green,Bronx,Queens,3,Wednesday,15,49.6
green,Bronx,Queens,3,Wednesday,16,51.85
green,Bronx,Queens,3,Wednesday,17,47.47
green,Bronx,Queens,3,Wednesday,18,51.97
green,Bronx,Queens,3,Wednesday,19,40.52
green,Bronx,Queens,3,Wednesday,20,45.66
green,Bronx,Queens,3,Wednesday,21,44.88
green,Bronx,Queens,3,Wednesday,22,43.17
green,Bronx,Queens,3,Wednesday,23,50.51
green,Bronx,Queens,4,Friday,0,42.25
green,Bronx,Queens,4,Friday,1,34.76
green,Bronx,Queens,4,Friday,2,48.33
green,Bronx,Queens,4,Friday,3,46.37
green,Bronx,Queens,4,Friday,4,46.61
green,Bronx,Queens,4,Friday,5,47.68
green,Bronx,Queens,4,Friday,6,50.47
green,Bronx,Queens,4,Friday,7,46.26
green,Bronx,Queens,4,Friday,8,44.54
green,Bronx,Queens,4,Friday,9,43.16
green,Bronx,Queens,4,Friday,10,44.43
green,Bronx,Queens,4,Friday,11,43.8
green,Bronx,Queens,4,Friday,12,43.11
green,Bronx,Queens,4,Friday,13,47.3
green,Bronx,Queens,4,Friday,14,50.64
green,Bronx,Queens,4,Friday,15,49.52
green,Bronx,Queens,4,Friday,16,54.05
green,Bronx,Queens,4,Friday,17,49.84
green,Bronx,Queens,4,Friday,18,48.75
green,Bronx,Queens,4,Friday,19,46.24
green,Bronx,Queens,4,Friday,20,45.62
green,Bronx,Queens,4,Friday,21,39.25
green,Bronx,Queens,4,Friday,22,40.62
green,Bronx,Queens,4,Friday,23,40.02
green,Bronx,Queens,4,Monday,0,40.48
green,Bronx,Queens,4,Monday,1,33.84
green,Bronx,Queens,4,Monday,2,37.42
green,Bronx,Queens,4,Monday,3,39.79
green,Bronx,Queens,4,Monday,4,43.43
green,Bronx,Queens,4,Monday,5,49.92
green,Bronx,Queens,4,Monday,6,52.2
green,Bronx,Queens,4,Monday,7,45.19
green,Bronx,Queens,4,Monday,8,44.54
green,Bronx,Queens,4,Monday,9,45.72
green,Bronx,Queens,4,Monday,10,44.34
green,Bronx,Queens,4,Monday,11,40.74
green,Bronx,Queens,4,Monday,12,48.91
green,Bronx,Queens,4,Monday,13,44.75
green,Bronx,Queens,4,Monday,14,47.26
green,Bronx,Queens,4,Monday,15,50.35
green,Bronx,Queens,4,Monday,16,46.98
green,Bronx,Queens,4,Monday,17,47.07
green,Bronx,Queens,4,Monday,18,44.6
green,Bronx,Queens,4,Monday,19,43.28
green,Bronx,Queens,4,Monday,20,41.77
green,Bronx,Queens,4,Monday,21,43.88
green,Bronx,Queens,4,Monday,22,36.54
green,Bronx,Queens,4,Monday,23,40.38
green,Bronx,Queens,4,Saturday,0,37.42
green,Bronx,Queens,4,Saturday,1,37.99
green,Bronx,Queens,4,Saturday,2,41.89
green,Bronx,Queens,4,Saturday,3,43.96
green,Bronx,Queens,4,Saturday,4,39.34
green,Bronx,Queens,4,Saturday,5,44.11
green,Bronx,Queens,4,Saturday,6,38.98
green,Bronx,Queens,4,Saturday,7,47.38
green,Bronx,Queens,4,Saturday,8,46.08
green,Bronx,Queens,4,Saturday,9,43.81
green,Bronx,Queens,4,Saturday,10,43.05
green,Bronx,Queens,4,Saturday,11,43.48
green,Bronx,Queens,4,Saturday,12,45.79
green,Bronx,Queens,4,Saturday,13,46.48
green,Bronx,Queens,4,Saturday,14,42.55
green,Bronx,Queens,4,Saturday,15,45.89
green,Bronx,Queens,4,Saturday,16,42.67
green,Bronx,Queens,4,Saturday,17,44.37
green,Bronx,Queens,4,Saturday,18,40.56
green,Bronx,Queens,4,Saturday,19,44.36
green,Bronx,Queens,4,Saturday,20,41.12
green,Bronx,Queens,4,Saturday,21,42.31
green,Bronx,Queens,4,Saturday,22,42.71
green,Bronx,Queens,4,Saturday,23,41.13
green,Bronx,Queens,4,Sunday,0,40.1
green,Bronx,Queens,4,Sunday,1,38.3
green,Bronx,Queens,4,Sunday,2,42
green,Bronx,Queens,4,Sunday,3,38.66
green,Bronx,Queens,4,Sunday,4,43.06
green,Bronx,Queens,4,Sunday,5,38.7
green,Bronx,Queens,4,Sunday,6,42.45
green,Bronx,Queens,4,Sunday,7,44.23
green,Bronx,Queens,4,Sunday,8,43.14
green,Bronx,Queens,4,Sunday,9,39.97
green,Bronx,Queens,4,Sunday,10,42.2
green,Bronx,Queens,4,Sunday,11,43.14
green,Bronx,Queens,4,Sunday,12,46.11
green,Bronx,Queens,4,Sunday,13,43.51
green,Bronx,Queens,4,Sunday,14,43.77
green,Bronx,Queens,4,Sunday,15,44.72
green,Bronx,Queens,4,Sunday,16,45.64
green,Bronx,Queens,4,Sunday,17,41.36
green,Bronx,Queens,4,Sunday,18,48.51
green,Bronx,Queens,4,Sunday,19,46.52
green,Bronx,Queens,4,Sunday,20,43.72
green,Bronx,Queens,4,Sunday,21,38.57
green,Bronx,Queens,4,Sunday,22,39.98
green,Bronx,Queens,4,Sunday,23,40.29
green,Bronx,Queens,4,Thursday,0,34.74
green,Bronx,Queens,4,Thursday,1,35.77
green,Bronx,Queens,4,Thursday,2,27.87
green,Bronx,Queens,4,Thursday,3,44.15
green,Bronx,Queens,4,Thursday,4,46.23
green,Bronx,Queens,4,Thursday,5,47.22
green,Bronx,Queens,4,Thursday,6,52.05
green,Bronx,Queens,4,Thursday,7,46.78
green,Bronx,Queens,4,Thursday,8,43.43
green,Bronx,Queens,4,Thursday,9,43.12
green,Bronx,Queens,4,Thursday,10,43.51
green,Bronx,Queens,4,Thursday,11,47.94
green,Bronx,Queens,4,Thursday,12,47.78
green,Bronx,Queens,4,Thursday,13,45.03
green,Bronx,Queens,4,Thursday,14,47.02
green,Bronx,Queens,4,Thursday,15,51.4
green,Bronx,Queens,4,Thursday,16,51.87
green,Bronx,Queens,4,Thursday,17,49.09
green,Bronx,Queens,4,Thursday,18,47.61
green,Bronx,Queens,4,Thursday,19,43.57
green,Bronx,Queens,4,Thursday,20,45.67
green,Bronx,Queens,4,Thursday,21,39.43
green,Bronx,Queens,4,Thursday,22,43.24
green,Bronx,Queens,4,Thursday,23,42.29
green,Bronx,Queens,4,Tuesday,0,36.15
green,Bronx,Queens,4,Tuesday,1,34.7
green,Bronx,Queens,4,Tuesday,2,52.84
green,Bronx,Queens,4,Tuesday,3,49.73
green,Bronx,Queens,4,Tuesday,4,47.87
green,Bronx,Queens,4,Tuesday,5,49.91
green,Bronx,Queens,4,Tuesday,6,52.16
green,Bronx,Queens,4,Tuesday,7,43.17
green,Bronx,Queens,4,Tuesday,8,47.12
green,Bronx,Queens,4,Tuesday,9,44.83
green,Bronx,Queens,4,Tuesday,10,46.3
green,Bronx,Queens,4,Tuesday,11,43.17
green,Bronx,Queens,4,Tuesday,12,47.22
green,Bronx,Queens,4,Tuesday,13,41.56
green,Bronx,Queens,4,Tuesday,14,49.01
green,Bronx,Queens,4,Tuesday,15,46.62
green,Bronx,Queens,4,Tuesday,16,47.3
green,Bronx,Queens,4,Tuesday,17,45.83
green,Bronx,Queens,4,Tuesday,18,43.52
green,Bronx,Queens,4,Tuesday,19,46.5
green,Bronx,Queens,4,Tuesday,20,40.97
green,Bronx,Queens,4,Tuesday,21,39.54
green,Bronx,Queens,4,Tuesday,22,38.82
green,Bronx,Queens,4,Tuesday,23,44.07
green,Bronx,Queens,4,Wednesday,0,36.63
green,Bronx,Queens,4,Wednesday,1,32.04
green,Bronx,Queens,4,Wednesday,2,41.31
green,Bronx,Queens,4,Wednesday,3,43.47
green,Bronx,Queens,4,Wednesday,4,44.99
green,Bronx,Queens,4,Wednesday,5,50.51
green,Bronx,Queens,4,Wednesday,6,52.91
green,Bronx,Queens,4,Wednesday,7,44.35
green,Bronx,Queens,4,Wednesday,8,41.32
green,Bronx,Queens,4,Wednesday,9,42.72
green,Bronx,Queens,4,Wednesday,10,46.24
green,Bronx,Queens,4,Wednesday,11,46.28
green,Bronx,Queens,4,Wednesday,12,46.95
green,Bronx,Queens,4,Wednesday,13,47.08
green,Bronx,Queens,4,Wednesday,14,50.62
green,Bronx,Queens,4,Wednesday,15,48.99
green,Bronx,Queens,4,Wednesday,16,50.94
green,Bronx,Queens,4,Wednesday,17,49.44
green,Bronx,Queens,4,Wednesday,18,44
green,Bronx,Queens,4,Wednesday,19,43.67
green,Bronx,Queens,4,Wednesday,20,34.68
green,Bronx,Queens,4,Wednesday,21,41.63
green,Bronx,Queens,4,Wednesday,22,37.85
green,Bronx,Queens,4,Wednesday,23,39.29
green,Bronx,Queens,5,Friday,0,37.79
green,Bronx,Queens,5,Friday,1,35.67
green,Bronx,Queens,5,Friday,2,50.7
green,Bronx,Queens,5,Friday,3,46.72
green,Bronx,Queens,5,Friday,4,48.97
green,Bronx,Queens,5,Friday,5,53.27
green,Bronx,Queens,5,Friday,6,48.99
green,Bronx,Queens,5,Friday,7,49.03
green,Bronx,Queens,5,Friday,8,45.11
green,Bronx,Queens,5,Friday,9,43.8
green,Bronx,Queens,5,Friday,10,49.33
green,Bronx,Queens,5,Friday,11,45.94
green,Bronx,Queens,5,Friday,12,47.2
green,Bronx,Queens,5,Friday,13,44.25
green,Bronx,Queens,5,Friday,14,51.02
green,Bronx,Queens,5,Friday,15,50.27
green,Bronx,Queens,5,Friday,16,51.61
green,Bronx,Queens,5,Friday,17,48.39
green,Bronx,Queens,5,Friday,18,48.78
green,Bronx,Queens,5,Friday,19,43.21
green,Bronx,Queens,5,Friday,20,43.17
green,Bronx,Queens,5,Friday,21,43.52
green,Bronx,Queens,5,Friday,22,39.6
green,Bronx,Queens,5,Friday,23,41.24
green,Bronx,Queens,5,Monday,0,37.58
green,Bronx,Queens,5,Monday,1,38.98
green,Bronx,Queens,5,Monday,2,38.98
green,Bronx,Queens,5,Monday,3,43.94
green,Bronx,Queens,5,Monday,4,45.31
green,Bronx,Queens,5,Monday,5,48.42
green,Bronx,Queens,5,Monday,6,49.53
green,Bronx,Queens,5,Monday,7,46.62
green,Bronx,Queens,5,Monday,8,45.29
green,Bronx,Queens,5,Monday,9,44.07
green,Bronx,Queens,5,Monday,10,48.16
green,Bronx,Queens,5,Monday,11,45.3
green,Bronx,Queens,5,Monday,12,48.14
green,Bronx,Queens,5,Monday,13,48.75
green,Bronx,Queens,5,Monday,14,51.97
green,Bronx,Queens,5,Monday,15,49.69
green,Bronx,Queens,5,Monday,16,50.44
green,Bronx,Queens,5,Monday,17,46.7
green,Bronx,Queens,5,Monday,18,47.12
green,Bronx,Queens,5,Monday,19,49.88
green,Bronx,Queens,5,Monday,20,50.03
green,Bronx,Queens,5,Monday,21,43.2
green,Bronx,Queens,5,Monday,22,37.57
green,Bronx,Queens,5,Monday,23,41.17
green,Bronx,Queens,5,Saturday,0,36.93
green,Bronx,Queens,5,Saturday,1,39.92
green,Bronx,Queens,5,Saturday,2,39.08
green,Bronx,Queens,5,Saturday,3,38.01
green,Bronx,Queens,5,Saturday,4,46.38
green,Bronx,Queens,5,Saturday,5,40.67
green,Bronx,Queens,5,Saturday,6,45.67
green,Bronx,Queens,5,Saturday,7,44.13
green,Bronx,Queens,5,Saturday,8,42.52
green,Bronx,Queens,5,Saturday,9,41.14
green,Bronx,Queens,5,Saturday,10,48.17
green,Bronx,Queens,5,Saturday,11,40.51
green,Bronx,Queens,5,Saturday,12,49.77
green,Bronx,Queens,5,Saturday,13,47.91
green,Bronx,Queens,5,Saturday,14,46.33
green,Bronx,Queens,5,Saturday,15,46.82
green,Bronx,Queens,5,Saturday,16,44.52
green,Bronx,Queens,5,Saturday,17,44.49
green,Bronx,Queens,5,Saturday,18,44.12
green,Bronx,Queens,5,Saturday,19,45.28
green,Bronx,Queens,5,Saturday,20,43.31
green,Bronx,Queens,5,Saturday,21,43.79
green,Bronx,Queens,5,Saturday,22,40.18
green,Bronx,Queens,5,Saturday,23,38.3
green,Bronx,Queens,5,Sunday,0,35.6
green,Bronx,Queens,5,Sunday,1,40.19
green,Bronx,Queens,5,Sunday,2,42.34
green,Bronx,Queens,5,Sunday,3,42.14
green,Bronx,Queens,5,Sunday,4,39.66
green,Bronx,Queens,5,Sunday,5,38.06
green,Bronx,Queens,5,Sunday,6,43.09
green,Bronx,Queens,5,Sunday,7,43.44
green,Bronx,Queens,5,Sunday,8,39.03
green,Bronx,Queens,5,Sunday,9,42.55
green,Bronx,Queens,5,Sunday,10,47.42
green,Bronx,Queens,5,Sunday,11,46.48
green,Bronx,Queens,5,Sunday,12,44.03
green,Bronx,Queens,5,Sunday,13,46.91
green,Bronx,Queens,5,Sunday,14,48.57
green,Bronx,Queens,5,Sunday,15,49.16
green,Bronx,Queens,5,Sunday,16,55.51
green,Bronx,Queens,5,Sunday,17,47.57
green,Bronx,Queens,5,Sunday,18,47.39
green,Bronx,Queens,5,Sunday,19,48.84
green,Bronx,Queens,5,Sunday,20,49.43
green,Bronx,Queens,5,Sunday,21,39.24
green,Bronx,Queens,5,Sunday,22,40.52
green,Bronx,Queens,5,Sunday,23,42.76
green,Bronx,Queens,5,Thursday,0,33.3
green,Bronx,Queens,5,Thursday,1,41.17
green,Bronx,Queens,5,Thursday,2,58.96
green,Bronx,Queens,5,Thursday,3,40.22
green,Bronx,Queens,5,Thursday,4,46.09
green,Bronx,Queens,5,Thursday,5,49.8
green,Bronx,Queens,5,Thursday,6,50.41
green,Bronx,Queens,5,Thursday,7,47.84
green,Bronx,Queens,5,Thursday,8,42.68
green,Bronx,Queens,5,Thursday,9,43.38
green,Bronx,Queens,5,Thursday,10,43.08
green,Bronx,Queens,5,Thursday,11,41.83
green,Bronx,Queens,5,Thursday,12,50.86
green,Bronx,Queens,5,Thursday,13,49.1
green,Bronx,Queens,5,Thursday,14,54.37
green,Bronx,Queens,5,Thursday,15,51.23
green,Bronx,Queens,5,Thursday,16,53.06
green,Bronx,Queens,5,Thursday,17,51.81
green,Bronx,Queens,5,Thursday,18,47.78
green,Bronx,Queens,5,Thursday,19,43.28
green,Bronx,Queens,5,Thursday,20,44.67
green,Bronx,Queens,5,Thursday,21,40.16
green,Bronx,Queens,5,Thursday,22,41.61
green,Bronx,Queens,5,Thursday,23,39
green,Bronx,Queens,5,Tuesday,0,33.11
green,Bronx,Queens,5,Tuesday,1,43.68
green,Bronx,Queens,5,Tuesday,2,41.15
green,Bronx,Queens,5,Tuesday,3,48.11
green,Bronx,Queens,5,Tuesday,4,46.62
green,Bronx,Queens,5,Tuesday,5,46.17
green,Bronx,Queens,5,Tuesday,6,49.79
green,Bronx,Queens,5,Tuesday,7,45.64
green,Bronx,Queens,5,Tuesday,8,45.94
green,Bronx,Queens,5,Tuesday,9,46.94
green,Bronx,Queens,5,Tuesday,10,44.15
green,Bronx,Queens,5,Tuesday,11,44.24
green,Bronx,Queens,5,Tuesday,12,47.34
green,Bronx,Queens,5,Tuesday,13,50.49
green,Bronx,Queens,5,Tuesday,14,50.94
green,Bronx,Queens,5,Tuesday,15,48.24
green,Bronx,Queens,5,Tuesday,16,52.77
green,Bronx,Queens,5,Tuesday,17,50.38
green,Bronx,Queens,5,Tuesday,18,47.74
green,Bronx,Queens,5,Tuesday,19,46.42
green,Bronx,Queens,5,Tuesday,20,41.36
green,Bronx,Queens,5,Tuesday,21,39.17
green,Bronx,Queens,5,Tuesday,22,38.38
green,Bronx,Queens,5,Tuesday,23,41.31
green,Bronx,Queens,5,Wednesday,0,38.24
green,Bronx,Queens,5,Wednesday,1,38.35
green,Bronx,Queens,5,Wednesday,2,44.59
green,Bronx,Queens,5,Wednesday,3,45.65
green,Bronx,Queens,5,Wednesday,4,53.63
green,Bronx,Queens,5,Wednesday,5,47.69
green,Bronx,Queens,5,Wednesday,6,51.45
green,Bronx,Queens,5,Wednesday,7,48.2
green,Bronx,Queens,5,Wednesday,8,47.97
green,Bronx,Queens,5,Wednesday,9,51.71
green,Bronx,Queens,5,Wednesday,10,48.15
green,Bronx,Queens,5,Wednesday,11,47.1
green,Bronx,Queens,5,Wednesday,12,48.01
green,Bronx,Queens,5,Wednesday,13,48.25
green,Bronx,Queens,5,Wednesday,14,53.99
green,Bronx,Queens,5,Wednesday,15,50.7
green,Bronx,Queens,5,Wednesday,16,49.46
green,Bronx,Queens,5,Wednesday,17,51.24
green,Bronx,Queens,5,Wednesday,18,49.42
green,Bronx,Queens,5,Wednesday,19,49.1
green,Bronx,Queens,5,Wednesday,20,50.24
green,Bronx,Queens,5,Wednesday,21,45.3
green,Bronx,Queens,5,Wednesday,22,38.77
green,Bronx,Queens,5,Wednesday,23,41.48
green,Bronx,Queens,6,Friday,0,37.78
green,Bronx,Queens,6,Friday,1,37.94
green,Bronx,Queens,6,Friday,2,46.33
green,Bronx,Queens,6,Friday,3,45.13
green,Bronx,Queens,6,Friday,4,49.71
green,Bronx,Queens,6,Friday,5,47.69
green,Bronx,Queens,6,Friday,6,53.84
green,Bronx,Queens,6,Friday,7,48.23
green,Bronx,Queens,6,Friday,8,45.24
green,Bronx,Queens,6,Friday,9,43.44
green,Bronx,Queens,6,Friday,10,48.73
green,Bronx,Queens,6,Friday,11,46.01
green,Bronx,Queens,6,Friday,12,45.89
green,Bronx,Queens,6,Friday,13,47.92
green,Bronx,Queens,6,Friday,14,51.27
green,Bronx,Queens,6,Friday,15,50.78
green,Bronx,Queens,6,Friday,16,50.66
green,Bronx,Queens,6,Friday,17,48.87
green,Bronx,Queens,6,Friday,18,49.31
green,Bronx,Queens,6,Friday,19,50.97
green,Bronx,Queens,6,Friday,20,48.27
green,Bronx,Queens,6,Friday,21,47.4
green,Bronx,Queens,6,Friday,22,39.6
green,Bronx,Queens,6,Friday,23,39.22
green,Bronx,Queens,6,Monday,0,38.36
green,Bronx,Queens,6,Monday,1,39.17
green,Bronx,Queens,6,Monday,2,39.81
green,Bronx,Queens,6,Monday,3,43.38
green,Bronx,Queens,6,Monday,4,48.15
green,Bronx,Queens,6,Monday,5,50.95
green,Bronx,Queens,6,Monday,6,52.71
green,Bronx,Queens,6,Monday,7,47.64
green,Bronx,Queens,6,Monday,8,46.67
green,Bronx,Queens,6,Monday,9,51.39
green,Bronx,Queens,6,Monday,10,47.23
green,Bronx,Queens,6,Monday,11,48.55
green,Bronx,Queens,6,Monday,12,51.21
green,Bronx,Queens,6,Monday,13,50.69
green,Bronx,Queens,6,Monday,14,51.18
green,Bronx,Queens,6,Monday,15,46.48
green,Bronx,Queens,6,Monday,16,51.77
green,Bronx,Queens,6,Monday,17,43.81
green,Bronx,Queens,6,Monday,18,47.21
green,Bronx,Queens,6,Monday,19,46.17
green,Bronx,Queens,6,Monday,20,45.23
green,Bronx,Queens,6,Monday,21,41.95
green,Bronx,Queens,6,Monday,22,38.24
green,Bronx,Queens,6,Monday,23,41.97
green,Bronx,Queens,6,Saturday,0,38.06
green,Bronx,Queens,6,Saturday,1,37.33
green,Bronx,Queens,6,Saturday,2,38.92
green,Bronx,Queens,6,Saturday,3,41.46
green,Bronx,Queens,6,Saturday,4,43.78
green,Bronx,Queens,6,Saturday,5,42.01
green,Bronx,Queens,6,Saturday,6,43.74
green,Bronx,Queens,6,Saturday,7,47.29
green,Bronx,Queens,6,Saturday,8,40.82
green,Bronx,Queens,6,Saturday,9,46.65
green,Bronx,Queens,6,Saturday,10,46.83
green,Bronx,Queens,6,Saturday,11,51.85
green,Bronx,Queens,6,Saturday,12,45.4
green,Bronx,Queens,6,Saturday,13,51.42
green,Bronx,Queens,6,Saturday,14,44.46
green,Bronx,Queens,6,Saturday,15,46.39
green,Bronx,Queens,6,Saturday,16,45.51
green,Bronx,Queens,6,Saturday,17,46.45
green,Bronx,Queens,6,Saturday,18,48.1
green,Bronx,Queens,6,Saturday,19,49.1
green,Bronx,Queens,6,Saturday,20,49.35
green,Bronx,Queens,6,Saturday,21,43.95
green,Bronx,Queens,6,Saturday,22,38.98
green,Bronx,Queens,6,Saturday,23,44.66
green,Bronx,Queens,6,Sunday,0,40.76
green,Bronx,Queens,6,Sunday,1,38.41
green,Bronx,Queens,6,Sunday,2,41.92
green,Bronx,Queens,6,Sunday,3,42.65
green,Bronx,Queens,6,Sunday,4,43.22
green,Bronx,Queens,6,Sunday,5,43.71
green,Bronx,Queens,6,Sunday,6,43.64
green,Bronx,Queens,6,Sunday,7,42.36
green,Bronx,Queens,6,Sunday,8,42.43
green,Bronx,Queens,6,Sunday,9,49.25
green,Bronx,Queens,6,Sunday,10,43.83
green,Bronx,Queens,6,Sunday,11,46.65
green,Bronx,Queens,6,Sunday,12,44.37
green,Bronx,Queens,6,Sunday,13,48.98
green,Bronx,Queens,6,Sunday,14,50.71
green,Bronx,Queens,6,Sunday,15,45.88
green,Bronx,Queens,6,Sunday,16,43.53
green,Bronx,Queens,6,Sunday,17,48.69
green,Bronx,Queens,6,Sunday,18,45.6
green,Bronx,Queens,6,Sunday,19,44.93
green,Bronx,Queens,6,Sunday,20,45.77
green,Bronx,Queens,6,Sunday,21,43.19
green,Bronx,Queens,6,Sunday,22,41.55
green,Bronx,Queens,6,Sunday,23,41.92
green,Bronx,Queens,6,Thursday,0,39.27
green,Bronx,Queens,6,Thursday,1,43.13
green,Bronx,Queens,6,Thursday,2,31.89
green,Bronx,Queens,6,Thursday,3,48.5
green,Bronx,Queens,6,Thursday,4,50.06
green,Bronx,Queens,6,Thursday,5,48.14
green,Bronx,Queens,6,Thursday,6,49.82
green,Bronx,Queens,6,Thursday,7,49.7
green,Bronx,Queens,6,Thursday,8,44.76
green,Bronx,Queens,6,Thursday,9,40.35
green,Bronx,Queens,6,Thursday,10,41.18
green,Bronx,Queens,6,Thursday,11,49.68
green,Bronx,Queens,6,Thursday,12,48.23
green,Bronx,Queens,6,Thursday,13,45.57
green,Bronx,Queens,6,Thursday,14,48.08
green,Bronx,Queens,6,Thursday,15,51.64
green,Bronx,Queens,6,Thursday,16,55.59
green,Bronx,Queens,6,Thursday,17,54.74
green,Bronx,Queens,6,Thursday,18,49.13
green,Bronx,Queens,6,Thursday,19,50.52
green,Bronx,Queens,6,Thursday,20,49.32
green,Bronx,Queens,6,Thursday,21,41.94
green,Bronx,Queens,6,Thursday,22,44.8
green,Bronx,Queens,6,Thursday,23,44.8
green,Bronx,Queens,6,Tuesday,0,41.16
green,Bronx,Queens,6,Tuesday,1,40.02
green,Bronx,Queens,6,Tuesday,2,34.47
green,Bronx,Queens,6,Tuesday,3,45.33
green,Bronx,Queens,6,Tuesday,4,44.38
green,Bronx,Queens,6,Tuesday,5,55.89
green,Bronx,Queens,6,Tuesday,6,52.45
green,Bronx,Queens,6,Tuesday,7,48.07
green,Bronx,Queens,6,Tuesday,8,48.11
green,Bronx,Queens,6,Tuesday,9,47.78
green,Bronx,Queens,6,Tuesday,10,46.16
green,Bronx,Queens,6,Tuesday,11,46.76
green,Bronx,Queens,6,Tuesday,12,51.45
green,Bronx,Queens,6,Tuesday,13,47.95
green,Bronx,Queens,6,Tuesday,14,51.39
green,Bronx,Queens,6,Tuesday,15,51.06
green,Bronx,Queens,6,Tuesday,16,49.72
green,Bronx,Queens,6,Tuesday,17,47.69
green,Bronx,Queens,6,Tuesday,18,50.52
green,Bronx,Queens,6,Tuesday,19,48.48
green,Bronx,Queens,6,Tuesday,20,49.23
green,Bronx,Queens,6,Tuesday,21,44.74
green,Bronx,Queens,6,Tuesday,22,43.12
green,Bronx,Queens,6,Tuesday,23,42.87
green,Bronx,Queens,6,Wednesday,0,38.16
green,Bronx,Queens,6,Wednesday,1,48.32
green,Bronx,Queens,6,Wednesday,2,31.27
green,Bronx,Queens,6,Wednesday,3,40.62
green,Bronx,Queens,6,Wednesday,4,46.81
green,Bronx,Queens,6,Wednesday,5,55.42
green,Bronx,Queens,6,Wednesday,6,50.28
green,Bronx,Queens,6,Wednesday,7,51.93
green,Bronx,Queens,6,Wednesday,8,49.3
green,Bronx,Queens,6,Wednesday,9,47.05
green,Bronx,Queens,6,Wednesday,10,45.82
green,Bronx,Queens,6,Wednesday,11,45.19
green,Bronx,Queens,6,Wednesday,12,47.41
green,Bronx,Queens,6,Wednesday,13,52.92
green,Bronx,Queens,6,Wednesday,14,49.2
green,Bronx,Queens,6,Wednesday,15,49.29
green,Bronx,Queens,6,Wednesday,16,50.59
green,Bronx,Queens,6,Wednesday,17,52.86
green,Bronx,Queens,6,Wednesday,18,53.32
green,Bronx,Queens,6,Wednesday,19,47.69
green,Bronx,Queens,6,Wednesday,20,46.36
green,Bronx,Queens,6,Wednesday,21,38.65
green,Bronx,Queens,6,Wednesday,22,38.44
green,Bronx,Queens,6,Wednesday,23,40.13
green,Bronx,Queens,7,Friday,0,41.55
green,Bronx,Queens,7,Friday,1,40.37
green,Bronx,Queens,7,Friday,2,48.05
green,Bronx,Queens,7,Friday,3,40.86
green,Bronx,Queens,7,Friday,4,47.92
green,Bronx,Queens,7,Friday,5,51.32
green,Bronx,Queens,7,Friday,6,48.83
green,Bronx,Queens,7,Friday,7,47.77
green,Bronx,Queens,7,Friday,8,48.51
green,Bronx,Queens,7,Friday,9,45.27
green,Bronx,Queens,7,Friday,10,42.55
green,Bronx,Queens,7,Friday,11,46.42
green,Bronx,Queens,7,Friday,12,49.19
green,Bronx,Queens,7,Friday,13,52
green,Bronx,Queens,7,Friday,14,48.05
green,Bronx,Queens,7,Friday,15,49.77
green,Bronx,Queens,7,Friday,16,50.67
green,Bronx,Queens,7,Friday,17,47.42
green,Bronx,Queens,7,Friday,18,46.66
green,Bronx,Queens,7,Friday,19,49.07
green,Bronx,Queens,7,Friday,20,48.54
green,Bronx,Queens,7,Friday,21,44.71
green,Bronx,Queens,7,Friday,22,39.93
green,Bronx,Queens,7,Friday,23,37.9
green,Bronx,Queens,7,Monday,0,43.18
green,Bronx,Queens,7,Monday,1,44.27
green,Bronx,Queens,7,Monday,2,50.67
green,Bronx,Queens,7,Monday,3,47.86
green,Bronx,Queens,7,Monday,4,53.66
green,Bronx,Queens,7,Monday,5,48.68
green,Bronx,Queens,7,Monday,6,50.27
green,Bronx,Queens,7,Monday,7,44.86
green,Bronx,Queens,7,Monday,8,48.82
green,Bronx,Queens,7,Monday,9,52.14
green,Bronx,Queens,7,Monday,10,46.38
green,Bronx,Queens,7,Monday,11,46.68
green,Bronx,Queens,7,Monday,12,46.93
green,Bronx,Queens,7,Monday,13,52.88
green,Bronx,Queens,7,Monday,14,49.3
green,Bronx,Queens,7,Monday,15,50.91
green,Bronx,Queens,7,Monday,16,51.88
green,Bronx,Queens,7,Monday,17,49.12
green,Bronx,Queens,7,Monday,18,47.67
green,Bronx,Queens,7,Monday,19,46.16
green,Bronx,Queens,7,Monday,20,49.1
green,Bronx,Queens,7,Monday,21,42.23
green,Bronx,Queens,7,Monday,22,40.09
green,Bronx,Queens,7,Monday,23,43.05
green,Bronx,Queens,7,Saturday,0,39.34
green,Bronx,Queens,7,Saturday,1,44.65
green,Bronx,Queens,7,Saturday,2,45.88
green,Bronx,Queens,7,Saturday,3,43.92
green,Bronx,Queens,7,Saturday,4,45.88
green,Bronx,Queens,7,Saturday,5,47.44
green,Bronx,Queens,7,Saturday,6,46.62
green,Bronx,Queens,7,Saturday,7,45.97
green,Bronx,Queens,7,Saturday,8,45.7
green,Bronx,Queens,7,Saturday,9,53.35
green,Bronx,Queens,7,Saturday,10,48.31
green,Bronx,Queens,7,Saturday,11,49.19
green,Bronx,Queens,7,Saturday,12,48.37
green,Bronx,Queens,7,Saturday,13,48.17
green,Bronx,Queens,7,Saturday,14,51.83
green,Bronx,Queens,7,Saturday,15,44.65
green,Bronx,Queens,7,Saturday,16,44.36
green,Bronx,Queens,7,Saturday,17,43.75
green,Bronx,Queens,7,Saturday,18,43.03
green,Bronx,Queens,7,Saturday,19,46.49
green,Bronx,Queens,7,Saturday,20,42.8
green,Bronx,Queens,7,Saturday,21,45.13
green,Bronx,Queens,7,Saturday,22,36.12
green,Bronx,Queens,7,Saturday,23,46.74
green,Bronx,Queens,7,Sunday,0,40.42
green,Bronx,Queens,7,Sunday,1,39.74
green,Bronx,Queens,7,Sunday,2,41.43
green,Bronx,Queens,7,Sunday,3,37.21
green,Bronx,Queens,7,Sunday,4,48.28
green,Bronx,Queens,7,Sunday,5,46.87
green,Bronx,Queens,7,Sunday,6,38.06
green,Bronx,Queens,7,Sunday,7,41.84
green,Bronx,Queens,7,Sunday,8,47.11
green,Bronx,Queens,7,Sunday,9,44.04
green,Bronx,Queens,7,Sunday,10,47.41
green,Bronx,Queens,7,Sunday,11,46.94
green,Bronx,Queens,7,Sunday,12,51.67
green,Bronx,Queens,7,Sunday,13,45.18
green,Bronx,Queens,7,Sunday,14,49.84
green,Bronx,Queens,7,Sunday,15,42.43
green,Bronx,Queens,7,Sunday,16,43.02
green,Bronx,Queens,7,Sunday,17,40.67
green,Bronx,Queens,7,Sunday,18,46.6
green,Bronx,Queens,7,Sunday,19,46.72
green,Bronx,Queens,7,Sunday,20,45.73
green,Bronx,Queens,7,Sunday,21,39.45
green,Bronx,Queens,7,Sunday,22,35.56
green,Bronx,Queens,7,Sunday,23,40.75
green,Bronx,Queens,7,Thursday,0,42.48
green,Bronx,Queens,7,Thursday,1,45.88
green,Bronx,Queens,7,Thursday,2,40.9
green,Bronx,Queens,7,Thursday,3,42.56
green,Bronx,Queens,7,Thursday,4,41.58
green,Bronx,Queens,7,Thursday,5,52.42
green,Bronx,Queens,7,Thursday,6,51.2
green,Bronx,Queens,7,Thursday,7,43.03
green,Bronx,Queens,7,Thursday,8,44.57
green,Bronx,Queens,7,Thursday,9,46.57
green,Bronx,Queens,7,Thursday,10,41.14
green,Bronx,Queens,7,Thursday,11,47.78
green,Bronx,Queens,7,Thursday,12,49.33
green,Bronx,Queens,7,Thursday,13,50.76
green,Bronx,Queens,7,Thursday,14,49.3
green,Bronx,Queens,7,Thursday,15,49.04
green,Bronx,Queens,7,Thursday,16,49.33
green,Bronx,Queens,7,Thursday,17,49.58
green,Bronx,Queens,7,Thursday,18,49.33
green,Bronx,Queens,7,Thursday,19,43.79
green,Bronx,Queens,7,Thursday,20,49.93
green,Bronx,Queens,7,Thursday,21,43.97
green,Bronx,Queens,7,Thursday,22,42.69
green,Bronx,Queens,7,Thursday,23,42.34
green,Bronx,Queens,7,Tuesday,0,37.69
green,Bronx,Queens,7,Tuesday,1,45.44
green,Bronx,Queens,7,Tuesday,2,36.06
green,Bronx,Queens,7,Tuesday,3,48
green,Bronx,Queens,7,Tuesday,4,50.92
green,Bronx,Queens,7,Tuesday,5,54.4
green,Bronx,Queens,7,Tuesday,6,53.06
green,Bronx,Queens,7,Tuesday,7,48.6
green,Bronx,Queens,7,Tuesday,8,49.38
green,Bronx,Queens,7,Tuesday,9,45.17
green,Bronx,Queens,7,Tuesday,10,47.09
green,Bronx,Queens,7,Tuesday,11,49.82
green,Bronx,Queens,7,Tuesday,12,47.7
green,Bronx,Queens,7,Tuesday,13,51.22
green,Bronx,Queens,7,Tuesday,14,48.62
green,Bronx,Queens,7,Tuesday,15,49.45
green,Bronx,Queens,7,Tuesday,16,47.81
green,Bronx,Queens,7,Tuesday,17,48.32
green,Bronx,Queens,7,Tuesday,18,46.96
green,Bronx,Queens,7,Tuesday,19,43.87
green,Bronx,Queens,7,Tuesday,20,45.79
green,Bronx,Queens,7,Tuesday,21,44.55
green,Bronx,Queens,7,Tuesday,22,40.27
green,Bronx,Queens,7,Tuesday,23,41.51
green,Bronx,Queens,7,Wednesday,0,38.85
green,Bronx,Queens,7,Wednesday,1,34.53
green,Bronx,Queens,7,Wednesday,2,65.45
green,Bronx,Queens,7,Wednesday,3,44.74
green,Bronx,Queens,7,Wednesday,4,52.5
green,Bronx,Queens,7,Wednesday,5,48.35
green,Bronx,Queens,7,Wednesday,6,53.19
green,Bronx,Queens,7,Wednesday,7,46.4
green,Bronx,Queens,7,Wednesday,8,51.45
green,Bronx,Queens,7,Wednesday,9,48.12
green,Bronx,Queens,7,Wednesday,10,46.96
green,Bronx,Queens,7,Wednesday,11,47.48
green,Bronx,Queens,7,Wednesday,12,46.06
green,Bronx,Queens,7,Wednesday,13,42.41
green,Bronx,Queens,7,Wednesday,14,51.72
green,Bronx,Queens,7,Wednesday,15,51.14
green,Bronx,Queens,7,Wednesday,16,47.47
green,Bronx,Queens,7,Wednesday,17,52.74
green,Bronx,Queens,7,Wednesday,18,43.4
green,Bronx,Queens,7,Wednesday,19,47.99
green,Bronx,Queens,7,Wednesday,20,49.75
green,Bronx,Queens,7,Wednesday,21,42.97
green,Bronx,Queens,7,Wednesday,22,44.03
green,Bronx,Queens,7,Wednesday,23,42.1
green,Bronx,Queens,8,Friday,0,49.54
green,Bronx,Queens,8,Friday,1,40.52
green,Bronx,Queens,8,Friday,2,41.95
green,Bronx,Queens,8,Friday,3,41.01
green,Bronx,Queens,8,Friday,4,50.61
green,Bronx,Queens,8,Friday,5,48.55
green,Bronx,Queens,8,Friday,6,50.44
green,Bronx,Queens,8,Friday,7,46.46
green,Bronx,Queens,8,Friday,8,46.08
green,Bronx,Queens,8,Friday,9,45.29
green,Bronx,Queens,8,Friday,10,45.03
green,Bronx,Queens,8,Friday,11,45.2
green,Bronx,Queens,8,Friday,12,45.42
green,Bronx,Queens,8,Friday,13,47.84
green,Bronx,Queens,8,Friday,14,50.8
green,Bronx,Queens,8,Friday,15,53.46
green,Bronx,Queens,8,Friday,16,49.58
green,Bronx,Queens,8,Friday,17,50.42
green,Bronx,Queens,8,Friday,18,50.08
green,Bronx,Queens,8,Friday,19,45.61
green,Bronx,Queens,8,Friday,20,44.88
green,Bronx,Queens,8,Friday,21,43.09
green,Bronx,Queens,8,Friday,22,39.1
green,Bronx,Queens,8,Friday,23,44.36
green,Bronx,Queens,8,Monday,0,38.02
green,Bronx,Queens,8,Monday,1,30.94
green,Bronx,Queens,8,Monday,2,47.63
green,Bronx,Queens,8,Monday,3,45.98
green,Bronx,Queens,8,Monday,4,47.55
green,Bronx,Queens,8,Monday,5,48.15
green,Bronx,Queens,8,Monday,6,52.6
green,Bronx,Queens,8,Monday,7,46.53
green,Bronx,Queens,8,Monday,8,48.89
green,Bronx,Queens,8,Monday,9,44.06
green,Bronx,Queens,8,Monday,10,45.89
green,Bronx,Queens,8,Monday,11,47.03
green,Bronx,Queens,8,Monday,12,46.49
green,Bronx,Queens,8,Monday,13,46.87
green,Bronx,Queens,8,Monday,14,47.44
green,Bronx,Queens,8,Monday,15,50.35
green,Bronx,Queens,8,Monday,16,50.74
green,Bronx,Queens,8,Monday,17,48.12
green,Bronx,Queens,8,Monday,18,50.04
green,Bronx,Queens,8,Monday,19,51.3
green,Bronx,Queens,8,Monday,20,43.09
green,Bronx,Queens,8,Monday,21,42.58
green,Bronx,Queens,8,Monday,22,37.36
green,Bronx,Queens,8,Monday,23,42.32
green,Bronx,Queens,8,Saturday,0,39.66
green,Bronx,Queens,8,Saturday,1,40.51
green,Bronx,Queens,8,Saturday,2,40.36
green,Bronx,Queens,8,Saturday,3,39.36
green,Bronx,Queens,8,Saturday,4,45.31
green,Bronx,Queens,8,Saturday,5,43.74
green,Bronx,Queens,8,Saturday,6,42.36
green,Bronx,Queens,8,Saturday,7,40.61
green,Bronx,Queens,8,Saturday,8,46.74
green,Bronx,Queens,8,Saturday,9,46.32
green,Bronx,Queens,8,Saturday,10,48.81
green,Bronx,Queens,8,Saturday,11,42.27
green,Bronx,Queens,8,Saturday,12,46.18
green,Bronx,Queens,8,Saturday,13,43.33
green,Bronx,Queens,8,Saturday,14,44.84
green,Bronx,Queens,8,Saturday,15,43.63
green,Bronx,Queens,8,Saturday,16,43.48
green,Bronx,Queens,8,Saturday,17,44.4
green,Bronx,Queens,8,Saturday,18,42.14
green,Bronx,Queens,8,Saturday,19,42.91
green,Bronx,Queens,8,Saturday,20,45.69
green,Bronx,Queens,8,Saturday,21,40.61
green,Bronx,Queens,8,Saturday,22,43.76
green,Bronx,Queens,8,Saturday,23,47.61
green,Bronx,Queens,8,Sunday,0,39.04
green,Bronx,Queens,8,Sunday,1,36.73
green,Bronx,Queens,8,Sunday,2,42.43
green,Bronx,Queens,8,Sunday,3,41.71
green,Bronx,Queens,8,Sunday,4,41.11
green,Bronx,Queens,8,Sunday,5,44.34
green,Bronx,Queens,8,Sunday,6,48.09
green,Bronx,Queens,8,Sunday,7,41.87
green,Bronx,Queens,8,Sunday,8,42.18
green,Bronx,Queens,8,Sunday,9,42.54
green,Bronx,Queens,8,Sunday,10,46.5
green,Bronx,Queens,8,Sunday,11,44.39
green,Bronx,Queens,8,Sunday,12,49.79
green,Bronx,Queens,8,Sunday,13,45.15
green,Bronx,Queens,8,Sunday,14,49.28
green,Bronx,Queens,8,Sunday,15,44.01
green,Bronx,Queens,8,Sunday,16,45.86
green,Bronx,Queens,8,Sunday,17,42.89
green,Bronx,Queens,8,Sunday,18,47.56
green,Bronx,Queens,8,Sunday,19,46.72
green,Bronx,Queens,8,Sunday,20,46.5
green,Bronx,Queens,8,Sunday,21,44.77
green,Bronx,Queens,8,Sunday,22,39.94
green,Bronx,Queens,8,Sunday,23,48.76
green,Bronx,Queens,8,Thursday,0,39.08
green,Bronx,Queens,8,Thursday,1,31.01
green,Bronx,Queens,8,Thursday,2,30.06
green,Bronx,Queens,8,Thursday,3,47.33
green,Bronx,Queens,8,Thursday,4,50.78
green,Bronx,Queens,8,Thursday,5,47.99
green,Bronx,Queens,8,Thursday,6,52.81
green,Bronx,Queens,8,Thursday,7,44.77
green,Bronx,Queens,8,Thursday,8,48.63
green,Bronx,Queens,8,Thursday,9,44.88
green,Bronx,Queens,8,Thursday,10,47.68
green,Bronx,Queens,8,Thursday,11,51.12
green,Bronx,Queens,8,Thursday,12,51.42
green,Bronx,Queens,8,Thursday,13,52.36
green,Bronx,Queens,8,Thursday,14,47.02
green,Bronx,Queens,8,Thursday,15,50.69
green,Bronx,Queens,8,Thursday,16,49.76
green,Bronx,Queens,8,Thursday,17,51.29
green,Bronx,Queens,8,Thursday,18,50.36
green,Bronx,Queens,8,Thursday,19,45.81
green,Bronx,Queens,8,Thursday,20,47.88
green,Bronx,Queens,8,Thursday,21,46.21
green,Bronx,Queens,8,Thursday,22,40.88
green,Bronx,Queens,8,Thursday,23,41.06
green,Bronx,Queens,8,Tuesday,0,41.73
green,Bronx,Queens,8,Tuesday,1,29.08
green,Bronx,Queens,8,Tuesday,2,48.23
green,Bronx,Queens,8,Tuesday,3,49.33
green,Bronx,Queens,8,Tuesday,4,43.97
green,Bronx,Queens,8,Tuesday,5,49.95
green,Bronx,Queens,8,Tuesday,6,52.77
green,Bronx,Queens,8,Tuesday,7,52.78
green,Bronx,Queens,8,Tuesday,8,48.47
green,Bronx,Queens,8,Tuesday,9,50.38
green,Bronx,Queens,8,Tuesday,10,50.18
green,Bronx,Queens,8,Tuesday,11,46.92
green,Bronx,Queens,8,Tuesday,12,48.48
green,Bronx,Queens,8,Tuesday,13,48.84
green,Bronx,Queens,8,Tuesday,14,51.65
green,Bronx,Queens,8,Tuesday,15,48.32
green,Bronx,Queens,8,Tuesday,16,48
green,Bronx,Queens,8,Tuesday,17,49.42
green,Bronx,Queens,8,Tuesday,18,50.59
green,Bronx,Queens,8,Tuesday,19,53.36
green,Bronx,Queens,8,Tuesday,20,45.66
green,Bronx,Queens,8,Tuesday,21,43.46
green,Bronx,Queens,8,Tuesday,22,39.5
green,Bronx,Queens,8,Tuesday,23,44.82
green,Bronx,Queens,8,Wednesday,0,42.5
green,Bronx,Queens,8,Wednesday,1,38.18
green,Bronx,Queens,8,Wednesday,2,47.63
green,Bronx,Queens,8,Wednesday,3,42.59
green,Bronx,Queens,8,Wednesday,4,48.68
green,Bronx,Queens,8,Wednesday,5,55.35
green,Bronx,Queens,8,Wednesday,6,51.01
green,Bronx,Queens,8,Wednesday,7,45.67
green,Bronx,Queens,8,Wednesday,8,45.59
green,Bronx,Queens,8,Wednesday,9,42.67
green,Bronx,Queens,8,Wednesday,10,44.37
green,Bronx,Queens,8,Wednesday,11,49.9
green,Bronx,Queens,8,Wednesday,12,46.11
green,Bronx,Queens,8,Wednesday,13,52.27
green,Bronx,Queens,8,Wednesday,14,50.81
green,Bronx,Queens,8,Wednesday,15,51.15
green,Bronx,Queens,8,Wednesday,16,51.91
green,Bronx,Queens,8,Wednesday,17,52.33
green,Bronx,Queens,8,Wednesday,18,50.16
green,Bronx,Queens,8,Wednesday,19,45.45
green,Bronx,Queens,8,Wednesday,20,45.73
green,Bronx,Queens,8,Wednesday,21,45.54
green,Bronx,Queens,8,Wednesday,22,41.18
green,Bronx,Queens,8,Wednesday,23,42.45
green,Bronx,Queens,9,Friday,0,37.61
green,Bronx,Queens,9,Friday,1,43.43
green,Bronx,Queens,9,Friday,2,40.05
green,Bronx,Queens,9,Friday,3,48.53
green,Bronx,Queens,9,Friday,4,46.45
green,Bronx,Queens,9,Friday,5,48.16
green,Bronx,Queens,9,Friday,6,51.19
green,Bronx,Queens,9,Friday,7,48.42
green,Bronx,Queens,9,Friday,8,41.35
green,Bronx,Queens,9,Friday,9,47.12
green,Bronx,Queens,9,Friday,10,48.45
green,Bronx,Queens,9,Friday,11,46.54
green,Bronx,Queens,9,Friday,12,44.05
green,Bronx,Queens,9,Friday,13,46.82
green,Bronx,Queens,9,Friday,14,50.24
green,Bronx,Queens,9,Friday,15,51.6
green,Bronx,Queens,9,Friday,16,52.41
green,Bronx,Queens,9,Friday,17,47.39
green,Bronx,Queens,9,Friday,18,48.66
green,Bronx,Queens,9,Friday,19,47.39
green,Bronx,Queens,9,Friday,20,49.49
green,Bronx,Queens,9,Friday,21,46.85
green,Bronx,Queens,9,Friday,22,40.49
green,Bronx,Queens,9,Friday,23,45.29
green,Bronx,Queens,9,Monday,0,38.87
green,Bronx,Queens,9,Monday,1,38.4
green,Bronx,Queens,9,Monday,2,42.34
green,Bronx,Queens,9,Monday,3,52.01
green,Bronx,Queens,9,Monday,4,37.55
green,Bronx,Queens,9,Monday,5,48.63
green,Bronx,Queens,9,Monday,6,53.2
green,Bronx,Queens,9,Monday,7,42.8
green,Bronx,Queens,9,Monday,8,45.77
green,Bronx,Queens,9,Monday,9,45.38
green,Bronx,Queens,9,Monday,10,44.18
green,Bronx,Queens,9,Monday,11,50.58
green,Bronx,Queens,9,Monday,12,43.27
green,Bronx,Queens,9,Monday,13,47.69
green,Bronx,Queens,9,Monday,14,43.43
green,Bronx,Queens,9,Monday,15,51.33
green,Bronx,Queens,9,Monday,16,54.48
green,Bronx,Queens,9,Monday,17,48.37
green,Bronx,Queens,9,Monday,18,52.15
green,Bronx,Queens,9,Monday,19,47.85
green,Bronx,Queens,9,Monday,20,38.7
green,Bronx,Queens,9,Monday,21,43.54
green,Bronx,Queens,9,Monday,22,38.81
green,Bronx,Queens,9,Monday,23,39.59
green,Bronx,Queens,9,Saturday,0,39.2
green,Bronx,Queens,9,Saturday,1,39.25
green,Bronx,Queens,9,Saturday,2,43.83
green,Bronx,Queens,9,Saturday,3,50.85
green,Bronx,Queens,9,Saturday,4,41.9
green,Bronx,Queens,9,Saturday,5,49.98
green,Bronx,Queens,9,Saturday,6,45.66
green,Bronx,Queens,9,Saturday,7,53.12
green,Bronx,Queens,9,Saturday,8,49.83
green,Bronx,Queens,9,Saturday,9,48.23
green,Bronx,Queens,9,Saturday,10,42.02
green,Bronx,Queens,9,Saturday,11,52.01
green,Bronx,Queens,9,Saturday,12,52.57
green,Bronx,Queens,9,Saturday,13,48.09
green,Bronx,Queens,9,Saturday,14,42.68
green,Bronx,Queens,9,Saturday,15,49.92
green,Bronx,Queens,9,Saturday,16,43.19
green,Bronx,Queens,9,Saturday,17,46.61
green,Bronx,Queens,9,Saturday,18,45.6
green,Bronx,Queens,9,Saturday,19,44.03
green,Bronx,Queens,9,Saturday,20,43.37
green,Bronx,Queens,9,Saturday,21,40.97
green,Bronx,Queens,9,Saturday,22,41.99
green,Bronx,Queens,9,Saturday,23,45.56
green,Bronx,Queens,9,Sunday,0,35.48
green,Bronx,Queens,9,Sunday,1,39.21
green,Bronx,Queens,9,Sunday,2,39.5
green,Bronx,Queens,9,Sunday,3,38.34
green,Bronx,Queens,9,Sunday,4,45.92
green,Bronx,Queens,9,Sunday,5,49.23
green,Bronx,Queens,9,Sunday,6,44.72
green,Bronx,Queens,9,Sunday,7,49.66
green,Bronx,Queens,9,Sunday,8,47.83
green,Bronx,Queens,9,Sunday,9,46
green,Bronx,Queens,9,Sunday,10,43.65
green,Bronx,Queens,9,Sunday,11,41.25
green,Bronx,Queens,9,Sunday,12,47.6
green,Bronx,Queens,9,Sunday,13,47.33
green,Bronx,Queens,9,Sunday,14,47.98
green,Bronx,Queens,9,Sunday,15,48.03
green,Bronx,Queens,9,Sunday,16,44.42
green,Bronx,Queens,9,Sunday,17,46.71
green,Bronx,Queens,9,Sunday,18,47.8
green,Bronx,Queens,9,Sunday,19,43.47
green,Bronx,Queens,9,Sunday,20,45.66
green,Bronx,Queens,9,Sunday,21,47.19
green,Bronx,Queens,9,Sunday,22,38.15
green,Bronx,Queens,9,Sunday,23,52.46
green,Bronx,Queens,9,Thursday,0,39.62
green,Bronx,Queens,9,Thursday,1,38.68
green,Bronx,Queens,9,Thursday,2,40.52
green,Bronx,Queens,9,Thursday,3,35.32
green,Bronx,Queens,9,Thursday,4,44.54
green,Bronx,Queens,9,Thursday,5,48.18
green,Bronx,Queens,9,Thursday,6,55.99
green,Bronx,Queens,9,Thursday,7,49.56
green,Bronx,Queens,9,Thursday,8,49.29
green,Bronx,Queens,9,Thursday,9,47.33
green,Bronx,Queens,9,Thursday,10,47.51
green,Bronx,Queens,9,Thursday,11,42.95
green,Bronx,Queens,9,Thursday,12,42.72
green,Bronx,Queens,9,Thursday,13,48.62
green,Bronx,Queens,9,Thursday,14,50.52
green,Bronx,Queens,9,Thursday,15,50.19
green,Bronx,Queens,9,Thursday,16,48.91
green,Bronx,Queens,9,Thursday,17,47.96
green,Bronx,Queens,9,Thursday,18,44.7
green,Bronx,Queens,9,Thursday,19,53.54
green,Bronx,Queens,9,Thursday,20,44.08
green,Bronx,Queens,9,Thursday,21,40.69
green,Bronx,Queens,9,Thursday,22,37.87
green,Bronx,Queens,9,Thursday,23,40.25
green,Bronx,Queens,9,Tuesday,0,40.73
green,Bronx,Queens,9,Tuesday,1,30.01
green,Bronx,Queens,9,Tuesday,2,45.92
green,Bronx,Queens,9,Tuesday,3,53.81
green,Bronx,Queens,9,Tuesday,4,40.21
green,Bronx,Queens,9,Tuesday,5,45.14
green,Bronx,Queens,9,Tuesday,6,54.48
green,Bronx,Queens,9,Tuesday,7,49.15
green,Bronx,Queens,9,Tuesday,8,48.66
green,Bronx,Queens,9,Tuesday,9,52.5
green,Bronx,Queens,9,Tuesday,10,47.14
green,Bronx,Queens,9,Tuesday,11,47.45
green,Bronx,Queens,9,Tuesday,12,45.86
green,Bronx,Queens,9,Tuesday,13,50.06
green,Bronx,Queens,9,Tuesday,14,51.36
green,Bronx,Queens,9,Tuesday,15,48.36
green,Bronx,Queens,9,Tuesday,16,50.58
green,Bronx,Queens,9,Tuesday,17,48.72
green,Bronx,Queens,9,Tuesday,18,48.68
green,Bronx,Queens,9,Tuesday,19,50.64
green,Bronx,Queens,9,Tuesday,20,46.01
green,Bronx,Queens,9,Tuesday,21,44.05
green,Bronx,Queens,9,Tuesday,22,40.54
green,Bronx,Queens,9,Tuesday,23,40.15
green,Bronx,Queens,9,Wednesday,0,36.71
green,Bronx,Queens,9,Wednesday,1,38.3
green,Bronx,Queens,9,Wednesday,2,34.59
green,Bronx,Queens,9,Wednesday,3,34.69
green,Bronx,Queens,9,Wednesday,4,48.01
green,Bronx,Queens,9,Wednesday,5,48.59
green,Bronx,Queens,9,Wednesday,6,56.54
green,Bronx,Queens,9,Wednesday,7,54.35
green,Bronx,Queens,9,Wednesday,8,46.35
green,Bronx,Queens,9,Wednesday,9,46.72
green,Bronx,Queens,9,Wednesday,10,45.92
green,Bronx,Queens,9,Wednesday,11,48.85
green,Bronx,Queens,9,Wednesday,12,46.69
green,Bronx,Queens,9,Wednesday,13,51.21
green,Bronx,Queens,9,Wednesday,14,48.42
green,Bronx,Queens,9,Wednesday,15,48.4
green,Bronx,Queens,9,Wednesday,16,52.08
green,Bronx,Queens,9,Wednesday,17,52.09
green,Bronx,Queens,9,Wednesday,18,46.96
green,Bronx,Queens,9,Wednesday,19,50.21
green,Bronx,Queens,9,Wednesday,20,51.19
green,Bronx,Queens,9,Wednesday,21,42.43
green,Bronx,Queens,9,Wednesday,22,43.35
green,Bronx,Queens,9,Wednesday,23,43.68
green,Bronx,Queens,10,Friday,0,33.76
green,Bronx,Queens,10,Friday,1,34.98
green,Bronx,Queens,10,Friday,2,38.44
green,Bronx,Queens,10,Friday,3,40.75
green,Bronx,Queens,10,Friday,4,38.83
green,Bronx,Queens,10,Friday,5,50.71
green,Bronx,Queens,10,Friday,6,53.82
green,Bronx,Queens,10,Friday,7,47.63
green,Bronx,Queens,10,Friday,8,47.14
green,Bronx,Queens,10,Friday,9,47.97
green,Bronx,Queens,10,Friday,10,45.13
green,Bronx,Queens,10,Friday,11,49.69
green,Bronx,Queens,10,Friday,12,42.57
green,Bronx,Queens,10,Friday,13,48.3
green,Bronx,Queens,10,Friday,14,48.13
green,Bronx,Queens,10,Friday,15,49.21
green,Bronx,Queens,10,Friday,16,57.83
green,Bronx,Queens,10,Friday,17,48.28
green,Bronx,Queens,10,Friday,18,51.15
green,Bronx,Queens,10,Friday,19,48.4
green,Bronx,Queens,10,Friday,20,45.13
green,Bronx,Queens,10,Friday,21,44.18
green,Bronx,Queens,10,Friday,22,36.94
green,Bronx,Queens,10,Friday,23,40.14
green,Bronx,Queens,10,Monday,0,45.72
green,Bronx,Queens,10,Monday,1,33.17
green,Bronx,Queens,10,Monday,2,44.1
green,Bronx,Queens,10,Monday,3,49.22
green,Bronx,Queens,10,Monday,4,45.14
green,Bronx,Queens,10,Monday,5,50.91
green,Bronx,Queens,10,Monday,6,52.82
green,Bronx,Queens,10,Monday,7,51.23
green,Bronx,Queens,10,Monday,8,48.84
green,Bronx,Queens,10,Monday,9,44.98
green,Bronx,Queens,10,Monday,10,45.84
green,Bronx,Queens,10,Monday,11,47.91
green,Bronx,Queens,10,Monday,12,46.65
green,Bronx,Queens,10,Monday,13,50.59
green,Bronx,Queens,10,Monday,14,46.77
green,Bronx,Queens,10,Monday,15,51.34
green,Bronx,Queens,10,Monday,16,49.83
green,Bronx,Queens,10,Monday,17,48.36
green,Bronx,Queens,10,Monday,18,48.3
green,Bronx,Queens,10,Monday,19,46.31
green,Bronx,Queens,10,Monday,20,47.31
green,Bronx,Queens,10,Monday,21,47.95
green,Bronx,Queens,10,Monday,22,42.35
green,Bronx,Queens,10,Monday,23,47.74
green,Bronx,Queens,10,Saturday,0,36.57
green,Bronx,Queens,10,Saturday,1,38.85
green,Bronx,Queens,10,Saturday,2,35.92
green,Bronx,Queens,10,Saturday,3,44.09
green,Bronx,Queens,10,Saturday,4,43.58
green,Bronx,Queens,10,Saturday,5,51.71
green,Bronx,Queens,10,Saturday,6,41.44
green,Bronx,Queens,10,Saturday,7,50.81
green,Bronx,Queens,10,Saturday,8,46.85
green,Bronx,Queens,10,Saturday,9,44.42
green,Bronx,Queens,10,Saturday,10,48.21
green,Bronx,Queens,10,Saturday,11,46.43
green,Bronx,Queens,10,Saturday,12,43.65
green,Bronx,Queens,10,Saturday,13,41.77
green,Bronx,Queens,10,Saturday,14,43.85
green,Bronx,Queens,10,Saturday,15,47.48
green,Bronx,Queens,10,Saturday,16,42.49
green,Bronx,Queens,10,Saturday,17,51.72
green,Bronx,Queens,10,Saturday,18,47.32
green,Bronx,Queens,10,Saturday,19,44.03
green,Bronx,Queens,10,Saturday,20,44.88
green,Bronx,Queens,10,Saturday,21,45.51
green,Bronx,Queens,10,Saturday,22,38.73
green,Bronx,Queens,10,Saturday,23,43.95
green,Bronx,Queens,10,Sunday,0,39.52
green,Bronx,Queens,10,Sunday,1,41.54
green,Bronx,Queens,10,Sunday,2,34.09
green,Bronx,Queens,10,Sunday,3,45.92
green,Bronx,Queens,10,Sunday,4,43.5
green,Bronx,Queens,10,Sunday,5,45.46
green,Bronx,Queens,10,Sunday,6,48.07
green,Bronx,Queens,10,Sunday,7,56.13
green,Bronx,Queens,10,Sunday,8,48.63
green,Bronx,Queens,10,Sunday,9,49.7
green,Bronx,Queens,10,Sunday,10,43.95
green,Bronx,Queens,10,Sunday,11,43.17
green,Bronx,Queens,10,Sunday,12,48.34
green,Bronx,Queens,10,Sunday,13,49.2
green,Bronx,Queens,10,Sunday,14,48.76
green,Bronx,Queens,10,Sunday,15,47.93
green,Bronx,Queens,10,Sunday,16,47.49
green,Bronx,Queens,10,Sunday,17,48.04
green,Bronx,Queens,10,Sunday,18,47.45
green,Bronx,Queens,10,Sunday,19,47.27
green,Bronx,Queens,10,Sunday,20,50.32
green,Bronx,Queens,10,Sunday,21,44.92
green,Bronx,Queens,10,Sunday,22,37.49
green,Bronx,Queens,10,Sunday,23,41.56
green,Bronx,Queens,10,Thursday,0,45.8
green,Bronx,Queens,10,Thursday,1,46.25
green,Bronx,Queens,10,Thursday,2,51.54
green,Bronx,Queens,10,Thursday,3,39.97
green,Bronx,Queens,10,Thursday,4,47.7
green,Bronx,Queens,10,Thursday,5,51.73
green,Bronx,Queens,10,Thursday,6,53.25
green,Bronx,Queens,10,Thursday,7,49.8
green,Bronx,Queens,10,Thursday,8,42.14
green,Bronx,Queens,10,Thursday,9,48.63
green,Bronx,Queens,10,Thursday,10,50.01
green,Bronx,Queens,10,Thursday,11,46.76
green,Bronx,Queens,10,Thursday,12,46.64
green,Bronx,Queens,10,Thursday,13,46.9
green,Bronx,Queens,10,Thursday,14,50.62
green,Bronx,Queens,10,Thursday,15,49.91
green,Bronx,Queens,10,Thursday,16,52.11
green,Bronx,Queens,10,Thursday,17,50.74
green,Bronx,Queens,10,Thursday,18,46.51
green,Bronx,Queens,10,Thursday,19,47.3
green,Bronx,Queens,10,Thursday,20,43.02
green,Bronx,Queens,10,Thursday,21,42.32
green,Bronx,Queens,10,Thursday,22,39.04
green,Bronx,Queens,10,Thursday,23,41.68
green,Bronx,Queens,10,Tuesday,0,44.15
green,Bronx,Queens,10,Tuesday,1,45.04
green,Bronx,Queens,10,Tuesday,2,47.56
green,Bronx,Queens,10,Tuesday,3,30.22
green,Bronx,Queens,10,Tuesday,4,46.45
green,Bronx,Queens,10,Tuesday,5,54.53
green,Bronx,Queens,10,Tuesday,6,52.52
green,Bronx,Queens,10,Tuesday,7,54.93
green,Bronx,Queens,10,Tuesday,8,47.39
green,Bronx,Queens,10,Tuesday,9,42.08
green,Bronx,Queens,10,Tuesday,10,43.38
green,Bronx,Queens,10,Tuesday,11,44.42
green,Bronx,Queens,10,Tuesday,12,49.54
green,Bronx,Queens,10,Tuesday,13,45.9
green,Bronx,Queens,10,Tuesday,14,47.5
green,Bronx,Queens,10,Tuesday,15,49.99
green,Bronx,Queens,10,Tuesday,16,49.18
green,Bronx,Queens,10,Tuesday,17,53.35
green,Bronx,Queens,10,Tuesday,18,47.33
green,Bronx,Queens,10,Tuesday,19,49.62
green,Bronx,Queens,10,Tuesday,20,46.16
green,Bronx,Queens,10,Tuesday,21,41.96
green,Bronx,Queens,10,Tuesday,22,49.82
green,Bronx,Queens,10,Tuesday,23,47.24
green,Bronx,Queens,10,Wednesday,0,41.75
green,Bronx,Queens,10,Wednesday,1,36.72
green,Bronx,Queens,10,Wednesday,2,39.07
green,Bronx,Queens,10,Wednesday,3,48.53
green,Bronx,Queens,10,Wednesday,4,48.53
green,Bronx,Queens,10,Wednesday,5,54.68
green,Bronx,Queens,10,Wednesday,6,52.98
green,Bronx,Queens,10,Wednesday,7,51.97
green,Bronx,Queens,10,Wednesday,8,47.83
green,Bronx,Queens,10,Wednesday,9,47.2
green,Bronx,Queens,10,Wednesday,10,50.19
green,Bronx,Queens,10,Wednesday,11,42.46
green,Bronx,Queens,10,Wednesday,12,51.42
green,Bronx,Queens,10,Wednesday,13,48.47
green,Bronx,Queens,10,Wednesday,14,48.08
green,Bronx,Queens,10,Wednesday,15,49.74
green,Bronx,Queens,10,Wednesday,16,54.22
green,Bronx,Queens,10,Wednesday,17,54.07
green,Bronx,Queens,10,Wednesday,18,48.86
green,Bronx,Queens,10,Wednesday,19,47.88
green,Bronx,Queens,10,Wednesday,20,42.73
green,Bronx,Queens,10,Wednesday,21,39.62
green,Bronx,Queens,10,Wednesday,22,36.27
green,Bronx,Queens,10,Wednesday,23,41.88
green,Bronx,Queens,11,Friday,0,41.1
green,Bronx,Queens,11,Friday,1,37.14
green,Bronx,Queens,11,Friday,2,43.74
green,Bronx,Queens,11,Friday,3,45.55
green,Bronx,Queens,11,Friday,4,37.77
green,Bronx,Queens,11,Friday,5,52.31
green,Bronx,Queens,11,Friday,6,49.95
green,Bronx,Queens,11,Friday,7,47.63
green,Bronx,Queens,11,Friday,8,46.22
green,Bronx,Queens,11,Friday,9,43.83
green,Bronx,Queens,11,Friday,10,40.85
green,Bronx,Queens,11,Friday,11,46.64
green,Bronx,Queens,11,Friday,12,48.21
green,Bronx,Queens,11,Friday,13,48.1
green,Bronx,Queens,11,Friday,14,50.03
green,Bronx,Queens,11,Friday,15,52.13
green,Bronx,Queens,11,Friday,16,53.1
green,Bronx,Queens,11,Friday,17,50.07
green,Bronx,Queens,11,Friday,18,50.44
green,Bronx,Queens,11,Friday,19,53.46
green,Bronx,Queens,11,Friday,20,41.92
green,Bronx,Queens,11,Friday,21,40.88
green,Bronx,Queens,11,Friday,22,42.84
green,Bronx,Queens,11,Friday,23,46.61
green,Bronx,Queens,11,Monday,0,45.05
green,Bronx,Queens,11,Monday,1,46.24
green,Bronx,Queens,11,Monday,2,61.19
green,Bronx,Queens,11,Monday,3,55.1
green,Bronx,Queens,11,Monday,4,47.6
green,Bronx,Queens,11,Monday,5,53.36
green,Bronx,Queens,11,Monday,6,53.97
green,Bronx,Queens,11,Monday,7,49.23
green,Bronx,Queens,11,Monday,8,46.12
green,Bronx,Queens,11,Monday,9,45.39
green,Bronx,Queens,11,Monday,10,46.1
green,Bronx,Queens,11,Monday,11,46.64
green,Bronx,Queens,11,Monday,12,45.37
green,Bronx,Queens,11,Monday,13,49.69
green,Bronx,Queens,11,Monday,14,51.7
green,Bronx,Queens,11,Monday,15,52.93
green,Bronx,Queens,11,Monday,16,53.54
green,Bronx,Queens,11,Monday,17,53.39
green,Bronx,Queens,11,Monday,18,47.56
green,Bronx,Queens,11,Monday,19,49.47
green,Bronx,Queens,11,Monday,20,48.06
green,Bronx,Queens,11,Monday,21,52.22
green,Bronx,Queens,11,Monday,22,37.97
green,Bronx,Queens,11,Monday,23,50.49
green,Bronx,Queens,11,Saturday,0,38.42
green,Bronx,Queens,11,Saturday,1,36.94
green,Bronx,Queens,11,Saturday,2,34.77
green,Bronx,Queens,11,Saturday,3,45.46
green,Bronx,Queens,11,Saturday,4,40.96
green,Bronx,Queens,11,Saturday,5,36.71
green,Bronx,Queens,11,Saturday,6,46.35
green,Bronx,Queens,11,Saturday,7,47.31
green,Bronx,Queens,11,Saturday,8,47.68
green,Bronx,Queens,11,Saturday,9,44.94
green,Bronx,Queens,11,Saturday,10,47.44
green,Bronx,Queens,11,Saturday,11,43.51
green,Bronx,Queens,11,Saturday,12,46.71
green,Bronx,Queens,11,Saturday,13,52.01
green,Bronx,Queens,11,Saturday,14,46.89
green,Bronx,Queens,11,Saturday,15,48.6
green,Bronx,Queens,11,Saturday,16,45.52
green,Bronx,Queens,11,Saturday,17,50.57
green,Bronx,Queens,11,Saturday,18,44.48
green,Bronx,Queens,11,Saturday,19,43.56
green,Bronx,Queens,11,Saturday,20,44.18
green,Bronx,Queens,11,Saturday,21,44.45
green,Bronx,Queens,11,Saturday,22,44.69
green,Bronx,Queens,11,Saturday,23,47.36
green,Bronx,Queens,11,Sunday,0,38.65
green,Bronx,Queens,11,Sunday,1,41.23
green,Bronx,Queens,11,Sunday,2,46.55
green,Bronx,Queens,11,Sunday,3,41.32
green,Bronx,Queens,11,Sunday,4,37.92
green,Bronx,Queens,11,Sunday,5,44.99
green,Bronx,Queens,11,Sunday,6,42.19
green,Bronx,Queens,11,Sunday,7,47
green,Bronx,Queens,11,Sunday,8,42.04
green,Bronx,Queens,11,Sunday,9,48.61
green,Bronx,Queens,11,Sunday,10,48.97
green,Bronx,Queens,11,Sunday,11,42.95
green,Bronx,Queens,11,Sunday,12,46.63
green,Bronx,Queens,11,Sunday,13,48.48
green,Bronx,Queens,11,Sunday,14,47.05
green,Bronx,Queens,11,Sunday,15,51.41
green,Bronx,Queens,11,Sunday,16,48.77
green,Bronx,Queens,11,Sunday,17,47.14
green,Bronx,Queens,11,Sunday,18,44.45
green,Bronx,Queens,11,Sunday,19,51.66
green,Bronx,Queens,11,Sunday,20,44.29
green,Bronx,Queens,11,Sunday,21,45.84
green,Bronx,Queens,11,Sunday,22,34.46
green,Bronx,Queens,11,Sunday,23,42.75
green,Bronx,Queens,11,Thursday,0,40.47
green,Bronx,Queens,11,Thursday,1,21.51
green,Bronx,Queens,11,Thursday,2,41.91
green,Bronx,Queens,11,Thursday,3,46.63
green,Bronx,Queens,11,Thursday,4,47.96
green,Bronx,Queens,11,Thursday,5,50.61
green,Bronx,Queens,11,Thursday,6,51.29
green,Bronx,Queens,11,Thursday,7,48.53
green,Bronx,Queens,11,Thursday,8,46.99
green,Bronx,Queens,11,Thursday,9,50.57
green,Bronx,Queens,11,Thursday,10,49.49
green,Bronx,Queens,11,Thursday,11,46.65
green,Bronx,Queens,11,Thursday,12,49.01
green,Bronx,Queens,11,Thursday,13,48.27
green,Bronx,Queens,11,Thursday,14,49.52
green,Bronx,Queens,11,Thursday,15,51.76
green,Bronx,Queens,11,Thursday,16,51.94
green,Bronx,Queens,11,Thursday,17,48.9
green,Bronx,Queens,11,Thursday,18,48.76
green,Bronx,Queens,11,Thursday,19,45.27
green,Bronx,Queens,11,Thursday,20,46.88
green,Bronx,Queens,11,Thursday,21,43.67
green,Bronx,Queens,11,Thursday,22,45.84
green,Bronx,Queens,11,Thursday,23,42.74
green,Bronx,Queens,11,Tuesday,0,44.53
green,Bronx,Queens,11,Tuesday,1,43.72
green,Bronx,Queens,11,Tuesday,2,49.81
green,Bronx,Queens,11,Tuesday,3,50.61
green,Bronx,Queens,11,Tuesday,4,51.29
green,Bronx,Queens,11,Tuesday,5,51.08
green,Bronx,Queens,11,Tuesday,6,51.53
green,Bronx,Queens,11,Tuesday,7,53.95
green,Bronx,Queens,11,Tuesday,8,46.91
green,Bronx,Queens,11,Tuesday,9,51.87
green,Bronx,Queens,11,Tuesday,10,48.73
green,Bronx,Queens,11,Tuesday,11,47.22
green,Bronx,Queens,11,Tuesday,12,45.52
green,Bronx,Queens,11,Tuesday,13,49.73
green,Bronx,Queens,11,Tuesday,14,46.53
green,Bronx,Queens,11,Tuesday,15,53.08
green,Bronx,Queens,11,Tuesday,16,53.1
green,Bronx,Queens,11,Tuesday,17,58.89
green,Bronx,Queens,11,Tuesday,18,47.06
green,Bronx,Queens,11,Tuesday,19,47.23
green,Bronx,Queens,11,Tuesday,20,46.21
green,Bronx,Queens,11,Tuesday,21,48.99
green,Bronx,Queens,11,Tuesday,22,38.18
green,Bronx,Queens,11,Tuesday,23,39.82
green,Bronx,Queens,11,Wednesday,0,43.9
green,Bronx,Queens,11,Wednesday,1,32.08
green,Bronx,Queens,11,Wednesday,2,63.86
green,Bronx,Queens,11,Wednesday,3,43.27
green,Bronx,Queens,11,Wednesday,4,51.27
green,Bronx,Queens,11,Wednesday,5,54.82
green,Bronx,Queens,11,Wednesday,6,51.56
green,Bronx,Queens,11,Wednesday,7,50.94
green,Bronx,Queens,11,Wednesday,8,45.95
green,Bronx,Queens,11,Wednesday,9,49.1
green,Bronx,Queens,11,Wednesday,10,42.71
green,Bronx,Queens,11,Wednesday,11,43.75
green,Bronx,Queens,11,Wednesday,12,47.45
green,Bronx,Queens,11,Wednesday,13,48.1
green,Bronx,Queens,11,Wednesday,14,52.19
green,Bronx,Queens,11,Wednesday,15,52.07
green,Bronx,Queens,11,Wednesday,16,54.47
green,Bronx,Queens,11,Wednesday,17,55.93
green,Bronx,Queens,11,Wednesday,18,49.84
green,Bronx,Queens,11,Wednesday,19,47.81
green,Bronx,Queens,11,Wednesday,20,43
green,Bronx,Queens,11,Wednesday,21,42.08
green,Bronx,Queens,11,Wednesday,22,38.32
green,Bronx,Queens,11,Wednesday,23,50.29
green,Bronx,Queens,12,Friday,0,45.66
green,Bronx,Queens,12,Friday,1,39.63
green,Bronx,Queens,12,Friday,2,42.77
green,Bronx,Queens,12,Friday,3,47.97
green,Bronx,Queens,12,Friday,4,45.45
green,Bronx,Queens,12,Friday,5,46.58
green,Bronx,Queens,12,Friday,6,51.79
green,Bronx,Queens,12,Friday,7,46.01
green,Bronx,Queens,12,Friday,8,47.13
green,Bronx,Queens,12,Friday,9,46.38
green,Bronx,Queens,12,Friday,10,44.2
green,Bronx,Queens,12,Friday,11,43.35
green,Bronx,Queens,12,Friday,12,45.16
green,Bronx,Queens,12,Friday,13,44.42
green,Bronx,Queens,12,Friday,14,49.86
green,Bronx,Queens,12,Friday,15,50.54
green,Bronx,Queens,12,Friday,16,49.13
green,Bronx,Queens,12,Friday,17,54.17
green,Bronx,Queens,12,Friday,18,48.66
green,Bronx,Queens,12,Friday,19,46.44
green,Bronx,Queens,12,Friday,20,46.8
green,Bronx,Queens,12,Friday,21,42.98
green,Bronx,Queens,12,Friday,22,37.43
green,Bronx,Queens,12,Friday,23,38.56
green,Bronx,Queens,12,Monday,0,39.36
green,Bronx,Queens,12,Monday,1,40.93
green,Bronx,Queens,12,Monday,2,53.09
green,Bronx,Queens,12,Monday,3,51.26
green,Bronx,Queens,12,Monday,4,47.06
green,Bronx,Queens,12,Monday,5,51.58
green,Bronx,Queens,12,Monday,6,50.11
green,Bronx,Queens,12,Monday,7,47.7
green,Bronx,Queens,12,Monday,8,44.53
green,Bronx,Queens,12,Monday,9,47.55
green,Bronx,Queens,12,Monday,10,44.75
green,Bronx,Queens,12,Monday,11,43.48
green,Bronx,Queens,12,Monday,12,51.01
green,Bronx,Queens,12,Monday,13,51.01
green,Bronx,Queens,12,Monday,14,50.91
green,Bronx,Queens,12,Monday,15,51.06
green,Bronx,Queens,12,Monday,16,53.77
green,Bronx,Queens,12,Monday,17,54.72
green,Bronx,Queens,12,Monday,18,52.9
green,Bronx,Queens,12,Monday,19,58.05
green,Bronx,Queens,12,Monday,20,48.89
green,Bronx,Queens,12,Monday,21,40.02
green,Bronx,Queens,12,Monday,22,43.86
green,Bronx,Queens,12,Monday,23,46.15
green,Bronx,Queens,12,Saturday,0,39.85
green,Bronx,Queens,12,Saturday,1,42.26
green,Bronx,Queens,12,Saturday,2,42.71
green,Bronx,Queens,12,Saturday,3,41.7
green,Bronx,Queens,12,Saturday,4,42.22
green,Bronx,Queens,12,Saturday,5,44.1
green,Bronx,Queens,12,Saturday,6,47.12
green,Bronx,Queens,12,Saturday,7,46.31
green,Bronx,Queens,12,Saturday,8,46.89
green,Bronx,Queens,12,Saturday,9,44.19
green,Bronx,Queens,12,Saturday,10,46.94
green,Bronx,Queens,12,Saturday,11,48.83
green,Bronx,Queens,12,Saturday,12,49.19
green,Bronx,Queens,12,Saturday,13,48.41
green,Bronx,Queens,12,Saturday,14,42.68
green,Bronx,Queens,12,Saturday,15,44.18
green,Bronx,Queens,12,Saturday,16,47.72
green,Bronx,Queens,12,Saturday,17,48.97
green,Bronx,Queens,12,Saturday,18,47.96
green,Bronx,Queens,12,Saturday,19,44.08
green,Bronx,Queens,12,Saturday,20,43.29
green,Bronx,Queens,12,Saturday,21,45.1
green,Bronx,Queens,12,Saturday,22,46.44
green,Bronx,Queens,12,Saturday,23,41.82
green,Bronx,Queens,12,Sunday,0,39.54
green,Bronx,Queens,12,Sunday,1,43.97
green,Bronx,Queens,12,Sunday,2,42.6
green,Bronx,Queens,12,Sunday,3,43.66
green,Bronx,Queens,12,Sunday,4,46.98
green,Bronx,Queens,12,Sunday,5,53.76
green,Bronx,Queens,12,Sunday,6,50
green,Bronx,Queens,12,Sunday,7,43.94
green,Bronx,Queens,12,Sunday,8,49.89
green,Bronx,Queens,12,Sunday,9,43.28
green,Bronx,Queens,12,Sunday,10,48.62
green,Bronx,Queens,12,Sunday,11,47.85
green,Bronx,Queens,12,Sunday,12,44.59
green,Bronx,Queens,12,Sunday,13,50.87
green,Bronx,Queens,12,Sunday,14,50.02
green,Bronx,Queens,12,Sunday,15,49.08
green,Bronx,Queens,12,Sunday,16,54.07
green,Bronx,Queens,12,Sunday,17,49.32
green,Bronx,Queens,12,Sunday,18,51.05
green,Bronx,Queens,12,Sunday,19,51.84
green,Bronx,Queens,12,Sunday,20,51.44
green,Bronx,Queens,12,Sunday,21,46.11
green,Bronx,Queens,12,Sunday,22,42.16
green,Bronx,Queens,12,Sunday,23,44.14
green,Bronx,Queens,12,Thursday,0,35.78
green,Bronx,Queens,12,Thursday,1,37.79
green,Bronx,Queens,12,Thursday,2,44.92
green,Bronx,Queens,12,Thursday,3,44.75
green,Bronx,Queens,12,Thursday,4,55.75
green,Bronx,Queens,12,Thursday,5,49.08
green,Bronx,Queens,12,Thursday,6,51.36
green,Bronx,Queens,12,Thursday,7,51.31
green,Bronx,Queens,12,Thursday,8,46.47
green,Bronx,Queens,12,Thursday,9,46.99
green,Bronx,Queens,12,Thursday,10,47.84
green,Bronx,Queens,12,Thursday,11,48.46
green,Bronx,Queens,12,Thursday,12,57.12
green,Bronx,Queens,12,Thursday,13,45.69
green,Bronx,Queens,12,Thursday,14,52.02
green,Bronx,Queens,12,Thursday,15,49.71
green,Bronx,Queens,12,Thursday,16,51.37
green,Bronx,Queens,12,Thursday,17,53.58
green,Bronx,Queens,12,Thursday,18,48.05
green,Bronx,Queens,12,Thursday,19,46.88
green,Bronx,Queens,12,Thursday,20,42.17
green,Bronx,Queens,12,Thursday,21,41.26
green,Bronx,Queens,12,Thursday,22,43.35
green,Bronx,Queens,12,Thursday,23,39.36
green,Bronx,Queens,12,Tuesday,0,41.85
green,Bronx,Queens,12,Tuesday,1,39.37
green,Bronx,Queens,12,Tuesday,2,50.44
green,Bronx,Queens,12,Tuesday,3,45.06
green,Bronx,Queens,12,Tuesday,4,48.5
green,Bronx,Queens,12,Tuesday,5,51.46
green,Bronx,Queens,12,Tuesday,6,52.27
green,Bronx,Queens,12,Tuesday,7,45.4
green,Bronx,Queens,12,Tuesday,8,47.12
green,Bronx,Queens,12,Tuesday,9,46.47
green,Bronx,Queens,12,Tuesday,10,47.33
green,Bronx,Queens,12,Tuesday,11,44.91
green,Bronx,Queens,12,Tuesday,12,48.54
green,Bronx,Queens,12,Tuesday,13,48.89
green,Bronx,Queens,12,Tuesday,14,50.26
green,Bronx,Queens,12,Tuesday,15,49.74
green,Bronx,Queens,12,Tuesday,16,51.23
green,Bronx,Queens,12,Tuesday,17,50.94
green,Bronx,Queens,12,Tuesday,18,49.03
green,Bronx,Queens,12,Tuesday,19,49.17
green,Bronx,Queens,12,Tuesday,20,58.69
green,Bronx,Queens,12,Tuesday,21,42.88
green,Bronx,Queens,12,Tuesday,22,45.34
green,Bronx,Queens,12,Tuesday,23,48.43
green,Bronx,Queens,12,Wednesday,0,41.29
green,Bronx,Queens,12,Wednesday,1,39.61
green,Bronx,Queens,12,Wednesday,2,39.8
green,Bronx,Queens,12,Wednesday,3,43.22
green,Bronx,Queens,12,Wednesday,4,59.57
green,Bronx,Queens,12,Wednesday,5,55.77
green,Bronx,Queens,12,Wednesday,6,50.84
green,Bronx,Queens,12,Wednesday,7,47.34
green,Bronx,Queens,12,Wednesday,8,49.39
green,Bronx,Queens,12,Wednesday,9,46.58
green,Bronx,Queens,12,Wednesday,10,50.62
green,Bronx,Queens,12,Wednesday,11,48.2
green,Bronx,Queens,12,Wednesday,12,43.5
green,Bronx,Queens,12,Wednesday,13,50.02
green,Bronx,Queens,12,Wednesday,14,46.3
green,Bronx,Queens,12,Wednesday,15,53.56
green,Bronx,Queens,12,Wednesday,16,54.86
green,Bronx,Queens,12,Wednesday,17,52.02
green,Bronx,Queens,12,Wednesday,18,47.12
green,Bronx,Queens,12,Wednesday,19,44.64
green,Bronx,Queens,12,Wednesday,20,49.59
green,Bronx,Queens,12,Wednesday,21,40.34
green,Bronx,Queens,12,Wednesday,22,39.91
green,Bronx,Queens,12,Wednesday,23,37.42
green,Bronx,Staten Island,1,Friday,1,107.92
green,Bronx,Staten Island,1,Friday,15,101.08
green,Bronx,Staten Island,1,Friday,17,91.74
green,Bronx,Staten Island,1,Friday,18,109.08
green,Bronx,Staten Island,1,Friday,20,84
green,Bronx,Staten Island,1,Friday,21,97.58
green,Bronx,Staten Island,1,Monday,12,109.82
green,Bronx,Staten Island,1,Monday,18,100
green,Bronx,Staten Island,1,Saturday,0,81.87
green,Bronx,Staten Island,1,Saturday,4,79.33
green,Bronx,Staten Island,1,Saturday,16,92.32
green,Bronx,Staten Island,1,Sunday,12,106.53
green,Bronx,Staten Island,1,Sunday,15,73.54
green,Bronx,Staten Island,1,Thursday,10,103.17
green,Bronx,Staten Island,1,Thursday,20,101.96
green,Bronx,Staten Island,1,Tuesday,8,100.08
green,Bronx,Staten Island,1,Wednesday,18,97.58
green,Bronx,Staten Island,1,Wednesday,23,94.19
green,Bronx,Staten Island,2,Friday,15,90.5
green,Bronx,Staten Island,2,Friday,23,88.32
green,Bronx,Staten Island,2,Monday,10,75
green,Bronx,Staten Island,2,Monday,15,96.44
green,Bronx,Staten Island,2,Monday,19,70.3
green,Bronx,Staten Island,2,Saturday,3,99.5
green,Bronx,Staten Island,2,Saturday,8,91.32
green,Bronx,Staten Island,2,Saturday,9,95.32
green,Bronx,Staten Island,2,Saturday,12,77.16
green,Bronx,Staten Island,2,Saturday,14,123.42
green,Bronx,Staten Island,2,Saturday,19,104.08
green,Bronx,Staten Island,2,Sunday,5,105.5
green,Bronx,Staten Island,2,Sunday,10,89.47
green,Bronx,Staten Island,2,Sunday,14,99.58
green,Bronx,Staten Island,2,Sunday,16,102.74
green,Bronx,Staten Island,2,Tuesday,13,98.32
green,Bronx,Staten Island,2,Tuesday,17,140.99
green,Bronx,Staten Island,2,Tuesday,19,115.34
green,Bronx,Staten Island,2,Wednesday,16,112.34
green,Bronx,Staten Island,2,Wednesday,18,101.08
green,Bronx,Staten Island,2,Wednesday,19,92.82
green,Bronx,Staten Island,2,Wednesday,23,92.08
green,Bronx,Staten Island,3,Friday,7,92.58
green,Bronx,Staten Island,3,Friday,16,0
green,Bronx,Staten Island,3,Monday,11,94.54
green,Bronx,Staten Island,3,Saturday,12,64
green,Bronx,Staten Island,3,Saturday,16,102.34
green,Bronx,Staten Island,3,Saturday,20,30.66
green,Bronx,Staten Island,3,Saturday,22,55.29
green,Bronx,Staten Island,3,Sunday,5,86.5
green,Bronx,Staten Island,3,Sunday,6,105
green,Bronx,Staten Island,3,Sunday,7,75
green,Bronx,Staten Island,3,Sunday,8,105
green,Bronx,Staten Island,3,Sunday,15,75.71
green,Bronx,Staten Island,3,Thursday,9,115.66
green,Bronx,Staten Island,3,Thursday,14,97.92
green,Bronx,Staten Island,3,Thursday,21,101.88
green,Bronx,Staten Island,3,Thursday,23,20
green,Bronx,Staten Island,3,Tuesday,19,87.99
green,Bronx,Staten Island,3,Tuesday,22,101.16
green,Bronx,Staten Island,3,Wednesday,22,94.08
green,Bronx,Staten Island,4,Friday,10,84.92
green,Bronx,Staten Island,4,Friday,17,99.31
green,Bronx,Staten Island,4,Friday,23,97.68
green,Bronx,Staten Island,4,Monday,4,0
green,Bronx,Staten Island,4,Monday,5,92.05
green,Bronx,Staten Island,4,Monday,16,107.34
green,Bronx,Staten Island,4,Saturday,0,77.8
green,Bronx,Staten Island,4,Saturday,2,88.06
green,Bronx,Staten Island,4,Saturday,7,90.82
green,Bronx,Staten Island,4,Saturday,14,96.4
green,Bronx,Staten Island,4,Saturday,21,84.42
green,Bronx,Staten Island,4,Sunday,11,74.06
green,Bronx,Staten Island,4,Sunday,18,98.86
green,Bronx,Staten Island,4,Sunday,20,87.5
green,Bronx,Staten Island,4,Sunday,22,92.32
green,Bronx,Staten Island,4,Sunday,23,92.49
green,Bronx,Staten Island,4,Thursday,9,100.92
green,Bronx,Staten Island,4,Thursday,12,104.54
green,Bronx,Staten Island,4,Tuesday,11,102.08
green,Bronx,Staten Island,4,Tuesday,17,115.38
green,Bronx,Staten Island,4,Tuesday,20,89.66
green,Bronx,Staten Island,4,Tuesday,22,91.45
green,Bronx,Staten Island,4,Wednesday,10,109.08
green,Bronx,Staten Island,4,Wednesday,21,89.04
green,Bronx,Staten Island,4,Wednesday,23,95.29
green,Bronx,Staten Island,5,Friday,4,80.88
green,Bronx,Staten Island,5,Friday,22,91.91
green,Bronx,Staten Island,5,Monday,5,92.55
green,Bronx,Staten Island,5,Monday,13,103.32
green,Bronx,Staten Island,5,Monday,20,85
green,Bronx,Staten Island,5,Monday,21,82.16
green,Bronx,Staten Island,5,Saturday,0,102.08
green,Bronx,Staten Island,5,Saturday,4,98.4
green,Bronx,Staten Island,5,Saturday,9,100
green,Bronx,Staten Island,5,Saturday,18,86.62
green,Bronx,Staten Island,5,Sunday,0,87.88
green,Bronx,Staten Island,5,Sunday,4,50
green,Bronx,Staten Island,5,Sunday,6,92.3
green,Bronx,Staten Island,5,Sunday,8,83.82
green,Bronx,Staten Island,5,Sunday,11,97.42
green,Bronx,Staten Island,5,Sunday,13,75.42
green,Bronx,Staten Island,5,Sunday,20,79.42
green,Bronx,Staten Island,5,Thursday,17,95.99
green,Bronx,Staten Island,5,Thursday,18,220
green,Bronx,Staten Island,5,Thursday,21,92.54
green,Bronx,Staten Island,5,Tuesday,5,92.05
green,Bronx,Staten Island,5,Tuesday,13,106.53
green,Bronx,Staten Island,5,Tuesday,17,112.93
green,Bronx,Staten Island,5,Tuesday,18,104.08
green,Bronx,Staten Island,5,Tuesday,20,93.54
green,Bronx,Staten Island,5,Wednesday,15,100.82
green,Bronx,Staten Island,5,Wednesday,22,98.08
green,Bronx,Staten Island,6,Friday,4,73.8
green,Bronx,Staten Island,6,Friday,23,104.26
green,Bronx,Staten Island,6,Monday,9,92.85
green,Bronx,Staten Island,6,Monday,16,93.74
green,Bronx,Staten Island,6,Monday,21,110.96
green,Bronx,Staten Island,6,Saturday,1,92.29
green,Bronx,Staten Island,6,Saturday,8,93.82
green,Bronx,Staten Island,6,Saturday,10,97.32
green,Bronx,Staten Island,6,Saturday,12,102.08
green,Bronx,Staten Island,6,Sunday,2,85.32
green,Bronx,Staten Island,6,Sunday,10,105.91
green,Bronx,Staten Island,6,Sunday,18,80.3
green,Bronx,Staten Island,6,Sunday,19,108.3
green,Bronx,Staten Island,6,Thursday,12,96.91
green,Bronx,Staten Island,6,Thursday,17,98.62
green,Bronx,Staten Island,6,Tuesday,9,99.55
green,Bronx,Staten Island,6,Tuesday,14,104.08
green,Bronx,Staten Island,6,Tuesday,21,97.58
green,Bronx,Staten Island,6,Wednesday,0,102.25
green,Bronx,Staten Island,6,Wednesday,5,92.55
green,Bronx,Staten Island,6,Wednesday,12,76.38
green,Bronx,Staten Island,6,Wednesday,19,96.49
green,Bronx,Staten Island,7,Friday,5,104.8
green,Bronx,Staten Island,7,Friday,6,126.85
green,Bronx,Staten Island,7,Friday,10,11.08
green,Bronx,Staten Island,7,Friday,14,158.6
green,Bronx,Staten Island,7,Friday,15,95.9
green,Bronx,Staten Island,7,Friday,18,103.66
green,Bronx,Staten Island,7,Friday,22,120.8
green,Bronx,Staten Island,7,Monday,1,90.42
green,Bronx,Staten Island,7,Monday,5,96.05
green,Bronx,Staten Island,7,Monday,9,98.58
green,Bronx,Staten Island,7,Monday,21,95.58
green,Bronx,Staten Island,7,Saturday,0,109.1
green,Bronx,Staten Island,7,Saturday,1,89.29
green,Bronx,Staten Island,7,Saturday,7,87.38
green,Bronx,Staten Island,7,Saturday,16,89.94
green,Bronx,Staten Island,7,Saturday,18,90.42
green,Bronx,Staten Island,7,Sunday,0,95.1
green,Bronx,Staten Island,7,Sunday,13,110.49
green,Bronx,Staten Island,7,Sunday,14,91.35
green,Bronx,Staten Island,7,Thursday,1,91.75
green,Bronx,Staten Island,7,Thursday,5,89.85
green,Bronx,Staten Island,7,Thursday,14,90.67
green,Bronx,Staten Island,7,Tuesday,5,92.8
green,Bronx,Staten Island,7,Tuesday,16,75.06
green,Bronx,Staten Island,7,Tuesday,17,91.8
green,Bronx,Staten Island,7,Tuesday,18,101.58
green,Bronx,Staten Island,7,Tuesday,22,88.38
green,Bronx,Staten Island,7,Wednesday,5,100.3
green,Bronx,Staten Island,7,Wednesday,11,110.11
green,Bronx,Staten Island,8,Friday,3,104.82
green,Bronx,Staten Island,8,Friday,8,96.08
green,Bronx,Staten Island,8,Friday,13,130
green,Bronx,Staten Island,8,Friday,15,115.09
green,Bronx,Staten Island,8,Friday,20,80.66
green,Bronx,Staten Island,8,Friday,23,82.8
green,Bronx,Staten Island,8,Monday,4,96.05
green,Bronx,Staten Island,8,Monday,5,93.05
green,Bronx,Staten Island,8,Monday,10,94.22
green,Bronx,Staten Island,8,Monday,11,98.94
green,Bronx,Staten Island,8,Monday,12,102.08
green,Bronx,Staten Island,8,Monday,15,97.9
green,Bronx,Staten Island,8,Saturday,9,121.04
green,Bronx,Staten Island,8,Saturday,12,102.55
green,Bronx,Staten Island,8,Saturday,13,31.08
green,Bronx,Staten Island,8,Saturday,14,113.45
green,Bronx,Staten Island,8,Saturday,16,122.75
green,Bronx,Staten Island,8,Saturday,17,93.88
green,Bronx,Staten Island,8,Sunday,4,97.05
green,Bronx,Staten Island,8,Sunday,5,94.05
green,Bronx,Staten Island,8,Sunday,7,78.5
green,Bronx,Staten Island,8,Sunday,19,94.4
green,Bronx,Staten Island,8,Thursday,8,99.58
green,Bronx,Staten Island,8,Thursday,12,99.3
green,Bronx,Staten Island,8,Thursday,13,93.8
green,Bronx,Staten Island,8,Thursday,16,108.82
green,Bronx,Staten Island,8,Thursday,18,101.58
green,Bronx,Staten Island,8,Tuesday,0,79.16
green,Bronx,Staten Island,8,Tuesday,5,94.05
green,Bronx,Staten Island,8,Tuesday,12,111.08
green,Bronx,Staten Island,8,Tuesday,13,109.08
green,Bronx,Staten Island,8,Tuesday,15,89.9
green,Bronx,Staten Island,8,Tuesday,17,104.08
green,Bronx,Staten Island,8,Tuesday,19,90.9
green,Bronx,Staten Island,8,Wednesday,5,93.05
green,Bronx,Staten Island,8,Wednesday,21,112.58
green,Bronx,Staten Island,9,Friday,19,120.27
green,Bronx,Staten Island,9,Friday,20,81.9
green,Bronx,Staten Island,9,Friday,21,92.42
green,Bronx,Staten Island,9,Monday,5,89.68
green,Bronx,Staten Island,9,Monday,13,96.13
green,Bronx,Staten Island,9,Saturday,4,97.58
green,Bronx,Staten Island,9,Saturday,6,111.08
green,Bronx,Staten Island,9,Saturday,8,87.56
green,Bronx,Staten Island,9,Saturday,14,93.94
green,Bronx,Staten Island,9,Saturday,15,103.17
green,Bronx,Staten Island,9,Saturday,16,96.58
green,Bronx,Staten Island,9,Saturday,22,92.43
green,Bronx,Staten Island,9,Saturday,23,76.29
green,Bronx,Staten Island,9,Sunday,5,94.45
green,Bronx,Staten Island,9,Sunday,14,87.35
green,Bronx,Staten Island,9,Sunday,15,95.38
green,Bronx,Staten Island,9,Sunday,16,96.08
green,Bronx,Staten Island,9,Sunday,18,91.08
green,Bronx,Staten Island,9,Sunday,19,99.08
green,Bronx,Staten Island,9,Thursday,1,0
green,Bronx,Staten Island,9,Thursday,19,96.82
green,Bronx,Staten Island,9,Thursday,21,114.14
green,Bronx,Staten Island,9,Thursday,23,80.32
green,Bronx,Staten Island,9,Tuesday,4,99.55
green,Bronx,Staten Island,9,Tuesday,5,96.35
green,Bronx,Staten Island,9,Tuesday,13,99.77
green,Bronx,Staten Island,9,Tuesday,15,93.4
green,Bronx,Staten Island,9,Tuesday,22,101.63
green,Bronx,Staten Island,9,Wednesday,0,92.83
green,Bronx,Staten Island,9,Wednesday,4,91.35
green,Bronx,Staten Island,9,Wednesday,5,90.92
green,Bronx,Staten Island,9,Wednesday,12,93.82
green,Bronx,Staten Island,9,Wednesday,13,88.57
green,Bronx,Staten Island,9,Wednesday,14,90.1
green,Bronx,Staten Island,9,Wednesday,18,98.32
green,Bronx,Staten Island,9,Wednesday,22,109.9
green,Bronx,Staten Island,10,Friday,13,100
green,Bronx,Staten Island,10,Friday,15,120.58
green,Bronx,Staten Island,10,Friday,17,112.82
green,Bronx,Staten Island,10,Friday,18,94.32
green,Bronx,Staten Island,10,Friday,22,73.79
green,Bronx,Staten Island,10,Monday,5,90.85
green,Bronx,Staten Island,10,Monday,6,99.55
green,Bronx,Staten Island,10,Monday,11,98.9
green,Bronx,Staten Island,10,Monday,13,95.44
green,Bronx,Staten Island,10,Monday,22,97.08
green,Bronx,Staten Island,10,Saturday,11,86.32
green,Bronx,Staten Island,10,Saturday,16,97.79
green,Bronx,Staten Island,10,Saturday,21,98.08
green,Bronx,Staten Island,10,Sunday,15,96.85
green,Bronx,Staten Island,10,Thursday,5,84.85
green,Bronx,Staten Island,10,Tuesday,6,99.55
green,Bronx,Staten Island,10,Tuesday,13,77.3
green,Bronx,Staten Island,10,Tuesday,14,96.07
green,Bronx,Staten Island,10,Wednesday,4,99.55
green,Bronx,Staten Island,10,Wednesday,12,82.04
green,Bronx,Staten Island,10,Wednesday,18,127.11
green,Bronx,Staten Island,11,Friday,19,99.58
green,Bronx,Staten Island,11,Friday,21,95.58
green,Bronx,Staten Island,11,Saturday,5,95.05
green,Bronx,Staten Island,11,Saturday,11,75.3
green,Bronx,Staten Island,11,Saturday,19,104.58
green,Bronx,Staten Island,11,Saturday,22,90.08
green,Bronx,Staten Island,11,Sunday,1,118.06
green,Bronx,Staten Island,11,Sunday,5,98.35
green,Bronx,Staten Island,11,Sunday,15,93.73
green,Bronx,Staten Island,11,Sunday,20,103.1
green,Bronx,Staten Island,11,Sunday,21,91.82
green,Bronx,Staten Island,11,Sunday,22,97.58
green,Bronx,Staten Island,11,Thursday,0,85
green,Bronx,Staten Island,11,Thursday,12,97.32
green,Bronx,Staten Island,11,Thursday,13,126.02
green,Bronx,Staten Island,11,Thursday,14,104.58
green,Bronx,Staten Island,11,Thursday,15,89.85
green,Bronx,Staten Island,11,Thursday,19,101.08
green,Bronx,Staten Island,11,Thursday,22,116.24
green,Bronx,Staten Island,11,Tuesday,1,103.42
green,Bronx,Staten Island,11,Tuesday,6,95.1
green,Bronx,Staten Island,11,Tuesday,15,101.32
green,Bronx,Staten Island,11,Tuesday,17,105.84
green,Bronx,Staten Island,11,Wednesday,4,99.55
green,Bronx,Staten Island,11,Wednesday,5,89.85
green,Bronx,Staten Island,11,Wednesday,17,103.58
green,Bronx,Staten Island,11,Wednesday,21,93.32
green,Bronx,Staten Island,12,Friday,8,105.34
green,Bronx,Staten Island,12,Friday,10,89.58
green,Bronx,Staten Island,12,Friday,16,97.73
green,Bronx,Staten Island,12,Friday,19,102.41
green,Bronx,Staten Island,12,Monday,11,105.43
green,Bronx,Staten Island,12,Monday,14,99.58
green,Bronx,Staten Island,12,Monday,15,99.9
green,Bronx,Staten Island,12,Monday,16,105.54
green,Bronx,Staten Island,12,Monday,21,91.82
green,Bronx,Staten Island,12,Saturday,1,91.32
green,Bronx,Staten Island,12,Saturday,14,88.14
green,Bronx,Staten Island,12,Saturday,15,98.58
green,Bronx,Staten Island,12,Saturday,17,105.08
green,Bronx,Staten Island,12,Sunday,1,79.38
green,Bronx,Staten Island,12,Sunday,15,95.28
green,Bronx,Staten Island,12,Sunday,16,100.83
green,Bronx,Staten Island,12,Thursday,7,98.08
green,Bronx,Staten Island,12,Thursday,10,113.17
green,Bronx,Staten Island,12,Thursday,21,99.4
green,Bronx,Staten Island,12,Tuesday,8,103.58
green,Bronx,Staten Island,12,Tuesday,13,102.32
green,Bronx,Staten Island,12,Tuesday,15,92.9
green,Bronx,Staten Island,12,Tuesday,20,98.28
green,Bronx,Staten Island,12,Tuesday,21,94.96
green,Bronx,Staten Island,12,Wednesday,7,90.32
green,Bronx,Staten Island,12,Wednesday,9,91.35
green,Bronx,Staten Island,12,Wednesday,12,96.01
green,Bronx,Staten Island,12,Wednesday,15,92.9
green,Bronx,Staten Island,12,Wednesday,16,98.4
green,Bronx,Staten Island,12,Wednesday,21,94.82
green,Bronx,Staten Island,12,Wednesday,23,74.54
green,Bronx,Unknown,1,Friday,0,18.66
green,Bronx,Unknown,1,Friday,1,28.52
green,Bronx,Unknown,1,Friday,2,22.6
green,Bronx,Unknown,1,Friday,3,34.45
green,Bronx,Unknown,1,Friday,4,17.46
green,Bronx,Unknown,1,Friday,5,23.95
green,Bronx,Unknown,1,Friday,6,20.62
green,Bronx,Unknown,1,Friday,7,31.61
green,Bronx,Unknown,1,Friday,8,22.15
green,Bronx,Unknown,1,Friday,9,24.29
green,Bronx,Unknown,1,Friday,10,28.92
green,Bronx,Unknown,1,Friday,11,25.19
green,Bronx,Unknown,1,Friday,12,22.65
green,Bronx,Unknown,1,Friday,13,28.24
green,Bronx,Unknown,1,Friday,14,23.46
green,Bronx,Unknown,1,Friday,15,23.22
green,Bronx,Unknown,1,Friday,16,26.3
green,Bronx,Unknown,1,Friday,17,28.68
green,Bronx,Unknown,1,Friday,18,24.28
green,Bronx,Unknown,1,Friday,19,22.04
green,Bronx,Unknown,1,Friday,20,26.71
green,Bronx,Unknown,1,Friday,21,27.14
green,Bronx,Unknown,1,Friday,22,27.92
green,Bronx,Unknown,1,Friday,23,30.21
green,Bronx,Unknown,1,Monday,0,29.64
green,Bronx,Unknown,1,Monday,1,27.86
green,Bronx,Unknown,1,Monday,2,21.92
green,Bronx,Unknown,1,Monday,3,35.39
green,Bronx,Unknown,1,Monday,4,22.36
green,Bronx,Unknown,1,Monday,5,11.94
green,Bronx,Unknown,1,Monday,6,24.41
green,Bronx,Unknown,1,Monday,7,30.95
green,Bronx,Unknown,1,Monday,8,28.32
green,Bronx,Unknown,1,Monday,9,21.18
green,Bronx,Unknown,1,Monday,10,26.52
green,Bronx,Unknown,1,Monday,11,36.39
green,Bronx,Unknown,1,Monday,12,23.37
green,Bronx,Unknown,1,Monday,13,23.89
green,Bronx,Unknown,1,Monday,14,23.78
green,Bronx,Unknown,1,Monday,15,27.72
green,Bronx,Unknown,1,Monday,16,27.22
green,Bronx,Unknown,1,Monday,17,21.47
green,Bronx,Unknown,1,Monday,18,21.38
green,Bronx,Unknown,1,Monday,19,24.59
green,Bronx,Unknown,1,Monday,20,28.8
green,Bronx,Unknown,1,Monday,21,20.02
green,Bronx,Unknown,1,Monday,22,19.39
green,Bronx,Unknown,1,Monday,23,17.3
green,Bronx,Unknown,1,Saturday,0,21.51
green,Bronx,Unknown,1,Saturday,1,31.42
green,Bronx,Unknown,1,Saturday,2,26.36
green,Bronx,Unknown,1,Saturday,3,34.78
green,Bronx,Unknown,1,Saturday,4,16.51
green,Bronx,Unknown,1,Saturday,5,24.46
green,Bronx,Unknown,1,Saturday,6,22.43
green,Bronx,Unknown,1,Saturday,7,26.43
green,Bronx,Unknown,1,Saturday,8,30.57
green,Bronx,Unknown,1,Saturday,9,24.43
green,Bronx,Unknown,1,Saturday,10,23.5
green,Bronx,Unknown,1,Saturday,11,24.54
green,Bronx,Unknown,1,Saturday,12,18.83
green,Bronx,Unknown,1,Saturday,13,21.64
green,Bronx,Unknown,1,Saturday,14,29.51
green,Bronx,Unknown,1,Saturday,15,27.26
green,Bronx,Unknown,1,Saturday,16,24.94
green,Bronx,Unknown,1,Saturday,17,23.27
green,Bronx,Unknown,1,Saturday,18,24.82
green,Bronx,Unknown,1,Saturday,19,21.79
green,Bronx,Unknown,1,Saturday,20,25.39
green,Bronx,Unknown,1,Saturday,21,23.75
green,Bronx,Unknown,1,Saturday,22,28.95
green,Bronx,Unknown,1,Saturday,23,24.33
green,Bronx,Unknown,1,Sunday,0,30.96
green,Bronx,Unknown,1,Sunday,1,22.41
green,Bronx,Unknown,1,Sunday,2,25.47
green,Bronx,Unknown,1,Sunday,3,32.04
green,Bronx,Unknown,1,Sunday,4,18.42
green,Bronx,Unknown,1,Sunday,5,26.96
green,Bronx,Unknown,1,Sunday,6,19.31
green,Bronx,Unknown,1,Sunday,7,28.56
green,Bronx,Unknown,1,Sunday,8,28.31
green,Bronx,Unknown,1,Sunday,9,26.39
green,Bronx,Unknown,1,Sunday,10,23.47
green,Bronx,Unknown,1,Sunday,11,31.16
green,Bronx,Unknown,1,Sunday,12,20.9
green,Bronx,Unknown,1,Sunday,13,25.16
green,Bronx,Unknown,1,Sunday,14,26.03
green,Bronx,Unknown,1,Sunday,15,25.52
green,Bronx,Unknown,1,Sunday,16,31.28
green,Bronx,Unknown,1,Sunday,17,26.06
green,Bronx,Unknown,1,Sunday,18,26.25
green,Bronx,Unknown,1,Sunday,19,33.6
green,Bronx,Unknown,1,Sunday,20,26.81
green,Bronx,Unknown,1,Sunday,21,28.03
green,Bronx,Unknown,1,Sunday,22,19.84
green,Bronx,Unknown,1,Sunday,23,29.54
green,Bronx,Unknown,1,Thursday,0,26.57
green,Bronx,Unknown,1,Thursday,1,28.01
green,Bronx,Unknown,1,Thursday,2,46.46
green,Bronx,Unknown,1,Thursday,3,25.63
green,Bronx,Unknown,1,Thursday,4,19.73
green,Bronx,Unknown,1,Thursday,5,24.6
green,Bronx,Unknown,1,Thursday,6,21.81
green,Bronx,Unknown,1,Thursday,7,22.26
green,Bronx,Unknown,1,Thursday,8,22.89
green,Bronx,Unknown,1,Thursday,9,20.33
green,Bronx,Unknown,1,Thursday,10,21.29
green,Bronx,Unknown,1,Thursday,11,28.57
green,Bronx,Unknown,1,Thursday,12,24.58
green,Bronx,Unknown,1,Thursday,13,24.8
green,Bronx,Unknown,1,Thursday,14,23.91
green,Bronx,Unknown,1,Thursday,15,22.96
green,Bronx,Unknown,1,Thursday,16,27.78
green,Bronx,Unknown,1,Thursday,17,24.57
green,Bronx,Unknown,1,Thursday,18,26.09
green,Bronx,Unknown,1,Thursday,19,32.86
green,Bronx,Unknown,1,Thursday,20,27.53
green,Bronx,Unknown,1,Thursday,21,26.2
green,Bronx,Unknown,1,Thursday,22,28.79
green,Bronx,Unknown,1,Thursday,23,20.82
green,Bronx,Unknown,1,Tuesday,0,25.02
green,Bronx,Unknown,1,Tuesday,1,21.28
green,Bronx,Unknown,1,Tuesday,2,5.9
green,Bronx,Unknown,1,Tuesday,3,14.66
green,Bronx,Unknown,1,Tuesday,5,30.52
green,Bronx,Unknown,1,Tuesday,6,27.8
green,Bronx,Unknown,1,Tuesday,7,21.71
green,Bronx,Unknown,1,Tuesday,8,22.11
green,Bronx,Unknown,1,Tuesday,9,28.46
green,Bronx,Unknown,1,Tuesday,10,21.46
green,Bronx,Unknown,1,Tuesday,11,25.69
green,Bronx,Unknown,1,Tuesday,12,23.76
green,Bronx,Unknown,1,Tuesday,13,34.82
green,Bronx,Unknown,1,Tuesday,14,28.29
green,Bronx,Unknown,1,Tuesday,15,22.1
green,Bronx,Unknown,1,Tuesday,16,28.58
green,Bronx,Unknown,1,Tuesday,17,27.05
green,Bronx,Unknown,1,Tuesday,18,23.09
green,Bronx,Unknown,1,Tuesday,19,23.96
green,Bronx,Unknown,1,Tuesday,20,22.19
green,Bronx,Unknown,1,Tuesday,21,24.35
green,Bronx,Unknown,1,Tuesday,22,28.24
green,Bronx,Unknown,1,Tuesday,23,29.75
green,Bronx,Unknown,1,Wednesday,0,21.55
green,Bronx,Unknown,1,Wednesday,1,34.01
green,Bronx,Unknown,1,Wednesday,2,21.66
green,Bronx,Unknown,1,Wednesday,3,37.18
green,Bronx,Unknown,1,Wednesday,4,39.02
green,Bronx,Unknown,1,Wednesday,5,16.13
green,Bronx,Unknown,1,Wednesday,6,31.78
green,Bronx,Unknown,1,Wednesday,7,30.67
green,Bronx,Unknown,1,Wednesday,8,24.14
green,Bronx,Unknown,1,Wednesday,9,24.69
green,Bronx,Unknown,1,Wednesday,10,20.92
green,Bronx,Unknown,1,Wednesday,11,30.49
green,Bronx,Unknown,1,Wednesday,12,28.22
green,Bronx,Unknown,1,Wednesday,13,25.95
green,Bronx,Unknown,1,Wednesday,14,30.37
green,Bronx,Unknown,1,Wednesday,15,23.67
green,Bronx,Unknown,1,Wednesday,16,25.84
green,Bronx,Unknown,1,Wednesday,17,23.96
green,Bronx,Unknown,1,Wednesday,18,23.43
green,Bronx,Unknown,1,Wednesday,19,28.35
green,Bronx,Unknown,1,Wednesday,20,33.01
green,Bronx,Unknown,1,Wednesday,21,24.83
green,Bronx,Unknown,1,Wednesday,22,28.74
green,Bronx,Unknown,1,Wednesday,23,22.97
green,Bronx,Unknown,2,Friday,0,22.7
green,Bronx,Unknown,2,Friday,1,22.09
green,Bronx,Unknown,2,Friday,2,17.18
green,Bronx,Unknown,2,Friday,3,39.53
green,Bronx,Unknown,2,Friday,4,27.03
green,Bronx,Unknown,2,Friday,5,33.45
green,Bronx,Unknown,2,Friday,6,18.22
green,Bronx,Unknown,2,Friday,7,26.03
green,Bronx,Unknown,2,Friday,8,28.5
green,Bronx,Unknown,2,Friday,9,22.76
green,Bronx,Unknown,2,Friday,10,23.95
green,Bronx,Unknown,2,Friday,11,29.13
green,Bronx,Unknown,2,Friday,12,31.66
green,Bronx,Unknown,2,Friday,13,26.57
green,Bronx,Unknown,2,Friday,14,26.33
green,Bronx,Unknown,2,Friday,15,25.76
green,Bronx,Unknown,2,Friday,16,28.4
green,Bronx,Unknown,2,Friday,17,27.43
green,Bronx,Unknown,2,Friday,18,24.75
green,Bronx,Unknown,2,Friday,19,23.6
green,Bronx,Unknown,2,Friday,20,23.36
green,Bronx,Unknown,2,Friday,21,24.76
green,Bronx,Unknown,2,Friday,22,21.55
green,Bronx,Unknown,2,Friday,23,23.36
green,Bronx,Unknown,2,Monday,0,20.41
green,Bronx,Unknown,2,Monday,1,27.1
green,Bronx,Unknown,2,Monday,2,29.04
green,Bronx,Unknown,2,Monday,3,22.38
green,Bronx,Unknown,2,Monday,4,18.47
green,Bronx,Unknown,2,Monday,5,25.93
green,Bronx,Unknown,2,Monday,6,22.87
green,Bronx,Unknown,2,Monday,7,31.79
green,Bronx,Unknown,2,Monday,8,23.45
green,Bronx,Unknown,2,Monday,9,24.17
green,Bronx,Unknown,2,Monday,10,31.14
green,Bronx,Unknown,2,Monday,11,24.68
green,Bronx,Unknown,2,Monday,12,21.82
green,Bronx,Unknown,2,Monday,13,23.23
green,Bronx,Unknown,2,Monday,14,23.64
green,Bronx,Unknown,2,Monday,15,21.31
green,Bronx,Unknown,2,Monday,16,30.02
green,Bronx,Unknown,2,Monday,17,24.85
green,Bronx,Unknown,2,Monday,18,24.62
green,Bronx,Unknown,2,Monday,19,28.38
green,Bronx,Unknown,2,Monday,20,22.62
green,Bronx,Unknown,2,Monday,21,26.15
green,Bronx,Unknown,2,Monday,22,22.07
green,Bronx,Unknown,2,Monday,23,28.71
green,Bronx,Unknown,2,Saturday,0,21.75
green,Bronx,Unknown,2,Saturday,1,66.54
green,Bronx,Unknown,2,Saturday,2,33.96
green,Bronx,Unknown,2,Saturday,3,35.65
green,Bronx,Unknown,2,Saturday,4,24.34
green,Bronx,Unknown,2,Saturday,5,32.5
green,Bronx,Unknown,2,Saturday,6,12.53
green,Bronx,Unknown,2,Saturday,7,22.5
green,Bronx,Unknown,2,Saturday,8,29.6
green,Bronx,Unknown,2,Saturday,9,25.7
green,Bronx,Unknown,2,Saturday,10,20.9
green,Bronx,Unknown,2,Saturday,11,25.22
green,Bronx,Unknown,2,Saturday,12,24.5
green,Bronx,Unknown,2,Saturday,13,26.3
green,Bronx,Unknown,2,Saturday,14,20.68
green,Bronx,Unknown,2,Saturday,15,23.52
green,Bronx,Unknown,2,Saturday,16,26.59
green,Bronx,Unknown,2,Saturday,17,24.85
green,Bronx,Unknown,2,Saturday,18,26.52
green,Bronx,Unknown,2,Saturday,19,21.59
green,Bronx,Unknown,2,Saturday,20,25.36
green,Bronx,Unknown,2,Saturday,21,26.84
green,Bronx,Unknown,2,Saturday,22,24.22
green,Bronx,Unknown,2,Saturday,23,25.69
green,Bronx,Unknown,2,Sunday,0,25.86
green,Bronx,Unknown,2,Sunday,1,24.91
green,Bronx,Unknown,2,Sunday,2,15.68
green,Bronx,Unknown,2,Sunday,3,26.12
green,Bronx,Unknown,2,Sunday,4,28.61
green,Bronx,Unknown,2,Sunday,5,20.94
green,Bronx,Unknown,2,Sunday,6,21.15
green,Bronx,Unknown,2,Sunday,7,28.8
green,Bronx,Unknown,2,Sunday,8,25.9
green,Bronx,Unknown,2,Sunday,9,19.12
green,Bronx,Unknown,2,Sunday,10,25.4
green,Bronx,Unknown,2,Sunday,11,21.94
green,Bronx,Unknown,2,Sunday,12,26.53
green,Bronx,Unknown,2,Sunday,13,22.61
green,Bronx,Unknown,2,Sunday,14,28.19
green,Bronx,Unknown,2,Sunday,15,25.06
green,Bronx,Unknown,2,Sunday,16,26.65
green,Bronx,Unknown,2,Sunday,17,27.01
green,Bronx,Unknown,2,Sunday,18,25.57
green,Bronx,Unknown,2,Sunday,19,25.36
green,Bronx,Unknown,2,Sunday,20,23.99
green,Bronx,Unknown,2,Sunday,21,22.46
green,Bronx,Unknown,2,Sunday,22,26.9
green,Bronx,Unknown,2,Sunday,23,23.28
green,Bronx,Unknown,2,Thursday,0,15.1
green,Bronx,Unknown,2,Thursday,1,23.09
green,Bronx,Unknown,2,Thursday,2,22.75
green,Bronx,Unknown,2,Thursday,3,17.53
green,Bronx,Unknown,2,Thursday,4,31.03
green,Bronx,Unknown,2,Thursday,5,26.6
green,Bronx,Unknown,2,Thursday,6,23.63
green,Bronx,Unknown,2,Thursday,7,32.8
green,Bronx,Unknown,2,Thursday,8,25.95
green,Bronx,Unknown,2,Thursday,9,27.78
green,Bronx,Unknown,2,Thursday,10,28.02
green,Bronx,Unknown,2,Thursday,11,23.58
green,Bronx,Unknown,2,Thursday,12,27.32
green,Bronx,Unknown,2,Thursday,13,31.87
green,Bronx,Unknown,2,Thursday,14,30.12
green,Bronx,Unknown,2,Thursday,15,21.37
green,Bronx,Unknown,2,Thursday,16,29.55
green,Bronx,Unknown,2,Thursday,17,28.71
green,Bronx,Unknown,2,Thursday,18,23.12
green,Bronx,Unknown,2,Thursday,19,25.71
green,Bronx,Unknown,2,Thursday,20,20.77
green,Bronx,Unknown,2,Thursday,21,21.59
green,Bronx,Unknown,2,Thursday,22,25.73
green,Bronx,Unknown,2,Thursday,23,23.33
green,Bronx,Unknown,2,Tuesday,0,32.2
green,Bronx,Unknown,2,Tuesday,1,25.08
green,Bronx,Unknown,2,Tuesday,2,24.81
green,Bronx,Unknown,2,Tuesday,3,9
green,Bronx,Unknown,2,Tuesday,4,6.25
green,Bronx,Unknown,2,Tuesday,5,20.9
green,Bronx,Unknown,2,Tuesday,6,22.89
green,Bronx,Unknown,2,Tuesday,7,29.48
green,Bronx,Unknown,2,Tuesday,8,28.4
green,Bronx,Unknown,2,Tuesday,9,23.52
green,Bronx,Unknown,2,Tuesday,10,23.73
green,Bronx,Unknown,2,Tuesday,11,27.3
green,Bronx,Unknown,2,Tuesday,12,20.62
green,Bronx,Unknown,2,Tuesday,13,30.49
green,Bronx,Unknown,2,Tuesday,14,22.81
green,Bronx,Unknown,2,Tuesday,15,30.79
green,Bronx,Unknown,2,Tuesday,16,26.34
green,Bronx,Unknown,2,Tuesday,17,24.61
green,Bronx,Unknown,2,Tuesday,18,29.86
green,Bronx,Unknown,2,Tuesday,19,22.84
green,Bronx,Unknown,2,Tuesday,20,19.41
green,Bronx,Unknown,2,Tuesday,21,26.74
green,Bronx,Unknown,2,Tuesday,22,18.29
green,Bronx,Unknown,2,Tuesday,23,22.5
green,Bronx,Unknown,2,Wednesday,0,16.31
green,Bronx,Unknown,2,Wednesday,1,32.61
green,Bronx,Unknown,2,Wednesday,2,21.77
green,Bronx,Unknown,2,Wednesday,3,15
green,Bronx,Unknown,2,Wednesday,4,42.63
green,Bronx,Unknown,2,Wednesday,5,36.31
green,Bronx,Unknown,2,Wednesday,6,24.31
green,Bronx,Unknown,2,Wednesday,7,29.62
green,Bronx,Unknown,2,Wednesday,8,24.76
green,Bronx,Unknown,2,Wednesday,9,21.47
green,Bronx,Unknown,2,Wednesday,10,24.67
green,Bronx,Unknown,2,Wednesday,11,23.43
green,Bronx,Unknown,2,Wednesday,12,25.61
green,Bronx,Unknown,2,Wednesday,13,23.55
green,Bronx,Unknown,2,Wednesday,14,21.51
green,Bronx,Unknown,2,Wednesday,15,20.47
green,Bronx,Unknown,2,Wednesday,16,24.82
green,Bronx,Unknown,2,Wednesday,17,23.57
green,Bronx,Unknown,2,Wednesday,18,26.87
green,Bronx,Unknown,2,Wednesday,19,21.86
green,Bronx,Unknown,2,Wednesday,20,25.21
green,Bronx,Unknown,2,Wednesday,21,19.49
green,Bronx,Unknown,2,Wednesday,22,28.56
green,Bronx,Unknown,2,Wednesday,23,21.32
green,Bronx,Unknown,3,Friday,0,20.93
green,Bronx,Unknown,3,Friday,1,21.32
green,Bronx,Unknown,3,Friday,2,18.23
green,Bronx,Unknown,3,Friday,3,50.3
green,Bronx,Unknown,3,Friday,4,18.47
green,Bronx,Unknown,3,Friday,5,21.34
green,Bronx,Unknown,3,Friday,6,28.63
green,Bronx,Unknown,3,Friday,7,26.33
green,Bronx,Unknown,3,Friday,8,24.68
green,Bronx,Unknown,3,Friday,9,26.86
green,Bronx,Unknown,3,Friday,10,22.45
green,Bronx,Unknown,3,Friday,11,22.56
green,Bronx,Unknown,3,Friday,12,24.76
green,Bronx,Unknown,3,Friday,13,30.67
green,Bronx,Unknown,3,Friday,14,23.87
green,Bronx,Unknown,3,Friday,15,27.05
green,Bronx,Unknown,3,Friday,16,27.08
green,Bronx,Unknown,3,Friday,17,24.59
green,Bronx,Unknown,3,Friday,18,24.84
green,Bronx,Unknown,3,Friday,19,24.76
green,Bronx,Unknown,3,Friday,20,23.04
green,Bronx,Unknown,3,Friday,21,23.56
green,Bronx,Unknown,3,Friday,22,27.81
green,Bronx,Unknown,3,Friday,23,25.28
green,Bronx,Unknown,3,Monday,0,26.8
green,Bronx,Unknown,3,Monday,1,20.85
green,Bronx,Unknown,3,Monday,2,29.81
green,Bronx,Unknown,3,Monday,3,16.88
green,Bronx,Unknown,3,Monday,4,26.7
green,Bronx,Unknown,3,Monday,5,26.99
green,Bronx,Unknown,3,Monday,6,20.29
green,Bronx,Unknown,3,Monday,7,31.7
green,Bronx,Unknown,3,Monday,8,28.67
green,Bronx,Unknown,3,Monday,9,26.06
green,Bronx,Unknown,3,Monday,10,23.47
green,Bronx,Unknown,3,Monday,11,20.89
green,Bronx,Unknown,3,Monday,12,24.17
green,Bronx,Unknown,3,Monday,13,23.48
green,Bronx,Unknown,3,Monday,14,24.47
green,Bronx,Unknown,3,Monday,15,29.15
green,Bronx,Unknown,3,Monday,16,28.59
green,Bronx,Unknown,3,Monday,17,25.38
green,Bronx,Unknown,3,Monday,18,26.84
green,Bronx,Unknown,3,Monday,19,24.25
green,Bronx,Unknown,3,Monday,20,21.06
green,Bronx,Unknown,3,Monday,21,16.85
green,Bronx,Unknown,3,Monday,22,20.6
green,Bronx,Unknown,3,Monday,23,19.81
green,Bronx,Unknown,3,Saturday,0,20.14
green,Bronx,Unknown,3,Saturday,1,29.9
green,Bronx,Unknown,3,Saturday,2,26.91
green,Bronx,Unknown,3,Saturday,3,29.54
green,Bronx,Unknown,3,Saturday,4,19.29
green,Bronx,Unknown,3,Saturday,5,21.83
green,Bronx,Unknown,3,Saturday,6,21.6
green,Bronx,Unknown,3,Saturday,7,29.2
green,Bronx,Unknown,3,Saturday,8,34.66
green,Bronx,Unknown,3,Saturday,9,20.59
green,Bronx,Unknown,3,Saturday,10,24.41
green,Bronx,Unknown,3,Saturday,11,22.45
green,Bronx,Unknown,3,Saturday,12,27.76
green,Bronx,Unknown,3,Saturday,13,23.12
green,Bronx,Unknown,3,Saturday,14,24.85
green,Bronx,Unknown,3,Saturday,15,21.47
green,Bronx,Unknown,3,Saturday,16,24.88
green,Bronx,Unknown,3,Saturday,17,24.07
green,Bronx,Unknown,3,Saturday,18,22.71
green,Bronx,Unknown,3,Saturday,19,24.59
green,Bronx,Unknown,3,Saturday,20,23.91
green,Bronx,Unknown,3,Saturday,21,25.59
green,Bronx,Unknown,3,Saturday,22,22.15
green,Bronx,Unknown,3,Saturday,23,25.36
green,Bronx,Unknown,3,Sunday,0,24.56
green,Bronx,Unknown,3,Sunday,1,30.48
green,Bronx,Unknown,3,Sunday,2,23.68
green,Bronx,Unknown,3,Sunday,3,25.03
green,Bronx,Unknown,3,Sunday,4,24.29
green,Bronx,Unknown,3,Sunday,5,24.26
green,Bronx,Unknown,3,Sunday,6,35.48
green,Bronx,Unknown,3,Sunday,7,31.29
green,Bronx,Unknown,3,Sunday,8,24.45
green,Bronx,Unknown,3,Sunday,9,24.94
green,Bronx,Unknown,3,Sunday,10,22.54
green,Bronx,Unknown,3,Sunday,11,27.42
green,Bronx,Unknown,3,Sunday,12,26.44
green,Bronx,Unknown,3,Sunday,13,24.63
green,Bronx,Unknown,3,Sunday,14,25.71
green,Bronx,Unknown,3,Sunday,15,27.11
green,Bronx,Unknown,3,Sunday,16,24.52
green,Bronx,Unknown,3,Sunday,17,22.63
green,Bronx,Unknown,3,Sunday,18,21
green,Bronx,Unknown,3,Sunday,19,19.33
green,Bronx,Unknown,3,Sunday,20,23.21
green,Bronx,Unknown,3,Sunday,21,25.62
green,Bronx,Unknown,3,Sunday,22,23.09
green,Bronx,Unknown,3,Sunday,23,21.41
green,Bronx,Unknown,3,Thursday,0,26.41
green,Bronx,Unknown,3,Thursday,1,26.35
green,Bronx,Unknown,3,Thursday,2,10.45
green,Bronx,Unknown,3,Thursday,3,10
green,Bronx,Unknown,3,Thursday,4,42.7
green,Bronx,Unknown,3,Thursday,5,27.66
green,Bronx,Unknown,3,Thursday,6,26.67
green,Bronx,Unknown,3,Thursday,7,28.44
green,Bronx,Unknown,3,Thursday,8,25.32
green,Bronx,Unknown,3,Thursday,9,24.35
green,Bronx,Unknown,3,Thursday,10,22.95
green,Bronx,Unknown,3,Thursday,11,24.29
green,Bronx,Unknown,3,Thursday,12,30.53
green,Bronx,Unknown,3,Thursday,13,23.84
green,Bronx,Unknown,3,Thursday,14,23.42
green,Bronx,Unknown,3,Thursday,15,26.76
green,Bronx,Unknown,3,Thursday,16,24.39
green,Bronx,Unknown,3,Thursday,17,25.63
green,Bronx,Unknown,3,Thursday,18,26.5
green,Bronx,Unknown,3,Thursday,19,23.95
green,Bronx,Unknown,3,Thursday,20,27.92
green,Bronx,Unknown,3,Thursday,21,26.49
green,Bronx,Unknown,3,Thursday,22,29.55
green,Bronx,Unknown,3,Thursday,23,31.36
green,Bronx,Unknown,3,Tuesday,0,28.77
green,Bronx,Unknown,3,Tuesday,1,26.84
green,Bronx,Unknown,3,Tuesday,2,17.09
green,Bronx,Unknown,3,Tuesday,3,14.3
green,Bronx,Unknown,3,Tuesday,4,36.43
green,Bronx,Unknown,3,Tuesday,5,21.78
green,Bronx,Unknown,3,Tuesday,6,23.9
green,Bronx,Unknown,3,Tuesday,7,27.98
green,Bronx,Unknown,3,Tuesday,8,29.56
green,Bronx,Unknown,3,Tuesday,9,24.97
green,Bronx,Unknown,3,Tuesday,10,23.01
green,Bronx,Unknown,3,Tuesday,11,23.04
green,Bronx,Unknown,3,Tuesday,12,28.59
green,Bronx,Unknown,3,Tuesday,13,30.39
green,Bronx,Unknown,3,Tuesday,14,22.88
green,Bronx,Unknown,3,Tuesday,15,31.63
green,Bronx,Unknown,3,Tuesday,16,26.32
green,Bronx,Unknown,3,Tuesday,17,23.79
green,Bronx,Unknown,3,Tuesday,18,25.58
green,Bronx,Unknown,3,Tuesday,19,22.18
green,Bronx,Unknown,3,Tuesday,20,31.14
green,Bronx,Unknown,3,Tuesday,21,18.73
green,Bronx,Unknown,3,Tuesday,22,20.71
green,Bronx,Unknown,3,Tuesday,23,14.5
green,Bronx,Unknown,3,Wednesday,0,22.66
green,Bronx,Unknown,3,Wednesday,1,24.53
green,Bronx,Unknown,3,Wednesday,2,10.3
green,Bronx,Unknown,3,Wednesday,3,12.3
green,Bronx,Unknown,3,Wednesday,4,31.05
green,Bronx,Unknown,3,Wednesday,5,29.76
green,Bronx,Unknown,3,Wednesday,6,26.12
green,Bronx,Unknown,3,Wednesday,7,27.44
green,Bronx,Unknown,3,Wednesday,8,27.21
green,Bronx,Unknown,3,Wednesday,9,25.29
green,Bronx,Unknown,3,Wednesday,10,25.77
green,Bronx,Unknown,3,Wednesday,11,22.31
green,Bronx,Unknown,3,Wednesday,12,29.37
green,Bronx,Unknown,3,Wednesday,13,23.82
green,Bronx,Unknown,3,Wednesday,14,29.29
green,Bronx,Unknown,3,Wednesday,15,23.99
green,Bronx,Unknown,3,Wednesday,16,32.22
green,Bronx,Unknown,3,Wednesday,17,27.96
green,Bronx,Unknown,3,Wednesday,18,27.01
green,Bronx,Unknown,3,Wednesday,19,24.94
green,Bronx,Unknown,3,Wednesday,20,26.54
green,Bronx,Unknown,3,Wednesday,21,28.19
green,Bronx,Unknown,3,Wednesday,22,25.72
green,Bronx,Unknown,3,Wednesday,23,28.75
green,Bronx,Unknown,4,Friday,0,18.61
green,Bronx,Unknown,4,Friday,1,18.67
green,Bronx,Unknown,4,Friday,2,27.77
green,Bronx,Unknown,4,Friday,3,32.9
green,Bronx,Unknown,4,Friday,4,16.45
green,Bronx,Unknown,4,Friday,5,36.54
green,Bronx,Unknown,4,Friday,6,24.17
green,Bronx,Unknown,4,Friday,7,34.75
green,Bronx,Unknown,4,Friday,8,28.36
green,Bronx,Unknown,4,Friday,9,22.31
green,Bronx,Unknown,4,Friday,10,22.51
green,Bronx,Unknown,4,Friday,11,19.01
green,Bronx,Unknown,4,Friday,12,24.08
green,Bronx,Unknown,4,Friday,13,25.27
green,Bronx,Unknown,4,Friday,14,24.65
green,Bronx,Unknown,4,Friday,15,30.72
green,Bronx,Unknown,4,Friday,16,25.87
green,Bronx,Unknown,4,Friday,17,31.31
green,Bronx,Unknown,4,Friday,18,27.65
green,Bronx,Unknown,4,Friday,19,30.44
green,Bronx,Unknown,4,Friday,20,25.27
green,Bronx,Unknown,4,Friday,21,31.11
green,Bronx,Unknown,4,Friday,22,34.53
green,Bronx,Unknown,4,Friday,23,37.28
green,Bronx,Unknown,4,Monday,0,25.71
green,Bronx,Unknown,4,Monday,1,20.59
green,Bronx,Unknown,4,Monday,2,22.89
green,Bronx,Unknown,4,Monday,3,10
green,Bronx,Unknown,4,Monday,4,18.97
green,Bronx,Unknown,4,Monday,5,38.13
green,Bronx,Unknown,4,Monday,6,21.71
green,Bronx,Unknown,4,Monday,7,33.66
green,Bronx,Unknown,4,Monday,8,22.16
green,Bronx,Unknown,4,Monday,9,28.35
green,Bronx,Unknown,4,Monday,10,27.59
green,Bronx,Unknown,4,Monday,11,26.71
green,Bronx,Unknown,4,Monday,12,23.42
green,Bronx,Unknown,4,Monday,13,25.35
green,Bronx,Unknown,4,Monday,14,22.77
green,Bronx,Unknown,4,Monday,15,24.42
green,Bronx,Unknown,4,Monday,16,33.71
green,Bronx,Unknown,4,Monday,17,27.73
green,Bronx,Unknown,4,Monday,18,28.98
green,Bronx,Unknown,4,Monday,19,26.27
green,Bronx,Unknown,4,Monday,20,29.74
green,Bronx,Unknown,4,Monday,21,33.37
green,Bronx,Unknown,4,Monday,22,28.07
green,Bronx,Unknown,4,Monday,23,28.85
green,Bronx,Unknown,4,Saturday,0,34.07
green,Bronx,Unknown,4,Saturday,1,31.53
green,Bronx,Unknown,4,Saturday,2,46.48
green,Bronx,Unknown,4,Saturday,3,31.39
green,Bronx,Unknown,4,Saturday,4,23.73
green,Bronx,Unknown,4,Saturday,5,21.98
green,Bronx,Unknown,4,Saturday,6,22.47
green,Bronx,Unknown,4,Saturday,7,23.72
green,Bronx,Unknown,4,Saturday,8,27.89
green,Bronx,Unknown,4,Saturday,9,25.17
green,Bronx,Unknown,4,Saturday,10,26.58
green,Bronx,Unknown,4,Saturday,11,26.06
green,Bronx,Unknown,4,Saturday,12,28.84
green,Bronx,Unknown,4,Saturday,13,25.82
green,Bronx,Unknown,4,Saturday,14,23.83
green,Bronx,Unknown,4,Saturday,15,33.83
green,Bronx,Unknown,4,Saturday,16,27.76
green,Bronx,Unknown,4,Saturday,17,32.82
green,Bronx,Unknown,4,Saturday,18,30.36
green,Bronx,Unknown,4,Saturday,19,26.35
green,Bronx,Unknown,4,Saturday,20,26.94
green,Bronx,Unknown,4,Saturday,21,22.79
green,Bronx,Unknown,4,Saturday,22,30.47
green,Bronx,Unknown,4,Saturday,23,23.28
green,Bronx,Unknown,4,Sunday,0,29.97
green,Bronx,Unknown,4,Sunday,1,21.61
green,Bronx,Unknown,4,Sunday,2,27.84
green,Bronx,Unknown,4,Sunday,3,31.58
green,Bronx,Unknown,4,Sunday,4,26.79
green,Bronx,Unknown,4,Sunday,5,34.31
green,Bronx,Unknown,4,Sunday,6,16.46
green,Bronx,Unknown,4,Sunday,7,26.38
green,Bronx,Unknown,4,Sunday,8,22.1
green,Bronx,Unknown,4,Sunday,9,26.39
green,Bronx,Unknown,4,Sunday,10,29.92
green,Bronx,Unknown,4,Sunday,11,24.7
green,Bronx,Unknown,4,Sunday,12,21.25
green,Bronx,Unknown,4,Sunday,13,24.05
green,Bronx,Unknown,4,Sunday,14,24.19
green,Bronx,Unknown,4,Sunday,15,28.17
green,Bronx,Unknown,4,Sunday,16,30.79
green,Bronx,Unknown,4,Sunday,17,28.54
green,Bronx,Unknown,4,Sunday,18,26.87
green,Bronx,Unknown,4,Sunday,19,25.08
green,Bronx,Unknown,4,Sunday,20,24.83
green,Bronx,Unknown,4,Sunday,21,27.77
green,Bronx,Unknown,4,Sunday,22,26.55
green,Bronx,Unknown,4,Sunday,23,34.35
green,Bronx,Unknown,4,Thursday,0,28.69
green,Bronx,Unknown,4,Thursday,1,29.16
green,Bronx,Unknown,4,Thursday,2,41.28
green,Bronx,Unknown,4,Thursday,3,17.59
green,Bronx,Unknown,4,Thursday,4,16.8
green,Bronx,Unknown,4,Thursday,5,12.97
green,Bronx,Unknown,4,Thursday,6,19.06
green,Bronx,Unknown,4,Thursday,7,28.98
green,Bronx,Unknown,4,Thursday,8,26.34
green,Bronx,Unknown,4,Thursday,9,26.87
green,Bronx,Unknown,4,Thursday,10,25.41
green,Bronx,Unknown,4,Thursday,11,32.15
green,Bronx,Unknown,4,Thursday,12,25.87
green,Bronx,Unknown,4,Thursday,13,26.1
green,Bronx,Unknown,4,Thursday,14,25.51
green,Bronx,Unknown,4,Thursday,15,29.84
green,Bronx,Unknown,4,Thursday,16,27.61
green,Bronx,Unknown,4,Thursday,17,27.93
green,Bronx,Unknown,4,Thursday,18,25.81
green,Bronx,Unknown,4,Thursday,19,24.12
green,Bronx,Unknown,4,Thursday,20,21.92
green,Bronx,Unknown,4,Thursday,21,34.29
green,Bronx,Unknown,4,Thursday,22,39.28
green,Bronx,Unknown,4,Thursday,23,32.25
green,Bronx,Unknown,4,Tuesday,0,19.04
green,Bronx,Unknown,4,Tuesday,1,33.5
green,Bronx,Unknown,4,Tuesday,2,5.4
green,Bronx,Unknown,4,Tuesday,3,40.66
green,Bronx,Unknown,4,Tuesday,4,23.4
green,Bronx,Unknown,4,Tuesday,5,13.53
green,Bronx,Unknown,4,Tuesday,6,26.8
green,Bronx,Unknown,4,Tuesday,7,31.42
green,Bronx,Unknown,4,Tuesday,8,27.27
green,Bronx,Unknown,4,Tuesday,9,27.42
green,Bronx,Unknown,4,Tuesday,10,24.46
green,Bronx,Unknown,4,Tuesday,11,27.17
green,Bronx,Unknown,4,Tuesday,12,23.25
green,Bronx,Unknown,4,Tuesday,13,25.27
green,Bronx,Unknown,4,Tuesday,14,27.59
green,Bronx,Unknown,4,Tuesday,15,25.82
green,Bronx,Unknown,4,Tuesday,16,30.65
green,Bronx,Unknown,4,Tuesday,17,29.03
green,Bronx,Unknown,4,Tuesday,18,27.1
green,Bronx,Unknown,4,Tuesday,19,25.02
green,Bronx,Unknown,4,Tuesday,20,23.37
green,Bronx,Unknown,4,Tuesday,21,34.02
green,Bronx,Unknown,4,Tuesday,22,63.97
green,Bronx,Unknown,4,Tuesday,23,37.3
green,Bronx,Unknown,4,Wednesday,0,34.07
green,Bronx,Unknown,4,Wednesday,1,26.69
green,Bronx,Unknown,4,Wednesday,2,22.58
green,Bronx,Unknown,4,Wednesday,3,18.1
green,Bronx,Unknown,4,Wednesday,4,17.3
green,Bronx,Unknown,4,Wednesday,5,16.76
green,Bronx,Unknown,4,Wednesday,6,25.6
green,Bronx,Unknown,4,Wednesday,7,27.25
green,Bronx,Unknown,4,Wednesday,8,28.16
green,Bronx,Unknown,4,Wednesday,9,26.34
green,Bronx,Unknown,4,Wednesday,10,27.92
green,Bronx,Unknown,4,Wednesday,11,26.08
green,Bronx,Unknown,4,Wednesday,12,24.36
green,Bronx,Unknown,4,Wednesday,13,29.68
green,Bronx,Unknown,4,Wednesday,14,27.95
green,Bronx,Unknown,4,Wednesday,15,27.79
green,Bronx,Unknown,4,Wednesday,16,30.78
green,Bronx,Unknown,4,Wednesday,17,35.85
green,Bronx,Unknown,4,Wednesday,18,29.67
green,Bronx,Unknown,4,Wednesday,19,22.78
green,Bronx,Unknown,4,Wednesday,20,26.84
green,Bronx,Unknown,4,Wednesday,21,33.15
green,Bronx,Unknown,4,Wednesday,22,30.46
green,Bronx,Unknown,4,Wednesday,23,30.84
green,Bronx,Unknown,5,Friday,0,25.17
green,Bronx,Unknown,5,Friday,1,23.27
green,Bronx,Unknown,5,Friday,2,24.27
green,Bronx,Unknown,5,Friday,3,45.5
green,Bronx,Unknown,5,Friday,4,15.44
green,Bronx,Unknown,5,Friday,5,31.15
green,Bronx,Unknown,5,Friday,6,21.1
green,Bronx,Unknown,5,Friday,7,25.02
green,Bronx,Unknown,5,Friday,8,26.95
green,Bronx,Unknown,5,Friday,9,29.71
green,Bronx,Unknown,5,Friday,10,27.68
green,Bronx,Unknown,5,Friday,11,23.45
green,Bronx,Unknown,5,Friday,12,29.02
green,Bronx,Unknown,5,Friday,13,27.72
green,Bronx,Unknown,5,Friday,14,24.59
green,Bronx,Unknown,5,Friday,15,28.62
green,Bronx,Unknown,5,Friday,16,29.1
green,Bronx,Unknown,5,Friday,17,23.37
green,Bronx,Unknown,5,Friday,18,25.94
green,Bronx,Unknown,5,Friday,19,26.3
green,Bronx,Unknown,5,Friday,20,30.43
green,Bronx,Unknown,5,Friday,21,33.04
green,Bronx,Unknown,5,Friday,22,36.28
green,Bronx,Unknown,5,Friday,23,33.48
green,Bronx,Unknown,5,Monday,0,23.19
green,Bronx,Unknown,5,Monday,1,17.57
green,Bronx,Unknown,5,Monday,2,21.87
green,Bronx,Unknown,5,Monday,3,25.76
green,Bronx,Unknown,5,Monday,4,34.58
green,Bronx,Unknown,5,Monday,5,27.79
green,Bronx,Unknown,5,Monday,6,20.18
green,Bronx,Unknown,5,Monday,7,32.35
green,Bronx,Unknown,5,Monday,8,29.04
green,Bronx,Unknown,5,Monday,9,25.06
green,Bronx,Unknown,5,Monday,10,23.55
green,Bronx,Unknown,5,Monday,11,24.37
green,Bronx,Unknown,5,Monday,12,25.08
green,Bronx,Unknown,5,Monday,13,25.03
green,Bronx,Unknown,5,Monday,14,31.31
green,Bronx,Unknown,5,Monday,15,32.06
green,Bronx,Unknown,5,Monday,16,27.79
green,Bronx,Unknown,5,Monday,17,26.89
green,Bronx,Unknown,5,Monday,18,31.36
green,Bronx,Unknown,5,Monday,19,36.19
green,Bronx,Unknown,5,Monday,20,21.56
green,Bronx,Unknown,5,Monday,21,27.43
green,Bronx,Unknown,5,Monday,22,30.93
green,Bronx,Unknown,5,Monday,23,27.97
green,Bronx,Unknown,5,Saturday,0,34.58
green,Bronx,Unknown,5,Saturday,1,34.47
green,Bronx,Unknown,5,Saturday,2,26.87
green,Bronx,Unknown,5,Saturday,3,19.52
green,Bronx,Unknown,5,Saturday,4,20.93
green,Bronx,Unknown,5,Saturday,5,22.58
green,Bronx,Unknown,5,Saturday,6,24.64
green,Bronx,Unknown,5,Saturday,7,26.57
green,Bronx,Unknown,5,Saturday,8,26.08
green,Bronx,Unknown,5,Saturday,9,22.28
green,Bronx,Unknown,5,Saturday,10,29.06
green,Bronx,Unknown,5,Saturday,11,27.85
green,Bronx,Unknown,5,Saturday,12,27.33
green,Bronx,Unknown,5,Saturday,13,25.22
green,Bronx,Unknown,5,Saturday,14,28.16
green,Bronx,Unknown,5,Saturday,15,33.13
green,Bronx,Unknown,5,Saturday,16,29.34
green,Bronx,Unknown,5,Saturday,17,27.29
green,Bronx,Unknown,5,Saturday,18,27.11
green,Bronx,Unknown,5,Saturday,19,25.2
green,Bronx,Unknown,5,Saturday,20,23.39
green,Bronx,Unknown,5,Saturday,21,28.22
green,Bronx,Unknown,5,Saturday,22,22.53
green,Bronx,Unknown,5,Saturday,23,25.46
green,Bronx,Unknown,5,Sunday,0,29.6
green,Bronx,Unknown,5,Sunday,1,26.95
green,Bronx,Unknown,5,Sunday,2,30.69
green,Bronx,Unknown,5,Sunday,3,38.58
green,Bronx,Unknown,5,Sunday,4,29.36
green,Bronx,Unknown,5,Sunday,5,35.84
green,Bronx,Unknown,5,Sunday,6,20.12
green,Bronx,Unknown,5,Sunday,7,27.02
green,Bronx,Unknown,5,Sunday,8,26.89
green,Bronx,Unknown,5,Sunday,9,23.23
green,Bronx,Unknown,5,Sunday,10,24.05
green,Bronx,Unknown,5,Sunday,11,27.42
green,Bronx,Unknown,5,Sunday,12,26.11
green,Bronx,Unknown,5,Sunday,13,31.46
green,Bronx,Unknown,5,Sunday,14,24.66
green,Bronx,Unknown,5,Sunday,15,26.95
green,Bronx,Unknown,5,Sunday,16,20.64
green,Bronx,Unknown,5,Sunday,17,24.05
green,Bronx,Unknown,5,Sunday,18,30.25
green,Bronx,Unknown,5,Sunday,19,24.92
green,Bronx,Unknown,5,Sunday,20,29.42
green,Bronx,Unknown,5,Sunday,21,30.16
green,Bronx,Unknown,5,Sunday,22,27.71
green,Bronx,Unknown,5,Sunday,23,22.69
green,Bronx,Unknown,5,Thursday,0,29.6
green,Bronx,Unknown,5,Thursday,1,19.84
green,Bronx,Unknown,5,Thursday,2,29
green,Bronx,Unknown,5,Thursday,3,20.26
green,Bronx,Unknown,5,Thursday,4,19.22
green,Bronx,Unknown,5,Thursday,5,36.02
green,Bronx,Unknown,5,Thursday,6,25.43
green,Bronx,Unknown,5,Thursday,7,23.89
green,Bronx,Unknown,5,Thursday,8,24.67
green,Bronx,Unknown,5,Thursday,9,27.97
green,Bronx,Unknown,5,Thursday,10,24.1
green,Bronx,Unknown,5,Thursday,11,32.97
green,Bronx,Unknown,5,Thursday,12,31.1
green,Bronx,Unknown,5,Thursday,13,33.5
green,Bronx,Unknown,5,Thursday,14,29.78
green,Bronx,Unknown,5,Thursday,15,26
green,Bronx,Unknown,5,Thursday,16,30.76
green,Bronx,Unknown,5,Thursday,17,28.57
green,Bronx,Unknown,5,Thursday,18,21.44
green,Bronx,Unknown,5,Thursday,19,29.78
green,Bronx,Unknown,5,Thursday,20,28.15
green,Bronx,Unknown,5,Thursday,21,40.52
green,Bronx,Unknown,5,Thursday,22,38.98
green,Bronx,Unknown,5,Thursday,23,37.34
green,Bronx,Unknown,5,Tuesday,0,41.94
green,Bronx,Unknown,5,Tuesday,1,16.08
green,Bronx,Unknown,5,Tuesday,2,17.5
green,Bronx,Unknown,5,Tuesday,3,28
green,Bronx,Unknown,5,Tuesday,4,17.75
green,Bronx,Unknown,5,Tuesday,5,18.4
green,Bronx,Unknown,5,Tuesday,6,26.38
green,Bronx,Unknown,5,Tuesday,7,29.87
green,Bronx,Unknown,5,Tuesday,8,32.07
green,Bronx,Unknown,5,Tuesday,9,24.65
green,Bronx,Unknown,5,Tuesday,10,23.63
green,Bronx,Unknown,5,Tuesday,11,26.83
green,Bronx,Unknown,5,Tuesday,12,25.97
green,Bronx,Unknown,5,Tuesday,13,39.68
green,Bronx,Unknown,5,Tuesday,14,28.21
green,Bronx,Unknown,5,Tuesday,15,28.28
green,Bronx,Unknown,5,Tuesday,16,40.32
green,Bronx,Unknown,5,Tuesday,17,39.71
green,Bronx,Unknown,5,Tuesday,18,32.04
green,Bronx,Unknown,5,Tuesday,19,26.71
green,Bronx,Unknown,5,Tuesday,20,28.73
green,Bronx,Unknown,5,Tuesday,21,45.59
green,Bronx,Unknown,5,Tuesday,22,53.52
green,Bronx,Unknown,5,Tuesday,23,51.51
green,Bronx,Unknown,5,Wednesday,0,33.24
green,Bronx,Unknown,5,Wednesday,1,31.18
green,Bronx,Unknown,5,Wednesday,2,23.77
green,Bronx,Unknown,5,Wednesday,3,22.26
green,Bronx,Unknown,5,Wednesday,4,23.15
green,Bronx,Unknown,5,Wednesday,5,47.65
green,Bronx,Unknown,5,Wednesday,6,20.62
green,Bronx,Unknown,5,Wednesday,7,28.73
green,Bronx,Unknown,5,Wednesday,8,26.93
green,Bronx,Unknown,5,Wednesday,9,31.81
green,Bronx,Unknown,5,Wednesday,10,28.12
green,Bronx,Unknown,5,Wednesday,11,28.98
green,Bronx,Unknown,5,Wednesday,12,24.66
green,Bronx,Unknown,5,Wednesday,13,34.97
green,Bronx,Unknown,5,Wednesday,14,28.24
green,Bronx,Unknown,5,Wednesday,15,24.93
green,Bronx,Unknown,5,Wednesday,16,28.95
green,Bronx,Unknown,5,Wednesday,17,31.48
green,Bronx,Unknown,5,Wednesday,18,31.65
green,Bronx,Unknown,5,Wednesday,19,23.52
green,Bronx,Unknown,5,Wednesday,20,31.61
green,Bronx,Unknown,5,Wednesday,21,37.41
green,Bronx,Unknown,5,Wednesday,22,41.33
green,Bronx,Unknown,5,Wednesday,23,49.03
green,Bronx,Unknown,6,Friday,0,32.35
green,Bronx,Unknown,6,Friday,1,25.94
green,Bronx,Unknown,6,Friday,2,35.08
green,Bronx,Unknown,6,Friday,3,25.3
green,Bronx,Unknown,6,Friday,4,36.95
green,Bronx,Unknown,6,Friday,5,5.1
green,Bronx,Unknown,6,Friday,6,34.66
green,Bronx,Unknown,6,Friday,7,29.68
green,Bronx,Unknown,6,Friday,8,25.02
green,Bronx,Unknown,6,Friday,9,34.22
green,Bronx,Unknown,6,Friday,10,24.17
green,Bronx,Unknown,6,Friday,11,29.94
green,Bronx,Unknown,6,Friday,12,30.16
green,Bronx,Unknown,6,Friday,13,30.88
green,Bronx,Unknown,6,Friday,14,31.73
green,Bronx,Unknown,6,Friday,15,28.71
green,Bronx,Unknown,6,Friday,16,26.54
green,Bronx,Unknown,6,Friday,17,31.88
green,Bronx,Unknown,6,Friday,18,29.88
green,Bronx,Unknown,6,Friday,19,25.87
green,Bronx,Unknown,6,Friday,20,27.4
green,Bronx,Unknown,6,Friday,21,28.72
green,Bronx,Unknown,6,Friday,22,39.07
green,Bronx,Unknown,6,Friday,23,40.63
green,Bronx,Unknown,6,Monday,0,22.11
green,Bronx,Unknown,6,Monday,1,27.51
green,Bronx,Unknown,6,Monday,2,52.25
green,Bronx,Unknown,6,Monday,3,25.33
green,Bronx,Unknown,6,Monday,4,38.38
green,Bronx,Unknown,6,Monday,5,27.39
green,Bronx,Unknown,6,Monday,6,27.1
green,Bronx,Unknown,6,Monday,7,34.23
green,Bronx,Unknown,6,Monday,8,25.05
green,Bronx,Unknown,6,Monday,9,26.98
green,Bronx,Unknown,6,Monday,10,23.85
green,Bronx,Unknown,6,Monday,11,25.68
green,Bronx,Unknown,6,Monday,12,26.03
green,Bronx,Unknown,6,Monday,13,33.02
green,Bronx,Unknown,6,Monday,14,30.69
green,Bronx,Unknown,6,Monday,15,31.28
green,Bronx,Unknown,6,Monday,16,26.78
green,Bronx,Unknown,6,Monday,17,28.28
green,Bronx,Unknown,6,Monday,18,26.38
green,Bronx,Unknown,6,Monday,19,27.42
green,Bronx,Unknown,6,Monday,20,27.29
green,Bronx,Unknown,6,Monday,21,37.35
green,Bronx,Unknown,6,Monday,22,41.29
green,Bronx,Unknown,6,Monday,23,33.91
green,Bronx,Unknown,6,Saturday,0,31.56
green,Bronx,Unknown,6,Saturday,1,36.64
green,Bronx,Unknown,6,Saturday,2,25.57
green,Bronx,Unknown,6,Saturday,3,33.41
green,Bronx,Unknown,6,Saturday,4,24.31
green,Bronx,Unknown,6,Saturday,5,26.29
green,Bronx,Unknown,6,Saturday,6,24.91
green,Bronx,Unknown,6,Saturday,7,25.32
green,Bronx,Unknown,6,Saturday,8,33.03
green,Bronx,Unknown,6,Saturday,9,27.88
green,Bronx,Unknown,6,Saturday,10,34.98
green,Bronx,Unknown,6,Saturday,11,39.14
green,Bronx,Unknown,6,Saturday,12,28.49
green,Bronx,Unknown,6,Saturday,13,28.01
green,Bronx,Unknown,6,Saturday,14,39.29
green,Bronx,Unknown,6,Saturday,15,28.58
green,Bronx,Unknown,6,Saturday,16,33.23
green,Bronx,Unknown,6,Saturday,17,25.82
green,Bronx,Unknown,6,Saturday,18,24.86
green,Bronx,Unknown,6,Saturday,19,26.92
green,Bronx,Unknown,6,Saturday,20,21.95
green,Bronx,Unknown,6,Saturday,21,28.18
green,Bronx,Unknown,6,Saturday,22,31.6
green,Bronx,Unknown,6,Saturday,23,29.66
green,Bronx,Unknown,6,Sunday,0,26.65
green,Bronx,Unknown,6,Sunday,1,26.84
green,Bronx,Unknown,6,Sunday,2,20.68
green,Bronx,Unknown,6,Sunday,3,17.68
green,Bronx,Unknown,6,Sunday,4,29.14
green,Bronx,Unknown,6,Sunday,5,26.59
green,Bronx,Unknown,6,Sunday,6,20.82
green,Bronx,Unknown,6,Sunday,7,29.27
green,Bronx,Unknown,6,Sunday,8,30.32
green,Bronx,Unknown,6,Sunday,9,23.1
green,Bronx,Unknown,6,Sunday,10,23.66
green,Bronx,Unknown,6,Sunday,11,20.69
green,Bronx,Unknown,6,Sunday,12,22.83
green,Bronx,Unknown,6,Sunday,13,30.51
green,Bronx,Unknown,6,Sunday,14,27.12
green,Bronx,Unknown,6,Sunday,15,26.07
green,Bronx,Unknown,6,Sunday,16,30.96
green,Bronx,Unknown,6,Sunday,17,24.64
green,Bronx,Unknown,6,Sunday,18,25.87
green,Bronx,Unknown,6,Sunday,19,25.19
green,Bronx,Unknown,6,Sunday,20,21.55
green,Bronx,Unknown,6,Sunday,21,28.35
green,Bronx,Unknown,6,Sunday,22,26.03
green,Bronx,Unknown,6,Sunday,23,21.8
green,Bronx,Unknown,6,Thursday,0,23.83
green,Bronx,Unknown,6,Thursday,1,59.19
green,Bronx,Unknown,6,Thursday,2,20
green,Bronx,Unknown,6,Thursday,3,31.08
green,Bronx,Unknown,6,Thursday,4,29.17
green,Bronx,Unknown,6,Thursday,5,29.7
green,Bronx,Unknown,6,Thursday,6,32.44
green,Bronx,Unknown,6,Thursday,7,38.85
green,Bronx,Unknown,6,Thursday,8,29.78
green,Bronx,Unknown,6,Thursday,9,29.14
green,Bronx,Unknown,6,Thursday,10,23.37
green,Bronx,Unknown,6,Thursday,11,34.26
green,Bronx,Unknown,6,Thursday,12,27.52
green,Bronx,Unknown,6,Thursday,13,29.34
green,Bronx,Unknown,6,Thursday,14,25.92
green,Bronx,Unknown,6,Thursday,15,29.19
green,Bronx,Unknown,6,Thursday,16,30.51
green,Bronx,Unknown,6,Thursday,17,32.26
green,Bronx,Unknown,6,Thursday,18,33.18
green,Bronx,Unknown,6,Thursday,19,25.75
green,Bronx,Unknown,6,Thursday,20,26.06
green,Bronx,Unknown,6,Thursday,21,31.59
green,Bronx,Unknown,6,Thursday,22,45.37
green,Bronx,Unknown,6,Thursday,23,57.99
green,Bronx,Unknown,6,Tuesday,0,19.76
green,Bronx,Unknown,6,Tuesday,1,18.35
green,Bronx,Unknown,6,Tuesday,2,10
green,Bronx,Unknown,6,Tuesday,3,19.15
green,Bronx,Unknown,6,Tuesday,4,33.55
green,Bronx,Unknown,6,Tuesday,5,31.08
green,Bronx,Unknown,6,Tuesday,6,35.46
green,Bronx,Unknown,6,Tuesday,7,38.67
green,Bronx,Unknown,6,Tuesday,8,30.41
green,Bronx,Unknown,6,Tuesday,9,24.8
green,Bronx,Unknown,6,Tuesday,10,20.6
green,Bronx,Unknown,6,Tuesday,11,35.23
green,Bronx,Unknown,6,Tuesday,12,27.37
green,Bronx,Unknown,6,Tuesday,13,31.52
green,Bronx,Unknown,6,Tuesday,14,27.06
green,Bronx,Unknown,6,Tuesday,15,29.48
green,Bronx,Unknown,6,Tuesday,16,29.49
green,Bronx,Unknown,6,Tuesday,17,25.75
green,Bronx,Unknown,6,Tuesday,18,30.12
green,Bronx,Unknown,6,Tuesday,19,27.74
green,Bronx,Unknown,6,Tuesday,20,28.78
green,Bronx,Unknown,6,Tuesday,21,40.69
green,Bronx,Unknown,6,Tuesday,22,48.66
green,Bronx,Unknown,6,Tuesday,23,51.22
green,Bronx,Unknown,6,Wednesday,0,25.01
green,Bronx,Unknown,6,Wednesday,1,33.84
green,Bronx,Unknown,6,Wednesday,2,31.31
green,Bronx,Unknown,6,Wednesday,3,8.67
green,Bronx,Unknown,6,Wednesday,4,79.16
green,Bronx,Unknown,6,Wednesday,5,25.7
green,Bronx,Unknown,6,Wednesday,6,25.47
green,Bronx,Unknown,6,Wednesday,7,26.76
green,Bronx,Unknown,6,Wednesday,8,26.81
green,Bronx,Unknown,6,Wednesday,9,29.17
green,Bronx,Unknown,6,Wednesday,10,25.31
green,Bronx,Unknown,6,Wednesday,11,27.16
green,Bronx,Unknown,6,Wednesday,12,28.55
green,Bronx,Unknown,6,Wednesday,13,32.51
green,Bronx,Unknown,6,Wednesday,14,26.64
green,Bronx,Unknown,6,Wednesday,15,29.09
green,Bronx,Unknown,6,Wednesday,16,41.4
green,Bronx,Unknown,6,Wednesday,17,37.18
green,Bronx,Unknown,6,Wednesday,18,25.12
green,Bronx,Unknown,6,Wednesday,19,27.5
green,Bronx,Unknown,6,Wednesday,20,26.73
green,Bronx,Unknown,6,Wednesday,21,39.55
green,Bronx,Unknown,6,Wednesday,22,55
green,Bronx,Unknown,6,Wednesday,23,45.33
green,Bronx,Unknown,7,Friday,0,25.27
green,Bronx,Unknown,7,Friday,1,28.03
green,Bronx,Unknown,7,Friday,2,22.93
green,Bronx,Unknown,7,Friday,3,17.9
green,Bronx,Unknown,7,Friday,4,22.71
green,Bronx,Unknown,7,Friday,5,22.55
green,Bronx,Unknown,7,Friday,6,18.29
green,Bronx,Unknown,7,Friday,7,30.09
green,Bronx,Unknown,7,Friday,8,34.58
green,Bronx,Unknown,7,Friday,9,25.41
green,Bronx,Unknown,7,Friday,10,24.02
green,Bronx,Unknown,7,Friday,11,24.55
green,Bronx,Unknown,7,Friday,12,30.41
green,Bronx,Unknown,7,Friday,13,23.4
green,Bronx,Unknown,7,Friday,14,33.43
green,Bronx,Unknown,7,Friday,15,26.03
green,Bronx,Unknown,7,Friday,16,29.58
green,Bronx,Unknown,7,Friday,17,28.68
green,Bronx,Unknown,7,Friday,18,27.3
green,Bronx,Unknown,7,Friday,19,26.27
green,Bronx,Unknown,7,Friday,20,26.96
green,Bronx,Unknown,7,Friday,21,33.49
green,Bronx,Unknown,7,Friday,22,36.15
green,Bronx,Unknown,7,Friday,23,37.5
green,Bronx,Unknown,7,Monday,0,30.78
green,Bronx,Unknown,7,Monday,1,43.59
green,Bronx,Unknown,7,Monday,2,18.92
green,Bronx,Unknown,7,Monday,3,15.13
green,Bronx,Unknown,7,Monday,4,25.37
green,Bronx,Unknown,7,Monday,5,37.98
green,Bronx,Unknown,7,Monday,6,21.2
green,Bronx,Unknown,7,Monday,7,31.12
green,Bronx,Unknown,7,Monday,8,40.24
green,Bronx,Unknown,7,Monday,9,27.5
green,Bronx,Unknown,7,Monday,10,30.22
green,Bronx,Unknown,7,Monday,11,29.94
green,Bronx,Unknown,7,Monday,12,32.61
green,Bronx,Unknown,7,Monday,13,22.78
green,Bronx,Unknown,7,Monday,14,21.36
green,Bronx,Unknown,7,Monday,15,22.41
green,Bronx,Unknown,7,Monday,16,22.69
green,Bronx,Unknown,7,Monday,17,35.65
green,Bronx,Unknown,7,Monday,18,25.68
green,Bronx,Unknown,7,Monday,19,30.18
green,Bronx,Unknown,7,Monday,20,24.33
green,Bronx,Unknown,7,Monday,21,28.6
green,Bronx,Unknown,7,Monday,22,36.82
green,Bronx,Unknown,7,Monday,23,40.51
green,Bronx,Unknown,7,Saturday,0,40.02
green,Bronx,Unknown,7,Saturday,1,28.56
green,Bronx,Unknown,7,Saturday,2,27.52
green,Bronx,Unknown,7,Saturday,3,30.03
green,Bronx,Unknown,7,Saturday,4,26.46
green,Bronx,Unknown,7,Saturday,5,25.25
green,Bronx,Unknown,7,Saturday,6,22.59
green,Bronx,Unknown,7,Saturday,7,20.74
green,Bronx,Unknown,7,Saturday,8,26.09
green,Bronx,Unknown,7,Saturday,9,36.22
green,Bronx,Unknown,7,Saturday,10,34.16
green,Bronx,Unknown,7,Saturday,11,25.23
green,Bronx,Unknown,7,Saturday,12,26.87
green,Bronx,Unknown,7,Saturday,13,24.68
green,Bronx,Unknown,7,Saturday,14,26.48
green,Bronx,Unknown,7,Saturday,15,29.75
green,Bronx,Unknown,7,Saturday,16,33.58
green,Bronx,Unknown,7,Saturday,17,34.7
green,Bronx,Unknown,7,Saturday,18,39.75
green,Bronx,Unknown,7,Saturday,19,27.78
green,Bronx,Unknown,7,Saturday,20,29.16
green,Bronx,Unknown,7,Saturday,21,22.84
green,Bronx,Unknown,7,Saturday,22,28.7
green,Bronx,Unknown,7,Saturday,23,39.48
green,Bronx,Unknown,7,Sunday,0,30
green,Bronx,Unknown,7,Sunday,1,29.59
green,Bronx,Unknown,7,Sunday,2,30.48
green,Bronx,Unknown,7,Sunday,3,29.14
green,Bronx,Unknown,7,Sunday,4,34.42
green,Bronx,Unknown,7,Sunday,5,30.3
green,Bronx,Unknown,7,Sunday,6,17.2
green,Bronx,Unknown,7,Sunday,7,22.19
green,Bronx,Unknown,7,Sunday,8,17.96
green,Bronx,Unknown,7,Sunday,9,29.17
green,Bronx,Unknown,7,Sunday,10,26.44
green,Bronx,Unknown,7,Sunday,11,24.27
green,Bronx,Unknown,7,Sunday,12,27.18
green,Bronx,Unknown,7,Sunday,13,27.47
green,Bronx,Unknown,7,Sunday,14,22.09
green,Bronx,Unknown,7,Sunday,15,26.44
green,Bronx,Unknown,7,Sunday,16,33.69
green,Bronx,Unknown,7,Sunday,17,32.85
green,Bronx,Unknown,7,Sunday,18,23.68
green,Bronx,Unknown,7,Sunday,19,20.55
green,Bronx,Unknown,7,Sunday,20,27.4
green,Bronx,Unknown,7,Sunday,21,27.24
green,Bronx,Unknown,7,Sunday,22,29.63
green,Bronx,Unknown,7,Sunday,23,40.19
green,Bronx,Unknown,7,Thursday,0,15.92
green,Bronx,Unknown,7,Thursday,1,17.27
green,Bronx,Unknown,7,Thursday,2,21.57
green,Bronx,Unknown,7,Thursday,3,18.88
green,Bronx,Unknown,7,Thursday,4,28.75
green,Bronx,Unknown,7,Thursday,5,30.62
green,Bronx,Unknown,7,Thursday,6,26.76
green,Bronx,Unknown,7,Thursday,7,36.58
green,Bronx,Unknown,7,Thursday,8,30.84
green,Bronx,Unknown,7,Thursday,9,26.59
green,Bronx,Unknown,7,Thursday,10,23.63
green,Bronx,Unknown,7,Thursday,11,26.21
green,Bronx,Unknown,7,Thursday,12,33.7
green,Bronx,Unknown,7,Thursday,13,35
green,Bronx,Unknown,7,Thursday,14,27.47
green,Bronx,Unknown,7,Thursday,15,30.18
green,Bronx,Unknown,7,Thursday,16,26.66
green,Bronx,Unknown,7,Thursday,17,30.87
green,Bronx,Unknown,7,Thursday,18,28.92
green,Bronx,Unknown,7,Thursday,19,22.08
green,Bronx,Unknown,7,Thursday,20,21.97
green,Bronx,Unknown,7,Thursday,21,27.49
green,Bronx,Unknown,7,Thursday,22,31.7
green,Bronx,Unknown,7,Thursday,23,33.4
green,Bronx,Unknown,7,Tuesday,0,32.56
green,Bronx,Unknown,7,Tuesday,1,17.28
green,Bronx,Unknown,7,Tuesday,2,24.15
green,Bronx,Unknown,7,Tuesday,3,29.26
green,Bronx,Unknown,7,Tuesday,4,12.87
green,Bronx,Unknown,7,Tuesday,5,23.47
green,Bronx,Unknown,7,Tuesday,6,23.46
green,Bronx,Unknown,7,Tuesday,7,33.38
green,Bronx,Unknown,7,Tuesday,8,26.25
green,Bronx,Unknown,7,Tuesday,9,24.41
green,Bronx,Unknown,7,Tuesday,10,31.11
green,Bronx,Unknown,7,Tuesday,11,29.2
green,Bronx,Unknown,7,Tuesday,12,32.14
green,Bronx,Unknown,7,Tuesday,13,25
green,Bronx,Unknown,7,Tuesday,14,24.98
green,Bronx,Unknown,7,Tuesday,15,33.58
green,Bronx,Unknown,7,Tuesday,16,33.58
green,Bronx,Unknown,7,Tuesday,17,31.38
green,Bronx,Unknown,7,Tuesday,18,28.4
green,Bronx,Unknown,7,Tuesday,19,40.9
green,Bronx,Unknown,7,Tuesday,20,24.5
green,Bronx,Unknown,7,Tuesday,21,40.13
green,Bronx,Unknown,7,Tuesday,22,50.56
green,Bronx,Unknown,7,Tuesday,23,34.21
green,Bronx,Unknown,7,Wednesday,0,26.74
green,Bronx,Unknown,7,Wednesday,1,24.69
green,Bronx,Unknown,7,Wednesday,2,28
green,Bronx,Unknown,7,Wednesday,3,12.3
green,Bronx,Unknown,7,Wednesday,4,33.3
green,Bronx,Unknown,7,Wednesday,5,34.45
green,Bronx,Unknown,7,Wednesday,6,27.19
green,Bronx,Unknown,7,Wednesday,7,26.9
green,Bronx,Unknown,7,Wednesday,8,25.77
green,Bronx,Unknown,7,Wednesday,9,24.33
green,Bronx,Unknown,7,Wednesday,10,31.88
green,Bronx,Unknown,7,Wednesday,11,28.66
green,Bronx,Unknown,7,Wednesday,12,26.28
green,Bronx,Unknown,7,Wednesday,13,23.32
green,Bronx,Unknown,7,Wednesday,14,30.34
green,Bronx,Unknown,7,Wednesday,15,33.13
green,Bronx,Unknown,7,Wednesday,16,27.71
green,Bronx,Unknown,7,Wednesday,17,28.17
green,Bronx,Unknown,7,Wednesday,18,31.17
green,Bronx,Unknown,7,Wednesday,19,22.88
green,Bronx,Unknown,7,Wednesday,20,29.46
green,Bronx,Unknown,7,Wednesday,21,57.07
green,Bronx,Unknown,7,Wednesday,22,39.44
green,Bronx,Unknown,7,Wednesday,23,38.63
green,Bronx,Unknown,8,Friday,0,36.11
green,Bronx,Unknown,8,Friday,1,31.39
green,Bronx,Unknown,8,Friday,2,17.83
green,Bronx,Unknown,8,Friday,3,20.08
green,Bronx,Unknown,8,Friday,4,11.08
green,Bronx,Unknown,8,Friday,5,38.42
green,Bronx,Unknown,8,Friday,6,21.67
green,Bronx,Unknown,8,Friday,7,40.82
green,Bronx,Unknown,8,Friday,8,27.97
green,Bronx,Unknown,8,Friday,9,30.14
green,Bronx,Unknown,8,Friday,10,23.47
green,Bronx,Unknown,8,Friday,11,24.43
green,Bronx,Unknown,8,Friday,12,26.67
green,Bronx,Unknown,8,Friday,13,30.34
green,Bronx,Unknown,8,Friday,14,26.91
green,Bronx,Unknown,8,Friday,15,34.86
green,Bronx,Unknown,8,Friday,16,29.25
green,Bronx,Unknown,8,Friday,17,31.64
green,Bronx,Unknown,8,Friday,18,25.22
green,Bronx,Unknown,8,Friday,19,25.3
green,Bronx,Unknown,8,Friday,20,28.36
green,Bronx,Unknown,8,Friday,21,37.79
green,Bronx,Unknown,8,Friday,22,41.21
green,Bronx,Unknown,8,Friday,23,39.1
green,Bronx,Unknown,8,Monday,0,27.04
green,Bronx,Unknown,8,Monday,1,26.81
green,Bronx,Unknown,8,Monday,2,36.36
green,Bronx,Unknown,8,Monday,3,25.37
green,Bronx,Unknown,8,Monday,4,25.99
green,Bronx,Unknown,8,Monday,5,44.59
green,Bronx,Unknown,8,Monday,6,21.39
green,Bronx,Unknown,8,Monday,7,39.75
green,Bronx,Unknown,8,Monday,8,31.9
green,Bronx,Unknown,8,Monday,9,26.42
green,Bronx,Unknown,8,Monday,10,30.07
green,Bronx,Unknown,8,Monday,11,21.23
green,Bronx,Unknown,8,Monday,12,28.77
green,Bronx,Unknown,8,Monday,13,29.12
green,Bronx,Unknown,8,Monday,14,25.86
green,Bronx,Unknown,8,Monday,15,26.38
green,Bronx,Unknown,8,Monday,16,30
green,Bronx,Unknown,8,Monday,17,27.35
green,Bronx,Unknown,8,Monday,18,28.32
green,Bronx,Unknown,8,Monday,19,22.62
green,Bronx,Unknown,8,Monday,20,31.97
green,Bronx,Unknown,8,Monday,21,39.56
green,Bronx,Unknown,8,Monday,22,43.4
green,Bronx,Unknown,8,Monday,23,24.6
green,Bronx,Unknown,8,Saturday,0,38.27
green,Bronx,Unknown,8,Saturday,1,26.76
green,Bronx,Unknown,8,Saturday,2,28.68
green,Bronx,Unknown,8,Saturday,3,26.9
green,Bronx,Unknown,8,Saturday,4,27.65
green,Bronx,Unknown,8,Saturday,5,58.52
green,Bronx,Unknown,8,Saturday,6,35.98
green,Bronx,Unknown,8,Saturday,7,22.11
green,Bronx,Unknown,8,Saturday,8,34.79
green,Bronx,Unknown,8,Saturday,9,30.69
green,Bronx,Unknown,8,Saturday,10,22.98
green,Bronx,Unknown,8,Saturday,11,28.65
green,Bronx,Unknown,8,Saturday,12,29.46
green,Bronx,Unknown,8,Saturday,13,30.07
green,Bronx,Unknown,8,Saturday,14,26.58
green,Bronx,Unknown,8,Saturday,15,29.05
green,Bronx,Unknown,8,Saturday,16,34.94
green,Bronx,Unknown,8,Saturday,17,33.04
green,Bronx,Unknown,8,Saturday,18,22.33
green,Bronx,Unknown,8,Saturday,19,34.64
green,Bronx,Unknown,8,Saturday,20,25.62
green,Bronx,Unknown,8,Saturday,21,23.82
green,Bronx,Unknown,8,Saturday,22,26.61
green,Bronx,Unknown,8,Saturday,23,23.84
green,Bronx,Unknown,8,Sunday,0,36.09
green,Bronx,Unknown,8,Sunday,1,34.64
green,Bronx,Unknown,8,Sunday,2,31.54
green,Bronx,Unknown,8,Sunday,3,23.46
green,Bronx,Unknown,8,Sunday,4,35.47
green,Bronx,Unknown,8,Sunday,5,24.82
green,Bronx,Unknown,8,Sunday,6,23.33
green,Bronx,Unknown,8,Sunday,7,15.94
green,Bronx,Unknown,8,Sunday,8,31.29
green,Bronx,Unknown,8,Sunday,9,29.64
green,Bronx,Unknown,8,Sunday,10,29.76
green,Bronx,Unknown,8,Sunday,11,25.2
green,Bronx,Unknown,8,Sunday,12,23.29
green,Bronx,Unknown,8,Sunday,13,28.49
green,Bronx,Unknown,8,Sunday,14,28.91
green,Bronx,Unknown,8,Sunday,15,28.35
green,Bronx,Unknown,8,Sunday,16,29.51
green,Bronx,Unknown,8,Sunday,17,25.46
green,Bronx,Unknown,8,Sunday,18,32.57
green,Bronx,Unknown,8,Sunday,19,28.27
green,Bronx,Unknown,8,Sunday,20,22.08
green,Bronx,Unknown,8,Sunday,21,27
green,Bronx,Unknown,8,Sunday,22,23.18
green,Bronx,Unknown,8,Sunday,23,29.48
green,Bronx,Unknown,8,Thursday,0,23.31
green,Bronx,Unknown,8,Thursday,1,32.41
green,Bronx,Unknown,8,Thursday,2,27.66
green,Bronx,Unknown,8,Thursday,3,24.81
green,Bronx,Unknown,8,Thursday,4,8.65
green,Bronx,Unknown,8,Thursday,5,36
green,Bronx,Unknown,8,Thursday,6,43.2
green,Bronx,Unknown,8,Thursday,7,35.95
green,Bronx,Unknown,8,Thursday,8,35.67
green,Bronx,Unknown,8,Thursday,9,25.35
green,Bronx,Unknown,8,Thursday,10,25.94
green,Bronx,Unknown,8,Thursday,11,37.65
green,Bronx,Unknown,8,Thursday,12,24.38
green,Bronx,Unknown,8,Thursday,13,25.87
green,Bronx,Unknown,8,Thursday,14,27.29
green,Bronx,Unknown,8,Thursday,15,35.31
green,Bronx,Unknown,8,Thursday,16,36.52
green,Bronx,Unknown,8,Thursday,17,26.34
green,Bronx,Unknown,8,Thursday,18,30.98
green,Bronx,Unknown,8,Thursday,19,26.89
green,Bronx,Unknown,8,Thursday,20,33.71
green,Bronx,Unknown,8,Thursday,21,36.27
green,Bronx,Unknown,8,Thursday,22,48.2
green,Bronx,Unknown,8,Thursday,23,30.14
green,Bronx,Unknown,8,Tuesday,0,15.07
green,Bronx,Unknown,8,Tuesday,1,26.36
green,Bronx,Unknown,8,Tuesday,2,16.07
green,Bronx,Unknown,8,Tuesday,3,17.6
green,Bronx,Unknown,8,Tuesday,4,39.06
green,Bronx,Unknown,8,Tuesday,5,29.27
green,Bronx,Unknown,8,Tuesday,6,38.1
green,Bronx,Unknown,8,Tuesday,7,32.86
green,Bronx,Unknown,8,Tuesday,8,27.05
green,Bronx,Unknown,8,Tuesday,9,35.15
green,Bronx,Unknown,8,Tuesday,10,22.43
green,Bronx,Unknown,8,Tuesday,11,36.47
green,Bronx,Unknown,8,Tuesday,12,23.28
green,Bronx,Unknown,8,Tuesday,13,26.83
green,Bronx,Unknown,8,Tuesday,14,33.27
